<?xml version="1.0" encoding="UTF-8" standalone="yes"?>
<list  version="9.0.0" minorVersion="26" exportUser="ADMIN" exportDateTime="08/14/2019 10:49 AM" description="null"><departMentType><serviceProviderCode>PORTCHESTER</serviceProviderCode><agencyCode>ADMIN</agencyCode><bureauCode>NA</bureauCode><divisionCode>NA</divisionCode><groupCode>NA</groupCode><officeCode>NA</officeCode><sectionCode>NA</sectionCode><subgroupCode>NA</subgroupCode><auditModel><auditDate>2012-02-13T11:27:15-05:00</auditDate><auditID>ADMIN</auditID><auditStatus>A</auditStatus></auditModel><bureauModel><serviceProviderCode>PORTCHESTER</serviceProviderCode><agencyCode>ADMIN</agencyCode><bureauCode>NA</bureauCode><auditModel><auditDate>2012-02-13T11:26:14-05:00</auditDate><auditID>ADMIN</auditID><auditStatus>A</auditStatus></auditModel><bureauDescription>NA</bureauDescription><bureauI18Ns/></bureauModel><departMentTypeKey>PORTCHESTER/ADMIN/NA/NA/NA/NA/NA</departMentTypeKey><departMentTypeName>Administrator</departMentTypeName><divisionModel><serviceProviderCode>PORTCHESTER</serviceProviderCode><agencyCode>ADMIN</agencyCode><divisionCode>NA</divisionCode><auditModel><auditDate>2012-02-13T11:26:24-05:00</auditDate><auditID>ADMIN</auditID><auditStatus>A</auditStatus></auditModel><divisionDescription>NA</divisionDescription><divisnI18Ns/></divisionModel><dpttyI18Ns/><groupModel><serviceProviderCode>PORTCHESTER</serviceProviderCode><agencyCode>ADMIN</agencyCode><groupCode>NA</groupCode><auditModel><auditDate>2012-02-13T11:26:41-05:00</auditDate><auditID>ADMIN</auditID><auditStatus>A</auditStatus></auditModel><groupDescription>NA</groupDescription><wgroupI18Ns/></groupModel><officeModel><serviceProviderCode>PORTCHESTER</serviceProviderCode><agencyCode>ADMIN</agencyCode><officeCode>NA</officeCode><auditModel><auditDate>2012-02-13T11:26:49-05:00</auditDate><auditID>ADMIN</auditID><auditStatus>A</auditStatus></auditModel><officeI18Ns/><officeLocation>NA</officeLocation></officeModel><organizationAgencyModel refId="1@OrganizationAgencyModel"><serviceProviderCode>PORTCHESTER</serviceProviderCode><agencyCode>ADMIN</agencyCode><agencyI18NModels/><agencyName>Admin</agencyName><auditModel><auditDate>2012-02-13T11:26:03-05:00</auditDate><auditID>ADMIN</auditID><auditStatus>A</auditStatus></auditModel></organizationAgencyModel><sectionModel><serviceProviderCode>PORTCHESTER</serviceProviderCode><agencyCode>ADMIN</agencyCode><sectionCode>NA</sectionCode><auditModel><auditDate>2012-02-13T11:26:33-05:00</auditDate><auditID>ADMIN</auditID><auditStatus>A</auditStatus></auditModel><sectionDescription>NA</sectionDescription><wsectinI18Ns/></sectionModel></departMentType>
</list>