<?xml version="1.0" encoding="UTF-8" standalone="yes"?>
<list  version="9.0.0" minorVersion="26" exportUser="ADMIN" exportDateTime="08/14/2019 10:49 AM" description="null"><refDocument refId="1@RefDocumentModel"><docCode>BLD_NEW</docCode><docSeqNumber>252805</docSeqNumber><serviceProviderCode>PORTCHESTER</serviceProviderCode><auditModel><auditDate>2019-06-14T09:08:12-04:00</auditDate><auditID>ADMIN</auditID><auditStatus>A</auditStatus></auditModel><autoDownload>N</autoDownload><deleteRole>0110000000</deleteRole><XDocEntityTypes/><documentComment> </documentComment><refDocumentI18NModels/><documentType>Construction Drawings</documentType><documentsecurityModels/><restrictDocTypeForACA>Y</restrictDocTypeForACA><titleRestrictRole>1111110000</titleRestrictRole><uploadRole>0110000000</uploadRole><viewRole>0110000000</viewRole></refDocument>
<refDocument refId="1@RefDocumentModel"><docCode>BLD_NEW</docCode><docSeqNumber>252806</docSeqNumber><serviceProviderCode>PORTCHESTER</serviceProviderCode><auditModel><auditDate>2019-06-14T09:09:09-04:00</auditDate><auditID>ADMIN</auditID><auditStatus>A</auditStatus></auditModel><autoDownload>N</autoDownload><deleteRole>0110000000</deleteRole><XDocEntityTypes/><documentComment> </documentComment><refDocumentI18NModels/><documentType>ABR</documentType><documentsecurityModels/><restrictDocTypeForACA>Y</restrictDocTypeForACA><titleRestrictRole>1111110000</titleRestrictRole><uploadRole>0110000000</uploadRole><viewRole>0110000000</viewRole></refDocument>
<refDocument refId="1@RefDocumentModel"><docCode>BLD_NEW</docCode><docSeqNumber>252807</docSeqNumber><serviceProviderCode>PORTCHESTER</serviceProviderCode><auditModel><auditDate>2019-06-14T09:09:25-04:00</auditDate><auditID>ADMIN</auditID><auditStatus>A</auditStatus></auditModel><autoDownload>N</autoDownload><deleteRole>0110000000</deleteRole><XDocEntityTypes/><documentComment> </documentComment><refDocumentI18NModels/><documentType>Survey</documentType><documentsecurityModels/><restrictDocTypeForACA>Y</restrictDocTypeForACA><titleRestrictRole>1111110000</titleRestrictRole><uploadRole>0110000000</uploadRole><viewRole>0110000000</viewRole></refDocument>
<refDocument refId="1@RefDocumentModel"><docCode>BLD_NEW</docCode><docSeqNumber>252808</docSeqNumber><serviceProviderCode>PORTCHESTER</serviceProviderCode><auditModel><auditDate>2019-06-14T09:09:41-04:00</auditDate><auditID>ADMIN</auditID><auditStatus>A</auditStatus></auditModel><autoDownload>N</autoDownload><deleteRole>0110000000</deleteRole><XDocEntityTypes/><documentComment> </documentComment><refDocumentI18NModels/><documentType>Site Plan</documentType><documentsecurityModels/><restrictDocTypeForACA>Y</restrictDocTypeForACA><titleRestrictRole>0110000000</titleRestrictRole><uploadRole>0110000000</uploadRole><viewRole>0110000000</viewRole></refDocument>
<refDocument refId="1@RefDocumentModel"><docCode>BLD_NEW</docCode><docSeqNumber>252809</docSeqNumber><serviceProviderCode>PORTCHESTER</serviceProviderCode><auditModel><auditDate>2019-06-14T09:09:57-04:00</auditDate><auditID>ADMIN</auditID><auditStatus>A</auditStatus></auditModel><autoDownload>N</autoDownload><deleteRole>0110000000</deleteRole><XDocEntityTypes/><documentComment> </documentComment><refDocumentI18NModels/><documentType>Workers Compensation Insurance</documentType><documentsecurityModels/><restrictDocTypeForACA>Y</restrictDocTypeForACA><titleRestrictRole>0110000000</titleRestrictRole><uploadRole>0110000000</uploadRole><viewRole>0110000000</viewRole></refDocument>
<refDocument refId="1@RefDocumentModel"><docCode>BLD_NEW</docCode><docSeqNumber>252810</docSeqNumber><serviceProviderCode>PORTCHESTER</serviceProviderCode><auditModel><auditDate>2019-06-14T09:10:18-04:00</auditDate><auditID>ADMIN</auditID><auditStatus>A</auditStatus></auditModel><autoDownload>N</autoDownload><deleteRole>0110000000</deleteRole><XDocEntityTypes/><documentComment> </documentComment><refDocumentI18NModels/><documentType>Disability Insurance</documentType><documentsecurityModels/><restrictDocTypeForACA>Y</restrictDocTypeForACA><titleRestrictRole>1111110000</titleRestrictRole><uploadRole>0110000000</uploadRole><viewRole>0110000000</viewRole></refDocument>
<refDocument refId="1@RefDocumentModel"><docCode>BLD_NEW</docCode><docSeqNumber>252811</docSeqNumber><serviceProviderCode>PORTCHESTER</serviceProviderCode><auditModel><auditDate>2019-06-14T09:10:48-04:00</auditDate><auditID>ADMIN</auditID><auditStatus>A</auditStatus></auditModel><autoDownload>N</autoDownload><deleteRole>0110000000</deleteRole><XDocEntityTypes/><documentComment> </documentComment><refDocumentI18NModels/><documentType>Affidavit of Cost</documentType><documentsecurityModels/><restrictDocTypeForACA>Y</restrictDocTypeForACA><titleRestrictRole>0110000000</titleRestrictRole><uploadRole>0110000000</uploadRole><viewRole>0110000000</viewRole></refDocument>
</list>