<?xml version="1.0" encoding="UTF-8" standalone="yes"?>
<list  version="9.0.0" minorVersion="26" exportUser="ADMIN" exportDateTime="08/14/2019 10:49 AM" description="null"><refFeeSchedule refId="1@RefFeeScheduleModel"><serviceProviderCode>PORTCHESTER</serviceProviderCode><feeScheduleName>BLD_NEW</feeScheduleName><feeScheduleVersion>2019</feeScheduleVersion><auditModel><auditDate>2019-06-04T11:15:47-04:00</auditDate><auditID>ADMIN</auditID><auditStatus>A</auditStatus></auditModel><effDate>2019-01-01T00:00:00-05:00</effDate><refFeeItemModels><refFeeItem refId="2@RefFeeItemModel"><serviceProviderCode>PORTCHESTER</serviceProviderCode><feeScheduleName>BLD_NEW</feeScheduleName><feeScheduleVersion>2019</feeScheduleVersion><feeCod>BLD_FEE_02</feeCod><paymentPeriod>FINAL</paymentPeriod><acaRequiredFlag>N</acaRequiredFlag><auditModel><auditDate>2019-08-12T18:31:07-04:00</auditDate><auditID>ADMIN</auditID><auditStatus>A</auditStatus></auditModel><autoAssessFlag>N</autoAssessFlag><calProc>CONSTANT</calProc><crDr>D</crDr><defaultFlag>Y</defaultFlag><display>2</display><displayOrder>2</displayOrder><feeACAParticalPayment>N</feeACAParticalPayment><feeAllocationType>NONE</feeAllocationType><feeDecisionModel/><feeDes>$20 per $1,000 Cost of Construction. Rounded down. </feeDes><refFeeItemI18NModels/><formula>20</formula><negativeFeeFlag>N</negativeFeeFlag><netFeeFlag>N</netFeeFlag><refFeeCalcModels/><refPaymentPeriodModel refId="3@RefPaymentPeriodModel"><gfFeePeriod>FINAL</gfFeePeriod><serviceProviderCode>PORTCHESTER</serviceProviderCode><auditModel><auditDate>2007-07-19T08:22:35-04:00</auditDate><auditID>ADMIN</auditID><auditStatus>A</auditStatus></auditModel><displayOrder>10</displayOrder><refPaymentPeriodI18NModels/><resId>136</resId></refPaymentPeriodModel><roundFeeFlag>N</roundFeeFlag><roundFeeType>UP</roundFeeType><udes>Enter 1</udes><unitDescModel refId="4@StandardChoiceModel"><name>UNIT DESC</name><serviceProviderCode>PORTCHESTER</serviceProviderCode><auditModel><auditDate>2014-09-07T22:55:09-04:00</auditDate><auditID>ADMIN</auditID><auditStatus>A</auditStatus></auditModel><description>This Standard Choice defines the fee item units available when adding a new fee.   #FeesPayments</description><standardChoiceValueModels><standardChoiceValue refId="5@StandardChoiceValueModel"><sequenceNBR>105210300</sequenceNBR><serviceProviderCode>PORTCHESTER</serviceProviderCode><auditModel><auditDate>2015-10-29T06:03:00-04:00</auditDate><auditID>ADMIN</auditID><auditStatus>A</auditStatus></auditModel><standardChoiceName>UNIT DESC</standardChoiceName><standardChoiceValueI18NModels/><value>AMT</value></standardChoiceValue><standardChoiceValue refId="6@StandardChoiceValueModel"><sequenceNBR>104598456</sequenceNBR><serviceProviderCode>PORTCHESTER</serviceProviderCode><auditModel><auditDate>2014-09-08T12:55:09-04:00</auditDate><auditID>ADMIN</auditID><auditStatus>A</auditStatus></auditModel><standardChoiceName>UNIT DESC</standardChoiceName><standardChoiceValueI18NModels/><value>Days</value></standardChoiceValue><standardChoiceValue refId="7@StandardChoiceValueModel"><sequenceNBR>104598457</sequenceNBR><serviceProviderCode>PORTCHESTER</serviceProviderCode><auditModel><auditDate>2014-09-08T12:55:22-04:00</auditDate><auditID>ADMIN</auditID><auditStatus>A</auditStatus></auditModel><standardChoiceName>UNIT DESC</standardChoiceName><standardChoiceValueI18NModels/><value>Dollar Amt</value></standardChoiceValue><standardChoiceValue refId="8@StandardChoiceValueModel"><sequenceNBR>104598458</sequenceNBR><serviceProviderCode>PORTCHESTER</serviceProviderCode><auditModel><auditDate>2014-09-08T12:55:32-04:00</auditDate><auditID>ADMIN</auditID><auditStatus>A</auditStatus></auditModel><standardChoiceName>UNIT DESC</standardChoiceName><standardChoiceValueI18NModels/><value>Each</value></standardChoiceValue><standardChoiceValue refId="9@StandardChoiceValueModel"><sequenceNBR>104598459</sequenceNBR><serviceProviderCode>PORTCHESTER</serviceProviderCode><auditModel><auditDate>2014-09-08T12:55:43-04:00</auditDate><auditID>ADMIN</auditID><auditStatus>A</auditStatus></auditModel><standardChoiceName>UNIT DESC</standardChoiceName><standardChoiceValueI18NModels/><value>Enter 1</value></standardChoiceValue><standardChoiceValue refId="10@StandardChoiceValueModel"><sequenceNBR>104598460</sequenceNBR><serviceProviderCode>PORTCHESTER</serviceProviderCode><auditModel><auditDate>2014-09-08T12:55:53-04:00</auditDate><auditID>ADMIN</auditID><auditStatus>A</auditStatus></auditModel><standardChoiceName>UNIT DESC</standardChoiceName><standardChoiceValueI18NModels/><value>Persons</value></standardChoiceValue></standardChoiceValueModels><type>SystemSwitch</type><valueSize>0</valueSize></unitDescModel></refFeeItem><refFeeItem refId="11@RefFeeItemModel"><serviceProviderCode>PORTCHESTER</serviceProviderCode><feeScheduleName>BLD_NEW</feeScheduleName><feeScheduleVersion>2019</feeScheduleVersion><feeCod>BLD_FEE_01</feeCod><paymentPeriod>FINAL</paymentPeriod><acaRequiredFlag>N</acaRequiredFlag><auditModel><auditDate>2019-08-12T17:23:20-04:00</auditDate><auditID>ADMIN</auditID><auditStatus>A</auditStatus></auditModel><autoAssessFlag>N</autoAssessFlag><calProc>CONSTANT</calProc><comments>New Construction: Building Code Use Classification </comments><crDr>D</crDr><defaultFlag>Y</defaultFlag><display>1</display><displayOrder>1</displayOrder><feeACAParticalPayment>N</feeACAParticalPayment><feeAllocationType>NONE</feeAllocationType><feeDecisionModel/><feeDes>New Construction: Building Code Use Classification </feeDes><refFeeItemI18NModels/><formula>1</formula><negativeFeeFlag>N</negativeFeeFlag><netFeeFlag>N</netFeeFlag><refFeeCalcModels/><refPaymentPeriodModel refFlag="Y" refId="3@RefPaymentPeriodModel"/><roundFeeFlag>N</roundFeeFlag><roundFeeType>UP</roundFeeType><udes>Each</udes><unitDescModel refFlag="Y" refId="4@StandardChoiceModel"/></refFeeItem><refFeeItem refId="12@RefFeeItemModel"><serviceProviderCode>PORTCHESTER</serviceProviderCode><feeScheduleName>BLD_NEW</feeScheduleName><feeScheduleVersion>2019</feeScheduleVersion><feeCod>BLD_NEW_01</feeCod><paymentPeriod>FINAL</paymentPeriod><acaRequiredFlag>N</acaRequiredFlag><auditModel><auditDate>2019-08-12T17:23:32-04:00</auditDate><auditID>ADMIN</auditID><auditStatus>D</auditStatus></auditModel><autoAssessFlag>N</autoAssessFlag><calProc>CONSTANT</calProc><comments>This is a 10$ fee to apply</comments><crDr>D</crDr><defaultFlag>R</defaultFlag><defaultValue>0.0</defaultValue><feeACAParticalPayment>N</feeACAParticalPayment><feeAllocationType>NONE</feeAllocationType><feeDecisionModel/><feeDes>Application Fee</feeDes><refFeeItemI18NModels/><formula>10</formula><negativeFeeFlag>N</negativeFeeFlag><netFeeFlag>N</netFeeFlag><refFeeCalcModels/><refPaymentPeriodModel refFlag="Y" refId="3@RefPaymentPeriodModel"/><roundFeeFlag>N</roundFeeFlag><roundFeeType>UP</roundFeeType><udes>Enter 1</udes><unitDescModel refFlag="Y" refId="4@StandardChoiceModel"/></refFeeItem><refFeeItem refId="13@RefFeeItemModel"><serviceProviderCode>PORTCHESTER</serviceProviderCode><feeScheduleName>BLD_NEW</feeScheduleName><feeScheduleVersion>2019</feeScheduleVersion><feeCod>BLD_PLUMB_08</feeCod><paymentPeriod>FINAL</paymentPeriod><acaRequiredFlag>N</acaRequiredFlag><auditModel><auditDate>2019-08-14T09:23:01-04:00</auditDate><auditID>ADMIN</auditID><auditStatus>A</auditStatus></auditModel><autoAssessFlag>N</autoAssessFlag><calProc>CONSTANT</calProc><comments>50$ per each</comments><crDr>D</crDr><defaultFlag>Y</defaultFlag><display>90</display><displayOrder>90</displayOrder><feeACAParticalPayment>N</feeACAParticalPayment><feeAllocationType>NONE</feeAllocationType><feeDecisionModel/><feeDes>Sewer Tap Residential</feeDes><refFeeItemI18NModels/><formula>50</formula><negativeFeeFlag>N</negativeFeeFlag><netFeeFlag>N</netFeeFlag><refFeeCalcModels/><refPaymentPeriodModel refFlag="Y" refId="3@RefPaymentPeriodModel"/><roundFeeFlag>N</roundFeeFlag><roundFeeType>UP</roundFeeType><udes>Each</udes><unitDescModel refFlag="Y" refId="4@StandardChoiceModel"/></refFeeItem><refFeeItem refId="14@RefFeeItemModel"><serviceProviderCode>PORTCHESTER</serviceProviderCode><feeScheduleName>BLD_NEW</feeScheduleName><feeScheduleVersion>2019</feeScheduleVersion><feeCod>BLD_PLUMB_09</feeCod><paymentPeriod>FINAL</paymentPeriod><acaRequiredFlag>N</acaRequiredFlag><auditModel><auditDate>2019-08-14T09:23:30-04:00</auditDate><auditID>ADMIN</auditID><auditStatus>A</auditStatus></auditModel><autoAssessFlag>N</autoAssessFlag><calProc>CONSTANT</calProc><comments>50$ per each</comments><crDr>D</crDr><defaultFlag>Y</defaultFlag><display>100</display><displayOrder>100</displayOrder><feeACAParticalPayment>N</feeACAParticalPayment><feeAllocationType>NONE</feeAllocationType><feeDecisionModel/><feeDes>Sewer Ejector</feeDes><refFeeItemI18NModels/><formula>50</formula><negativeFeeFlag>N</negativeFeeFlag><netFeeFlag>N</netFeeFlag><refFeeCalcModels/><refPaymentPeriodModel refFlag="Y" refId="3@RefPaymentPeriodModel"/><roundFeeFlag>N</roundFeeFlag><roundFeeType>UP</roundFeeType><udes>Each</udes><unitDescModel refFlag="Y" refId="4@StandardChoiceModel"/></refFeeItem><refFeeItem refId="15@RefFeeItemModel"><serviceProviderCode>PORTCHESTER</serviceProviderCode><feeScheduleName>BLD_NEW</feeScheduleName><feeScheduleVersion>2019</feeScheduleVersion><feeCod>BLD_PLUMB_10</feeCod><paymentPeriod>FINAL</paymentPeriod><acaRequiredFlag>N</acaRequiredFlag><auditModel><auditDate>2019-08-14T09:24:02-04:00</auditDate><auditID>ADMIN</auditID><auditStatus>A</auditStatus></auditModel><autoAssessFlag>N</autoAssessFlag><calProc>CONSTANT</calProc><comments>30$ per each</comments><crDr>D</crDr><defaultFlag>Y</defaultFlag><display>110</display><displayOrder>110</displayOrder><feeACAParticalPayment>N</feeACAParticalPayment><feeAllocationType>NONE</feeAllocationType><feeDecisionModel/><feeDes>Water Softener</feeDes><refFeeItemI18NModels/><formula>30</formula><negativeFeeFlag>N</negativeFeeFlag><netFeeFlag>N</netFeeFlag><refFeeCalcModels/><refPaymentPeriodModel refFlag="Y" refId="3@RefPaymentPeriodModel"/><roundFeeFlag>N</roundFeeFlag><roundFeeType>UP</roundFeeType><udes>Each</udes><unitDescModel refFlag="Y" refId="4@StandardChoiceModel"/></refFeeItem><refFeeItem refId="16@RefFeeItemModel"><serviceProviderCode>PORTCHESTER</serviceProviderCode><feeScheduleName>BLD_NEW</feeScheduleName><feeScheduleVersion>2019</feeScheduleVersion><feeCod>BLD_PLUMB_11</feeCod><paymentPeriod>FINAL</paymentPeriod><acaRequiredFlag>N</acaRequiredFlag><auditModel><auditDate>2019-08-14T09:24:26-04:00</auditDate><auditID>ADMIN</auditID><auditStatus>A</auditStatus></auditModel><autoAssessFlag>N</autoAssessFlag><calProc>CONSTANT</calProc><comments>30$ per each</comments><crDr>D</crDr><defaultFlag>Y</defaultFlag><display>120</display><displayOrder>120</displayOrder><feeACAParticalPayment>N</feeACAParticalPayment><feeAllocationType>NONE</feeAllocationType><feeDecisionModel/><feeDes>Boiler &amp; Water Heater</feeDes><refFeeItemI18NModels/><formula>30</formula><negativeFeeFlag>N</negativeFeeFlag><netFeeFlag>N</netFeeFlag><refFeeCalcModels/><refPaymentPeriodModel refFlag="Y" refId="3@RefPaymentPeriodModel"/><roundFeeFlag>N</roundFeeFlag><roundFeeType>UP</roundFeeType><udes>Each</udes><unitDescModel refFlag="Y" refId="4@StandardChoiceModel"/></refFeeItem><refFeeItem refId="17@RefFeeItemModel"><serviceProviderCode>PORTCHESTER</serviceProviderCode><feeScheduleName>BLD_NEW</feeScheduleName><feeScheduleVersion>2019</feeScheduleVersion><feeCod>BLD_PLUMB_12</feeCod><paymentPeriod>FINAL</paymentPeriod><acaRequiredFlag>N</acaRequiredFlag><auditModel><auditDate>2019-08-14T09:24:49-04:00</auditDate><auditID>ADMIN</auditID><auditStatus>A</auditStatus></auditModel><autoAssessFlag>N</autoAssessFlag><calProc>CONSTANT</calProc><comments>20$ per each</comments><crDr>D</crDr><defaultFlag>Y</defaultFlag><display>130</display><displayOrder>130</displayOrder><feeACAParticalPayment>N</feeACAParticalPayment><feeAllocationType>NONE</feeAllocationType><feeDecisionModel/><feeDes>Gas Appliances</feeDes><refFeeItemI18NModels/><formula>20</formula><negativeFeeFlag>N</negativeFeeFlag><netFeeFlag>N</netFeeFlag><refFeeCalcModels/><refPaymentPeriodModel refFlag="Y" refId="3@RefPaymentPeriodModel"/><roundFeeFlag>N</roundFeeFlag><roundFeeType>UP</roundFeeType><udes>Each</udes><unitDescModel refFlag="Y" refId="4@StandardChoiceModel"/></refFeeItem><refFeeItem refId="18@RefFeeItemModel"><serviceProviderCode>PORTCHESTER</serviceProviderCode><feeScheduleName>BLD_NEW</feeScheduleName><feeScheduleVersion>2019</feeScheduleVersion><feeCod>BLD_PLUMB_13</feeCod><paymentPeriod>FINAL</paymentPeriod><acaRequiredFlag>N</acaRequiredFlag><auditModel><auditDate>2019-08-14T09:25:14-04:00</auditDate><auditID>ADMIN</auditID><auditStatus>A</auditStatus></auditModel><autoAssessFlag>N</autoAssessFlag><calProc>CONSTANT</calProc><comments>50$ per each</comments><crDr>D</crDr><defaultFlag>Y</defaultFlag><display>140</display><displayOrder>140</displayOrder><feeACAParticalPayment>N</feeACAParticalPayment><feeAllocationType>NONE</feeAllocationType><feeDecisionModel/><feeDes>Gas Meters</feeDes><refFeeItemI18NModels/><formula>50</formula><negativeFeeFlag>N</negativeFeeFlag><netFeeFlag>N</netFeeFlag><refFeeCalcModels/><refPaymentPeriodModel refFlag="Y" refId="3@RefPaymentPeriodModel"/><roundFeeFlag>N</roundFeeFlag><roundFeeType>UP</roundFeeType><udes>Each</udes><unitDescModel refFlag="Y" refId="4@StandardChoiceModel"/></refFeeItem><refFeeItem refId="19@RefFeeItemModel"><serviceProviderCode>PORTCHESTER</serviceProviderCode><feeScheduleName>BLD_NEW</feeScheduleName><feeScheduleVersion>2019</feeScheduleVersion><feeCod>BLD_PLUMB_14</feeCod><paymentPeriod>FINAL</paymentPeriod><acaRequiredFlag>N</acaRequiredFlag><auditModel><auditDate>2019-08-14T09:25:45-04:00</auditDate><auditID>ADMIN</auditID><auditStatus>A</auditStatus></auditModel><autoAssessFlag>N</autoAssessFlag><calProc>CONSTANT</calProc><comments>1$ per feet</comments><crDr>D</crDr><defaultFlag>Y</defaultFlag><display>150</display><displayOrder>150</displayOrder><feeACAParticalPayment>N</feeACAParticalPayment><feeAllocationType>NONE</feeAllocationType><feeDecisionModel/><feeDes>Gas Piping</feeDes><refFeeItemI18NModels/><formula>1</formula><negativeFeeFlag>N</negativeFeeFlag><netFeeFlag>N</netFeeFlag><refFeeCalcModels/><refPaymentPeriodModel refFlag="Y" refId="3@RefPaymentPeriodModel"/><roundFeeFlag>N</roundFeeFlag><roundFeeType>UP</roundFeeType><udes>Each</udes><unitDescModel refFlag="Y" refId="4@StandardChoiceModel"/></refFeeItem><refFeeItem refId="20@RefFeeItemModel"><serviceProviderCode>PORTCHESTER</serviceProviderCode><feeScheduleName>BLD_NEW</feeScheduleName><feeScheduleVersion>2019</feeScheduleVersion><feeCod>BLD_PLUMB_15</feeCod><paymentPeriod>FINAL</paymentPeriod><acaRequiredFlag>N</acaRequiredFlag><auditModel><auditDate>2019-08-14T09:26:16-04:00</auditDate><auditID>ADMIN</auditID><auditStatus>A</auditStatus></auditModel><autoAssessFlag>N</autoAssessFlag><calProc>CONSTANT</calProc><comments>75$ per each</comments><crDr>D</crDr><defaultFlag>Y</defaultFlag><display>160</display><displayOrder>160</displayOrder><feeACAParticalPayment>N</feeACAParticalPayment><feeAllocationType>NONE</feeAllocationType><feeDecisionModel/><feeDes>Gas Pressure Test Observation by Metered System</feeDes><refFeeItemI18NModels/><formula>75</formula><negativeFeeFlag>N</negativeFeeFlag><netFeeFlag>N</netFeeFlag><refFeeCalcModels/><refPaymentPeriodModel refFlag="Y" refId="3@RefPaymentPeriodModel"/><roundFeeFlag>N</roundFeeFlag><roundFeeType>UP</roundFeeType><udes>Each</udes><unitDescModel refFlag="Y" refId="4@StandardChoiceModel"/></refFeeItem><refFeeItem refId="21@RefFeeItemModel"><serviceProviderCode>PORTCHESTER</serviceProviderCode><feeScheduleName>BLD_NEW</feeScheduleName><feeScheduleVersion>2019</feeScheduleVersion><feeCod>BLD_PLUMB_01</feeCod><paymentPeriod>FINAL</paymentPeriod><acaRequiredFlag>N</acaRequiredFlag><auditModel><auditDate>2019-08-14T09:19:06-04:00</auditDate><auditID>ADMIN</auditID><auditStatus>A</auditStatus></auditModel><autoAssessFlag>N</autoAssessFlag><calProc>CONSTANT</calProc><crDr>D</crDr><defaultFlag>Y</defaultFlag><display>10</display><displayOrder>10</displayOrder><feeACAParticalPayment>N</feeACAParticalPayment><feeAllocationType>NONE</feeAllocationType><feeDecisionModel/><feeDes>Plumbing Fixtures/Drains/Taps</feeDes><refFeeItemI18NModels/><formula>20</formula><negativeFeeFlag>N</negativeFeeFlag><netFeeFlag>N</netFeeFlag><quantity>1.0</quantity><refFeeCalcModels/><refPaymentPeriodModel refFlag="Y" refId="3@RefPaymentPeriodModel"/><roundFeeFlag>N</roundFeeFlag><roundFeeType>UP</roundFeeType><udes>Each</udes><unitDescModel refFlag="Y" refId="4@StandardChoiceModel"/></refFeeItem><refFeeItem refId="22@RefFeeItemModel"><serviceProviderCode>PORTCHESTER</serviceProviderCode><feeScheduleName>BLD_NEW</feeScheduleName><feeScheduleVersion>2019</feeScheduleVersion><feeCod>BLD_PLUMB_02</feeCod><paymentPeriod>FINAL</paymentPeriod><acaRequiredFlag>N</acaRequiredFlag><auditModel><auditDate>2019-08-14T09:19:43-04:00</auditDate><auditID>ADMIN</auditID><auditStatus>A</auditStatus></auditModel><autoAssessFlag>N</autoAssessFlag><calProc>CONSTANT</calProc><comments>50$ per each</comments><crDr>D</crDr><defaultFlag>Y</defaultFlag><display>20</display><displayOrder>20</displayOrder><feeACAParticalPayment>N</feeACAParticalPayment><feeAllocationType>NONE</feeAllocationType><feeDecisionModel/><feeDes>Back Flow Preventer</feeDes><refFeeItemI18NModels/><formula>50</formula><negativeFeeFlag>N</negativeFeeFlag><netFeeFlag>N</netFeeFlag><refFeeCalcModels/><refPaymentPeriodModel refFlag="Y" refId="3@RefPaymentPeriodModel"/><roundFeeFlag>N</roundFeeFlag><roundFeeType>UP</roundFeeType><udes>Each</udes><unitDescModel refFlag="Y" refId="4@StandardChoiceModel"/></refFeeItem><refFeeItem refId="23@RefFeeItemModel"><serviceProviderCode>PORTCHESTER</serviceProviderCode><feeScheduleName>BLD_NEW</feeScheduleName><feeScheduleVersion>2019</feeScheduleVersion><feeCod>BLD_PLUMB_03</feeCod><paymentPeriod>FINAL</paymentPeriod><acaRequiredFlag>N</acaRequiredFlag><auditModel><auditDate>2019-08-14T09:20:15-04:00</auditDate><auditID>ADMIN</auditID><auditStatus>A</auditStatus></auditModel><autoAssessFlag>N</autoAssessFlag><calProc>CONSTANT</calProc><comments>1$ per each</comments><crDr>D</crDr><defaultFlag>Y</defaultFlag><display>30</display><displayOrder>30</displayOrder><feeACAParticalPayment>N</feeACAParticalPayment><feeAllocationType>NONE</feeAllocationType><feeDecisionModel/><feeDes>Stormwater System Drain Interior</feeDes><refFeeItemI18NModels/><formula>1</formula><negativeFeeFlag>N</negativeFeeFlag><netFeeFlag>N</netFeeFlag><refFeeCalcModels/><refPaymentPeriodModel refFlag="Y" refId="3@RefPaymentPeriodModel"/><roundFeeFlag>N</roundFeeFlag><roundFeeType>UP</roundFeeType><udes>Each</udes><unitDescModel refFlag="Y" refId="4@StandardChoiceModel"/></refFeeItem><refFeeItem refId="24@RefFeeItemModel"><serviceProviderCode>PORTCHESTER</serviceProviderCode><feeScheduleName>BLD_NEW</feeScheduleName><feeScheduleVersion>2019</feeScheduleVersion><feeCod>BLD_PLUMB_04</feeCod><paymentPeriod>FINAL</paymentPeriod><acaRequiredFlag>N</acaRequiredFlag><auditModel><auditDate>2019-08-14T09:21:07-04:00</auditDate><auditID>ADMIN</auditID><auditStatus>A</auditStatus></auditModel><autoAssessFlag>N</autoAssessFlag><calProc>CONSTANT</calProc><comments>50$ per each</comments><crDr>D</crDr><defaultFlag>Y</defaultFlag><display>50</display><displayOrder>50</displayOrder><feeACAParticalPayment>N</feeACAParticalPayment><feeAllocationType>NONE</feeAllocationType><feeDecisionModel/><feeDes>Ground Water Basement Sump Pump </feeDes><refFeeItemI18NModels/><formula>50</formula><negativeFeeFlag>N</negativeFeeFlag><netFeeFlag>N</netFeeFlag><refFeeCalcModels/><refPaymentPeriodModel refFlag="Y" refId="3@RefPaymentPeriodModel"/><roundFeeFlag>N</roundFeeFlag><roundFeeType>UP</roundFeeType><udes>Each</udes><unitDescModel refFlag="Y" refId="4@StandardChoiceModel"/></refFeeItem><refFeeItem refId="25@RefFeeItemModel"><serviceProviderCode>PORTCHESTER</serviceProviderCode><feeScheduleName>BLD_NEW</feeScheduleName><feeScheduleVersion>2019</feeScheduleVersion><feeCod>BLD_PLUMB_05</feeCod><paymentPeriod>FINAL</paymentPeriod><acaRequiredFlag>N</acaRequiredFlag><auditModel><auditDate>2019-08-14T09:21:36-04:00</auditDate><auditID>ADMIN</auditID><auditStatus>A</auditStatus></auditModel><autoAssessFlag>N</autoAssessFlag><calProc>CONSTANT</calProc><comments>100$ per each</comments><crDr>D</crDr><defaultFlag>Y</defaultFlag><display>60</display><displayOrder>60</displayOrder><feeACAParticalPayment>N</feeACAParticalPayment><feeAllocationType>NONE</feeAllocationType><feeDecisionModel/><feeDes>Building Sewer/Water: Under 100 Feet</feeDes><refFeeItemI18NModels/><formula>100</formula><negativeFeeFlag>N</negativeFeeFlag><netFeeFlag>N</netFeeFlag><refFeeCalcModels/><refPaymentPeriodModel refFlag="Y" refId="3@RefPaymentPeriodModel"/><roundFeeFlag>N</roundFeeFlag><roundFeeType>UP</roundFeeType><udes>Each</udes><unitDescModel refFlag="Y" refId="4@StandardChoiceModel"/></refFeeItem><refFeeItem refId="26@RefFeeItemModel"><serviceProviderCode>PORTCHESTER</serviceProviderCode><feeScheduleName>BLD_NEW</feeScheduleName><feeScheduleVersion>2019</feeScheduleVersion><feeCod>BLD_PLUMB_06</feeCod><paymentPeriod>FINAL</paymentPeriod><acaRequiredFlag>N</acaRequiredFlag><auditModel><auditDate>2019-08-14T09:22:02-04:00</auditDate><auditID>ADMIN</auditID><auditStatus>A</auditStatus></auditModel><autoAssessFlag>N</autoAssessFlag><calProc>CONSTANT</calProc><comments>200$ per each</comments><crDr>D</crDr><defaultFlag>Y</defaultFlag><display>70</display><displayOrder>70</displayOrder><feeACAParticalPayment>N</feeACAParticalPayment><feeAllocationType>NONE</feeAllocationType><feeDecisionModel/><feeDes>Building Sewer/Water: Over 100 Feet</feeDes><refFeeItemI18NModels/><formula>200</formula><negativeFeeFlag>N</negativeFeeFlag><netFeeFlag>N</netFeeFlag><refFeeCalcModels/><refPaymentPeriodModel refFlag="Y" refId="3@RefPaymentPeriodModel"/><roundFeeFlag>N</roundFeeFlag><roundFeeType>UP</roundFeeType><udes>Each</udes><unitDescModel refFlag="Y" refId="4@StandardChoiceModel"/></refFeeItem><refFeeItem refId="27@RefFeeItemModel"><serviceProviderCode>PORTCHESTER</serviceProviderCode><feeScheduleName>BLD_NEW</feeScheduleName><feeScheduleVersion>2019</feeScheduleVersion><feeCod>BLD_PLUMB_07</feeCod><paymentPeriod>FINAL</paymentPeriod><acaRequiredFlag>N</acaRequiredFlag><auditModel><auditDate>2019-08-14T09:22:37-04:00</auditDate><auditID>ADMIN</auditID><auditStatus>A</auditStatus></auditModel><autoAssessFlag>N</autoAssessFlag><calProc>CONSTANT</calProc><comments>100$ per each</comments><crDr>D</crDr><defaultFlag>Y</defaultFlag><display>80</display><displayOrder>80</displayOrder><feeACAParticalPayment>N</feeACAParticalPayment><feeAllocationType>NONE</feeAllocationType><feeDecisionModel/><feeDes>Sewer Tap Commercial</feeDes><refFeeItemI18NModels/><formula>100</formula><negativeFeeFlag>N</negativeFeeFlag><netFeeFlag>N</netFeeFlag><refFeeCalcModels/><refPaymentPeriodModel refFlag="Y" refId="3@RefPaymentPeriodModel"/><roundFeeFlag>N</roundFeeFlag><roundFeeType>UP</roundFeeType><udes>Each</udes><unitDescModel refFlag="Y" refId="4@StandardChoiceModel"/></refFeeItem></refFeeItemModels><refFeeScheduleI18NModels/><feeScheduleModuleModels/><refFeeItemgroups/></refFeeSchedule>
</list>