<?xml version="1.0" encoding="UTF-8" standalone="yes"?>
<list  version="9.0.0" minorVersion="26" exportUser="ADMIN" exportDateTime="08/14/2019 10:49 AM" description="null"><sharedDropDownListModel><name>BLD_CODE_USE</name><serviceProviderCode>PORTCHESTER</serviceProviderCode><auditModel><auditDate>2019-06-19T10:18:47-04:00</auditDate><auditID>ADMIN</auditID><auditStatus>A</auditStatus></auditModel><description>Use and Occupancy Classification&#xD;
Below is information regarding the classification of building and&#xD;
structure, or portions, thereof by group.</description><sharedDropDownList><sharedDropDownValue><bdvSeqNbr>105623641</bdvSeqNbr><servProvCode>PORTCHESTER</servProvCode><auditModel><auditDate>2019-06-19T10:18:47-04:00</auditDate><auditID>ADMIN</auditID><auditStatus>A</auditStatus></auditModel><bizdomain>BLD_CODE_USE</bizdomain><bizdomainValue>A-1</bizdomainValue><standardChoiceValueI18NModels/><valueDesc>Assembly Preforming Arts or Motion Pictires</valueDesc></sharedDropDownValue><sharedDropDownValue><bdvSeqNbr>105623642</bdvSeqNbr><servProvCode>PORTCHESTER</servProvCode><auditModel><auditDate>2019-06-19T10:18:47-04:00</auditDate><auditID>ADMIN</auditID><auditStatus>A</auditStatus></auditModel><bizdomain>BLD_CODE_USE</bizdomain><bizdomainValue>A-2</bizdomainValue><standardChoiceValueI18NModels/><valueDesc>Assembly Food and/or Drink Consumption</valueDesc></sharedDropDownValue><sharedDropDownValue><bdvSeqNbr>105623643</bdvSeqNbr><servProvCode>PORTCHESTER</servProvCode><auditModel><auditDate>2019-06-19T10:18:47-04:00</auditDate><auditID>ADMIN</auditID><auditStatus>A</auditStatus></auditModel><bizdomain>BLD_CODE_USE</bizdomain><bizdomainValue>A-3</bizdomainValue><standardChoiceValueI18NModels/><valueDesc>Assembly Worship, Recreation or Amusement</valueDesc></sharedDropDownValue><sharedDropDownValue><bdvSeqNbr>105623674</bdvSeqNbr><servProvCode>PORTCHESTER</servProvCode><auditModel><auditDate>2019-06-19T10:18:47-04:00</auditDate><auditID>ADMIN</auditID><auditStatus>A</auditStatus></auditModel><bizdomain>BLD_CODE_USE</bizdomain><bizdomainValue>A-4</bizdomainValue><standardChoiceValueI18NModels/><valueDesc>Assembly Indoor Sporting</valueDesc></sharedDropDownValue><sharedDropDownValue><bdvSeqNbr>105623675</bdvSeqNbr><servProvCode>PORTCHESTER</servProvCode><auditModel><auditDate>2019-06-19T10:18:47-04:00</auditDate><auditID>ADMIN</auditID><auditStatus>A</auditStatus></auditModel><bizdomain>BLD_CODE_USE</bizdomain><bizdomainValue>A-5</bizdomainValue><standardChoiceValueI18NModels/><valueDesc>Assembly Outdoor Activites</valueDesc></sharedDropDownValue><sharedDropDownValue><bdvSeqNbr>105623676</bdvSeqNbr><servProvCode>PORTCHESTER</servProvCode><auditModel><auditDate>2019-06-19T10:18:47-04:00</auditDate><auditID>ADMIN</auditID><auditStatus>A</auditStatus></auditModel><bizdomain>BLD_CODE_USE</bizdomain><bizdomainValue>B</bizdomainValue><standardChoiceValueI18NModels/><valueDesc>Business</valueDesc></sharedDropDownValue><sharedDropDownValue><bdvSeqNbr>105623677</bdvSeqNbr><servProvCode>PORTCHESTER</servProvCode><auditModel><auditDate>2019-06-19T10:18:47-04:00</auditDate><auditID>ADMIN</auditID><auditStatus>A</auditStatus></auditModel><bizdomain>BLD_CODE_USE</bizdomain><bizdomainValue>E</bizdomainValue><standardChoiceValueI18NModels/><valueDesc>Educational</valueDesc></sharedDropDownValue><sharedDropDownValue><bdvSeqNbr>105623678</bdvSeqNbr><servProvCode>PORTCHESTER</servProvCode><auditModel><auditDate>2019-06-19T10:18:47-04:00</auditDate><auditID>ADMIN</auditID><auditStatus>A</auditStatus></auditModel><bizdomain>BLD_CODE_USE</bizdomain><bizdomainValue>F-1</bizdomainValue><standardChoiceValueI18NModels/><valueDesc>Factory Industrial moderate-hazard</valueDesc></sharedDropDownValue><sharedDropDownValue><bdvSeqNbr>105623679</bdvSeqNbr><servProvCode>PORTCHESTER</servProvCode><auditModel><auditDate>2019-06-19T10:18:47-04:00</auditDate><auditID>ADMIN</auditID><auditStatus>A</auditStatus></auditModel><bizdomain>BLD_CODE_USE</bizdomain><bizdomainValue>F-2</bizdomainValue><standardChoiceValueI18NModels/><valueDesc>Factory Industrial low-hazard</valueDesc></sharedDropDownValue><sharedDropDownValue><bdvSeqNbr>105623680</bdvSeqNbr><servProvCode>PORTCHESTER</servProvCode><auditModel><auditDate>2019-06-19T10:18:47-04:00</auditDate><auditID>ADMIN</auditID><auditStatus>A</auditStatus></auditModel><bizdomain>BLD_CODE_USE</bizdomain><bizdomainValue>H-1</bizdomainValue><standardChoiceValueI18NModels/><valueDesc>High-hazard detonation</valueDesc></sharedDropDownValue><sharedDropDownValue><bdvSeqNbr>105623681</bdvSeqNbr><servProvCode>PORTCHESTER</servProvCode><auditModel><auditDate>2019-06-19T10:18:47-04:00</auditDate><auditID>ADMIN</auditID><auditStatus>A</auditStatus></auditModel><bizdomain>BLD_CODE_USE</bizdomain><bizdomainValue>H-2</bizdomainValue><standardChoiceValueI18NModels/><valueDesc>High-hazard deflagration or accelerated burning</valueDesc></sharedDropDownValue><sharedDropDownValue><bdvSeqNbr>105623682</bdvSeqNbr><servProvCode>PORTCHESTER</servProvCode><auditModel><auditDate>2019-06-19T10:18:47-04:00</auditDate><auditID>ADMIN</auditID><auditStatus>A</auditStatus></auditModel><bizdomain>BLD_CODE_USE</bizdomain><bizdomainValue>H-3</bizdomainValue><standardChoiceValueI18NModels/><valueDesc>High-hazard combustion or physica</valueDesc></sharedDropDownValue><sharedDropDownValue><bdvSeqNbr>105623683</bdvSeqNbr><servProvCode>PORTCHESTER</servProvCode><auditModel><auditDate>2019-06-19T10:18:47-04:00</auditDate><auditID>ADMIN</auditID><auditStatus>A</auditStatus></auditModel><bizdomain>BLD_CODE_USE</bizdomain><bizdomainValue>H-4</bizdomainValue><standardChoiceValueI18NModels/><valueDesc>High-hazard health</valueDesc></sharedDropDownValue><sharedDropDownValue><bdvSeqNbr>105623684</bdvSeqNbr><servProvCode>PORTCHESTER</servProvCode><auditModel><auditDate>2019-06-19T10:18:47-04:00</auditDate><auditID>ADMIN</auditID><auditStatus>A</auditStatus></auditModel><bizdomain>BLD_CODE_USE</bizdomain><bizdomainValue>H-5</bizdomainValue><standardChoiceValueI18NModels/><valueDesc>High-hazard semiconductor, research and development</valueDesc></sharedDropDownValue><sharedDropDownValue><bdvSeqNbr>105623685</bdvSeqNbr><servProvCode>PORTCHESTER</servProvCode><auditModel><auditDate>2019-06-19T10:18:47-04:00</auditDate><auditID>ADMIN</auditID><auditStatus>A</auditStatus></auditModel><bizdomain>BLD_CODE_USE</bizdomain><bizdomainValue>I-1</bizdomainValue><standardChoiceValueI18NModels/><valueDesc>Institutional personal care services</valueDesc></sharedDropDownValue><sharedDropDownValue><bdvSeqNbr>105623686</bdvSeqNbr><servProvCode>PORTCHESTER</servProvCode><auditModel><auditDate>2019-06-19T10:18:47-04:00</auditDate><auditID>ADMIN</auditID><auditStatus>A</auditStatus></auditModel><bizdomain>BLD_CODE_USE</bizdomain><bizdomainValue>I-2</bizdomainValue><standardChoiceValueI18NModels/><valueDesc>Institutional medical, surgical, psychiatric, nursing or custodial care</valueDesc></sharedDropDownValue><sharedDropDownValue><bdvSeqNbr>105623687</bdvSeqNbr><servProvCode>PORTCHESTER</servProvCode><auditModel><auditDate>2019-06-19T10:18:47-04:00</auditDate><auditID>ADMIN</auditID><auditStatus>A</auditStatus></auditModel><bizdomain>BLD_CODE_USE</bizdomain><bizdomainValue>I-3</bizdomainValue><standardChoiceValueI18NModels/><valueDesc>Institutional restraint or security</valueDesc></sharedDropDownValue><sharedDropDownValue><bdvSeqNbr>105623688</bdvSeqNbr><servProvCode>PORTCHESTER</servProvCode><auditModel><auditDate>2019-06-19T10:18:47-04:00</auditDate><auditID>ADMIN</auditID><auditStatus>A</auditStatus></auditModel><bizdomain>BLD_CODE_USE</bizdomain><bizdomainValue>I-4</bizdomainValue><standardChoiceValueI18NModels/><valueDesc>Institutional care facilities</valueDesc></sharedDropDownValue><sharedDropDownValue><bdvSeqNbr>105623689</bdvSeqNbr><servProvCode>PORTCHESTER</servProvCode><auditModel><auditDate>2019-06-19T10:18:47-04:00</auditDate><auditID>ADMIN</auditID><auditStatus>A</auditStatus></auditModel><bizdomain>BLD_CODE_USE</bizdomain><bizdomainValue>M</bizdomainValue><standardChoiceValueI18NModels/><valueDesc>Mercantile</valueDesc></sharedDropDownValue><sharedDropDownValue><bdvSeqNbr>105623974</bdvSeqNbr><servProvCode>PORTCHESTER</servProvCode><auditModel><auditDate>2019-06-19T10:18:47-04:00</auditDate><auditID>ADMIN</auditID><auditStatus>A</auditStatus></auditModel><bizdomain>BLD_CODE_USE</bizdomain><bizdomainValue>Mix Use</bizdomainValue><standardChoiceValueI18NModels/><valueDesc>Mixed Use (SHELL PERMIT ONLY)</valueDesc></sharedDropDownValue><sharedDropDownValue><bdvSeqNbr>105623690</bdvSeqNbr><servProvCode>PORTCHESTER</servProvCode><auditModel><auditDate>2019-06-19T10:18:47-04:00</auditDate><auditID>ADMIN</auditID><auditStatus>A</auditStatus></auditModel><bizdomain>BLD_CODE_USE</bizdomain><bizdomainValue>R-1</bizdomainValue><standardChoiceValueI18NModels/><valueDesc>Residential transient</valueDesc></sharedDropDownValue><sharedDropDownValue><bdvSeqNbr>105623691</bdvSeqNbr><servProvCode>PORTCHESTER</servProvCode><auditModel><auditDate>2019-06-19T10:18:47-04:00</auditDate><auditID>ADMIN</auditID><auditStatus>A</auditStatus></auditModel><bizdomain>BLD_CODE_USE</bizdomain><bizdomainValue>R-2</bizdomainValue><standardChoiceValueI18NModels/><valueDesc>Residential nontransient</valueDesc></sharedDropDownValue><sharedDropDownValue><bdvSeqNbr>105623692</bdvSeqNbr><servProvCode>PORTCHESTER</servProvCode><auditModel><auditDate>2019-06-19T10:18:47-04:00</auditDate><auditID>ADMIN</auditID><auditStatus>A</auditStatus></auditModel><bizdomain>BLD_CODE_USE</bizdomain><bizdomainValue>R-3</bizdomainValue><standardChoiceValueI18NModels/><valueDesc>Residential permanent</valueDesc></sharedDropDownValue><sharedDropDownValue><bdvSeqNbr>105623693</bdvSeqNbr><servProvCode>PORTCHESTER</servProvCode><auditModel><auditDate>2019-06-19T10:18:47-04:00</auditDate><auditID>ADMIN</auditID><auditStatus>A</auditStatus></auditModel><bizdomain>BLD_CODE_USE</bizdomain><bizdomainValue>R-4</bizdomainValue><standardChoiceValueI18NModels/><valueDesc>Residential care/assisted living facilities</valueDesc></sharedDropDownValue><sharedDropDownValue><bdvSeqNbr>105623694</bdvSeqNbr><servProvCode>PORTCHESTER</servProvCode><auditModel><auditDate>2019-06-19T10:18:47-04:00</auditDate><auditID>ADMIN</auditID><auditStatus>A</auditStatus></auditModel><bizdomain>BLD_CODE_USE</bizdomain><bizdomainValue>S-1</bizdomainValue><standardChoiceValueI18NModels/><valueDesc>Storage moderate-hazard</valueDesc></sharedDropDownValue><sharedDropDownValue><bdvSeqNbr>105623695</bdvSeqNbr><servProvCode>PORTCHESTER</servProvCode><auditModel><auditDate>2019-06-19T10:18:47-04:00</auditDate><auditID>ADMIN</auditID><auditStatus>A</auditStatus></auditModel><bizdomain>BLD_CODE_USE</bizdomain><bizdomainValue>S-2</bizdomainValue><standardChoiceValueI18NModels/><valueDesc>Storage low-hazard</valueDesc></sharedDropDownValue><sharedDropDownValue><bdvSeqNbr>105623696</bdvSeqNbr><servProvCode>PORTCHESTER</servProvCode><auditModel><auditDate>2019-06-19T10:18:47-04:00</auditDate><auditID>ADMIN</auditID><auditStatus>A</auditStatus></auditModel><bizdomain>BLD_CODE_USE</bizdomain><bizdomainValue>U</bizdomainValue><standardChoiceValueI18NModels/><valueDesc>Utility and Miscellaneous</valueDesc></sharedDropDownValue></sharedDropDownList><type>ShareDropDown</type><valueSize>0</valueSize></sharedDropDownListModel>
<sharedDropDownListModel><name>BLD_NEW_BST</name><serviceProviderCode>PORTCHESTER</serviceProviderCode><auditModel><auditDate>2019-07-02T10:49:22-04:00</auditDate><auditID>ADMIN</auditID><auditStatus>A</auditStatus></auditModel><sharedDropDownList><sharedDropDownValue><bdvSeqNbr>105630904</bdvSeqNbr><servProvCode>PORTCHESTER</servProvCode><auditModel><auditDate>2019-07-02T10:50:44-04:00</auditDate><auditID>ADMIN</auditID><auditStatus>A</auditStatus></auditModel><bizdomain>BLD_NEW_BST</bizdomain><bizdomainValue>Elevator</bizdomainValue><sortOrder>0</sortOrder><standardChoiceValueI18NModels/></sharedDropDownValue><sharedDropDownValue><bdvSeqNbr>105630906</bdvSeqNbr><servProvCode>PORTCHESTER</servProvCode><auditModel><auditDate>2019-07-02T10:50:44-04:00</auditDate><auditID>ADMIN</auditID><auditStatus>A</auditStatus></auditModel><bizdomain>BLD_NEW_BST</bizdomain><bizdomainValue>Escalator</bizdomainValue><sortOrder>0</sortOrder><standardChoiceValueI18NModels/></sharedDropDownValue><sharedDropDownValue><bdvSeqNbr>105630905</bdvSeqNbr><servProvCode>PORTCHESTER</servProvCode><auditModel><auditDate>2019-07-02T10:50:44-04:00</auditDate><auditID>ADMIN</auditID><auditStatus>A</auditStatus></auditModel><bizdomain>BLD_NEW_BST</bizdomain><bizdomainValue>Lift</bizdomainValue><sortOrder>0</sortOrder><standardChoiceValueI18NModels/></sharedDropDownValue><sharedDropDownValue><bdvSeqNbr>105630908</bdvSeqNbr><servProvCode>PORTCHESTER</servProvCode><auditModel><auditDate>2019-07-02T10:50:44-04:00</auditDate><auditID>ADMIN</auditID><auditStatus>A</auditStatus></auditModel><bizdomain>BLD_NEW_BST</bizdomain><bizdomainValue>Other</bizdomainValue><sortOrder>999</sortOrder><standardChoiceValueI18NModels/></sharedDropDownValue><sharedDropDownValue><bdvSeqNbr>105630907</bdvSeqNbr><servProvCode>PORTCHESTER</servProvCode><auditModel><auditDate>2019-07-02T10:50:44-04:00</auditDate><auditID>ADMIN</auditID><auditStatus>A</auditStatus></auditModel><bizdomain>BLD_NEW_BST</bizdomain><bizdomainValue>Paint Spray Booth</bizdomainValue><sortOrder>0</sortOrder><standardChoiceValueI18NModels/></sharedDropDownValue></sharedDropDownList><type>ShareDropDown</type></sharedDropDownListModel>
<sharedDropDownListModel><name>BLD_CONSTRUCTION_TYPE</name><serviceProviderCode>PORTCHESTER</serviceProviderCode><auditModel><auditDate>2018-05-18T12:20:08-04:00</auditDate><auditID>ADMIN</auditID><auditStatus>A</auditStatus></auditModel><sharedDropDownList><sharedDropDownValue><bdvSeqNbr>105482157</bdvSeqNbr><servProvCode>PORTCHESTER</servProvCode><auditModel><auditDate>2018-05-18T12:22:03-04:00</auditDate><auditID>ADMIN</auditID><auditStatus>A</auditStatus></auditModel><bizdomain>BLD_CONSTRUCTION_TYPE</bizdomain><bizdomainValue>TYPE I-A--Fire Resistive Non-combustible</bizdomainValue><sortOrder>10</sortOrder><standardChoiceValueI18NModels/></sharedDropDownValue><sharedDropDownValue><bdvSeqNbr>105482158</bdvSeqNbr><servProvCode>PORTCHESTER</servProvCode><auditModel><auditDate>2018-05-18T12:22:03-04:00</auditDate><auditID>ADMIN</auditID><auditStatus>A</auditStatus></auditModel><bizdomain>BLD_CONSTRUCTION_TYPE</bizdomain><bizdomainValue>TYPE I-B--Fire Resistive Non-Combustible</bizdomainValue><sortOrder>20</sortOrder><standardChoiceValueI18NModels/></sharedDropDownValue><sharedDropDownValue><bdvSeqNbr>105482159</bdvSeqNbr><servProvCode>PORTCHESTER</servProvCode><auditModel><auditDate>2018-05-18T12:22:03-04:00</auditDate><auditID>ADMIN</auditID><auditStatus>A</auditStatus></auditModel><bizdomain>BLD_CONSTRUCTION_TYPE</bizdomain><bizdomainValue>TYPE II-A--Protected Non-Combustible</bizdomainValue><sortOrder>30</sortOrder><standardChoiceValueI18NModels/></sharedDropDownValue><sharedDropDownValue><bdvSeqNbr>105482160</bdvSeqNbr><servProvCode>PORTCHESTER</servProvCode><auditModel><auditDate>2018-05-18T12:22:03-04:00</auditDate><auditID>ADMIN</auditID><auditStatus>A</auditStatus></auditModel><bizdomain>BLD_CONSTRUCTION_TYPE</bizdomain><bizdomainValue>TYPE II-B--Unprotected Non-Combustible</bizdomainValue><sortOrder>40</sortOrder><standardChoiceValueI18NModels/></sharedDropDownValue><sharedDropDownValue><bdvSeqNbr>105482161</bdvSeqNbr><servProvCode>PORTCHESTER</servProvCode><auditModel><auditDate>2018-05-18T12:22:03-04:00</auditDate><auditID>ADMIN</auditID><auditStatus>A</auditStatus></auditModel><bizdomain>BLD_CONSTRUCTION_TYPE</bizdomain><bizdomainValue>TYPE III-A--Protected Combustible</bizdomainValue><sortOrder>50</sortOrder><standardChoiceValueI18NModels/></sharedDropDownValue><sharedDropDownValue><bdvSeqNbr>105482162</bdvSeqNbr><servProvCode>PORTCHESTER</servProvCode><auditModel><auditDate>2018-05-18T12:22:03-04:00</auditDate><auditID>ADMIN</auditID><auditStatus>A</auditStatus></auditModel><bizdomain>BLD_CONSTRUCTION_TYPE</bizdomain><bizdomainValue>TYPE III-B--Unprotected Combustible</bizdomainValue><sortOrder>60</sortOrder><standardChoiceValueI18NModels/></sharedDropDownValue><sharedDropDownValue><bdvSeqNbr>105482163</bdvSeqNbr><servProvCode>PORTCHESTER</servProvCode><auditModel><auditDate>2018-05-18T12:22:03-04:00</auditDate><auditID>ADMIN</auditID><auditStatus>A</auditStatus></auditModel><bizdomain>BLD_CONSTRUCTION_TYPE</bizdomain><bizdomainValue>TYPE IV--Heavy Timber</bizdomainValue><sortOrder>70</sortOrder><standardChoiceValueI18NModels/></sharedDropDownValue><sharedDropDownValue><bdvSeqNbr>105482164</bdvSeqNbr><servProvCode>PORTCHESTER</servProvCode><auditModel><auditDate>2018-05-18T12:22:03-04:00</auditDate><auditID>ADMIN</auditID><auditStatus>A</auditStatus></auditModel><bizdomain>BLD_CONSTRUCTION_TYPE</bizdomain><bizdomainValue>TYPE V-A--Protected Wood Frame</bizdomainValue><sortOrder>80</sortOrder><standardChoiceValueI18NModels/></sharedDropDownValue><sharedDropDownValue><bdvSeqNbr>105482165</bdvSeqNbr><servProvCode>PORTCHESTER</servProvCode><auditModel><auditDate>2018-05-18T12:22:03-04:00</auditDate><auditID>ADMIN</auditID><auditStatus>A</auditStatus></auditModel><bizdomain>BLD_CONSTRUCTION_TYPE</bizdomain><bizdomainValue>TYPE V-B--Unprotected Wood Frame</bizdomainValue><sortOrder>90</sortOrder><standardChoiceValueI18NModels/></sharedDropDownValue></sharedDropDownList><type>ShareDropDown</type></sharedDropDownListModel>
<sharedDropDownListModel><name>BLD_ELEC_INSP</name><serviceProviderCode>PORTCHESTER</serviceProviderCode><auditModel><auditDate>2019-07-19T11:12:00-04:00</auditDate><auditID>ADMIN</auditID><auditStatus>A</auditStatus></auditModel><description>Electrical Permits – need a drop down menu to choose third party electrical inspector.</description><sharedDropDownList><sharedDropDownValue><bdvSeqNbr>105632890</bdvSeqNbr><servProvCode>PORTCHESTER</servProvCode><auditModel><auditDate>2019-07-19T11:12:19-04:00</auditDate><auditID>ADMIN</auditID><auditStatus>A</auditStatus></auditModel><bizdomain>BLD_ELEC_INSP</bizdomain><bizdomainValue>Certified Electrical Inspection Services, Inc.</bizdomainValue><sortOrder>0</sortOrder><standardChoiceValueI18NModels/></sharedDropDownValue><sharedDropDownValue><bdvSeqNbr>105632891</bdvSeqNbr><servProvCode>PORTCHESTER</servProvCode><auditModel><auditDate>2019-07-19T11:12:30-04:00</auditDate><auditID>ADMIN</auditID><auditStatus>A</auditStatus></auditModel><bizdomain>BLD_ELEC_INSP</bizdomain><bizdomainValue>Commonwealth Electrical Inspection Service</bizdomainValue><sortOrder>0</sortOrder><standardChoiceValueI18NModels/></sharedDropDownValue><sharedDropDownValue><bdvSeqNbr>105632892</bdvSeqNbr><servProvCode>PORTCHESTER</servProvCode><auditModel><auditDate>2019-07-19T11:12:41-04:00</auditDate><auditID>ADMIN</auditID><auditStatus>A</auditStatus></auditModel><bizdomain>BLD_ELEC_INSP</bizdomain><bizdomainValue>Electrical Underwriters of NY, LLC</bizdomainValue><sortOrder>0</sortOrder><standardChoiceValueI18NModels/></sharedDropDownValue><sharedDropDownValue><bdvSeqNbr>105632893</bdvSeqNbr><servProvCode>PORTCHESTER</servProvCode><auditModel><auditDate>2019-07-19T11:12:51-04:00</auditDate><auditID>ADMIN</auditID><auditStatus>A</auditStatus></auditModel><bizdomain>BLD_ELEC_INSP</bizdomain><bizdomainValue>New York Electrical Inspection Services</bizdomainValue><sortOrder>0</sortOrder><standardChoiceValueI18NModels/></sharedDropDownValue><sharedDropDownValue><bdvSeqNbr>105632894</bdvSeqNbr><servProvCode>PORTCHESTER</servProvCode><auditModel><auditDate>2019-07-19T11:13:03-04:00</auditDate><auditID>ADMIN</auditID><auditStatus>A</auditStatus></auditModel><bizdomain>BLD_ELEC_INSP</bizdomain><bizdomainValue>Statewide Inspection Services</bizdomainValue><sortOrder>0</sortOrder><standardChoiceValueI18NModels/></sharedDropDownValue><sharedDropDownValue><bdvSeqNbr>105632895</bdvSeqNbr><servProvCode>PORTCHESTER</servProvCode><auditModel><auditDate>2019-07-19T11:13:16-04:00</auditDate><auditID>ADMIN</auditID><auditStatus>A</auditStatus></auditModel><bizdomain>BLD_ELEC_INSP</bizdomain><bizdomainValue>Swanson Consulting, Inc.</bizdomainValue><sortOrder>0</sortOrder><standardChoiceValueI18NModels/></sharedDropDownValue><sharedDropDownValue><bdvSeqNbr>105632896</bdvSeqNbr><servProvCode>PORTCHESTER</servProvCode><auditModel><auditDate>2019-07-19T11:13:29-04:00</auditDate><auditID>ADMIN</auditID><auditStatus>A</auditStatus></auditModel><bizdomain>BLD_ELEC_INSP</bizdomain><bizdomainValue>Tri-State Inspection Services</bizdomainValue><sortOrder>0</sortOrder><standardChoiceValueI18NModels/></sharedDropDownValue><sharedDropDownValue><bdvSeqNbr>105632897</bdvSeqNbr><servProvCode>PORTCHESTER</servProvCode><auditModel><auditDate>2019-07-19T11:13:41-04:00</auditDate><auditID>ADMIN</auditID><auditStatus>A</auditStatus></auditModel><bizdomain>BLD_ELEC_INSP</bizdomain><bizdomainValue>Westchester Rockland Electrical Inspection Services</bizdomainValue><sortOrder>0</sortOrder><standardChoiceValueI18NModels/></sharedDropDownValue></sharedDropDownList><type>ShareDropDown</type></sharedDropDownListModel>
<sharedDropDownListModel><name>BLD_FIRE_SPRINKLER</name><serviceProviderCode>PORTCHESTER</serviceProviderCode><auditModel><auditDate>2011-12-06T18:13:13-05:00</auditDate><auditID>ADMIN</auditID><auditStatus>A</auditStatus></auditModel><sharedDropDownList><sharedDropDownValue><bdvSeqNbr>7508</bdvSeqNbr><servProvCode>PORTCHESTER</servProvCode><auditModel><auditDate>2011-12-06T18:13:29-05:00</auditDate><auditID>ADMIN</auditID><auditStatus>A</auditStatus></auditModel><bizdomain>BLD_FIRE_SPRINKLER</bizdomain><bizdomainValue>FM200</bizdomainValue><sortOrder>10</sortOrder><standardChoiceValueI18NModels/></sharedDropDownValue><sharedDropDownValue><bdvSeqNbr>7509</bdvSeqNbr><servProvCode>PORTCHESTER</servProvCode><auditModel><auditDate>2011-12-06T18:13:49-05:00</auditDate><auditID>ADMIN</auditID><auditStatus>A</auditStatus></auditModel><bizdomain>BLD_FIRE_SPRINKLER</bizdomain><bizdomainValue>NFPA13</bizdomainValue><sortOrder>20</sortOrder><standardChoiceValueI18NModels/></sharedDropDownValue><sharedDropDownValue><bdvSeqNbr>7510</bdvSeqNbr><servProvCode>PORTCHESTER</servProvCode><auditModel><auditDate>2011-12-06T18:14:00-05:00</auditDate><auditID>ADMIN</auditID><auditStatus>A</auditStatus></auditModel><bizdomain>BLD_FIRE_SPRINKLER</bizdomain><bizdomainValue>NFPA13D</bizdomainValue><sortOrder>30</sortOrder><standardChoiceValueI18NModels/></sharedDropDownValue><sharedDropDownValue><bdvSeqNbr>7511</bdvSeqNbr><servProvCode>PORTCHESTER</servProvCode><auditModel><auditDate>2011-12-06T18:14:17-05:00</auditDate><auditID>ADMIN</auditID><auditStatus>A</auditStatus></auditModel><bizdomain>BLD_FIRE_SPRINKLER</bizdomain><bizdomainValue>NFPA13R</bizdomainValue><sortOrder>40</sortOrder><standardChoiceValueI18NModels/></sharedDropDownValue></sharedDropDownList><type>ShareDropDown</type></sharedDropDownListModel>
<sharedDropDownListModel><name>BLD_FLOOD_ZONE</name><serviceProviderCode>PORTCHESTER</serviceProviderCode><auditModel><auditDate>2009-10-20T11:21:29-04:00</auditDate><auditID>ADMIN</auditID><auditStatus>A</auditStatus></auditModel><sharedDropDownList><sharedDropDownValue><bdvSeqNbr>4957</bdvSeqNbr><servProvCode>PORTCHESTER</servProvCode><auditModel><auditDate>2009-10-20T11:21:29-04:00</auditDate><auditID>ADMIN</auditID><auditStatus>A</auditStatus></auditModel><bizdomain>BLD_FLOOD_ZONE</bizdomain><bizdomainValue>NAVD A - No Base Flood Elev. Determined</bizdomainValue><resId>14568</resId><sortOrder>0</sortOrder><standardChoiceValueI18NModels/></sharedDropDownValue><sharedDropDownValue><bdvSeqNbr>4958</bdvSeqNbr><servProvCode>PORTCHESTER</servProvCode><auditModel><auditDate>2009-10-20T11:21:29-04:00</auditDate><auditID>ADMIN</auditID><auditStatus>A</auditStatus></auditModel><bizdomain>BLD_FLOOD_ZONE</bizdomain><bizdomainValue>NAVD A99</bizdomainValue><resId>14569</resId><sortOrder>0</sortOrder><standardChoiceValueI18NModels/></sharedDropDownValue><sharedDropDownValue><bdvSeqNbr>4959</bdvSeqNbr><servProvCode>PORTCHESTER</servProvCode><auditModel><auditDate>2009-10-20T11:21:29-04:00</auditDate><auditID>ADMIN</auditID><auditStatus>A</auditStatus></auditModel><bizdomain>BLD_FLOOD_ZONE</bizdomain><bizdomainValue>NAVD AE - Base Flood Elev. Determined</bizdomainValue><resId>14570</resId><sortOrder>0</sortOrder><standardChoiceValueI18NModels/></sharedDropDownValue><sharedDropDownValue><bdvSeqNbr>4960</bdvSeqNbr><servProvCode>PORTCHESTER</servProvCode><auditModel><auditDate>2009-10-20T11:21:29-04:00</auditDate><auditID>ADMIN</auditID><auditStatus>A</auditStatus></auditModel><bizdomain>BLD_FLOOD_ZONE</bizdomain><bizdomainValue>NAVD AH</bizdomainValue><resId>14571</resId><sortOrder>0</sortOrder><standardChoiceValueI18NModels/></sharedDropDownValue><sharedDropDownValue><bdvSeqNbr>4961</bdvSeqNbr><servProvCode>PORTCHESTER</servProvCode><auditModel><auditDate>2009-10-20T11:21:29-04:00</auditDate><auditID>ADMIN</auditID><auditStatus>A</auditStatus></auditModel><bizdomain>BLD_FLOOD_ZONE</bizdomain><bizdomainValue>NAVD AO</bizdomainValue><resId>14572</resId><sortOrder>0</sortOrder><standardChoiceValueI18NModels/></sharedDropDownValue><sharedDropDownValue><bdvSeqNbr>4962</bdvSeqNbr><servProvCode>PORTCHESTER</servProvCode><auditModel><auditDate>2009-10-20T11:21:29-04:00</auditDate><auditID>ADMIN</auditID><auditStatus>A</auditStatus></auditModel><bizdomain>BLD_FLOOD_ZONE</bizdomain><bizdomainValue>NAVD D</bizdomainValue><resId>14573</resId><sortOrder>0</sortOrder><standardChoiceValueI18NModels/></sharedDropDownValue><sharedDropDownValue><bdvSeqNbr>4963</bdvSeqNbr><servProvCode>PORTCHESTER</servProvCode><auditModel><auditDate>2009-10-20T11:21:29-04:00</auditDate><auditID>ADMIN</auditID><auditStatus>A</auditStatus></auditModel><bizdomain>BLD_FLOOD_ZONE</bizdomain><bizdomainValue>NAVD VE Coastal Flooding, Velocity Wave; Elevation</bizdomainValue><resId>14574</resId><sortOrder>0</sortOrder><standardChoiceValueI18NModels/></sharedDropDownValue><sharedDropDownValue><bdvSeqNbr>4964</bdvSeqNbr><servProvCode>PORTCHESTER</servProvCode><auditModel><auditDate>2009-10-20T11:21:29-04:00</auditDate><auditID>ADMIN</auditID><auditStatus>A</auditStatus></auditModel><bizdomain>BLD_FLOOD_ZONE</bizdomain><bizdomainValue>NAVD X - Shaded - Outside 100 Yr Flood</bizdomainValue><resId>14575</resId><sortOrder>0</sortOrder><standardChoiceValueI18NModels/></sharedDropDownValue><sharedDropDownValue><bdvSeqNbr>4965</bdvSeqNbr><servProvCode>PORTCHESTER</servProvCode><auditModel><auditDate>2009-10-20T11:21:29-04:00</auditDate><auditID>ADMIN</auditID><auditStatus>A</auditStatus></auditModel><bizdomain>BLD_FLOOD_ZONE</bizdomain><bizdomainValue>NAVD X Unshaded - Outside 500 Yr Flood</bizdomainValue><resId>14576</resId><sortOrder>0</sortOrder><standardChoiceValueI18NModels/></sharedDropDownValue></sharedDropDownList><type>ShareDropDown</type></sharedDropDownListModel>
<sharedDropDownListModel><name>BLD_NEW_LANDT</name><serviceProviderCode>PORTCHESTER</serviceProviderCode><auditModel><auditDate>2019-07-02T10:57:57-04:00</auditDate><auditID>ADMIN</auditID><auditStatus>A</auditStatus></auditModel><sharedDropDownList><sharedDropDownValue><bdvSeqNbr>105630929</bdvSeqNbr><servProvCode>PORTCHESTER</servProvCode><auditModel><auditDate>2019-07-02T10:59:49-04:00</auditDate><auditID>ADMIN</auditID><auditStatus>A</auditStatus></auditModel><bizdomain>BLD_NEW_LANDT</bizdomain><bizdomainValue>Adding/Removing Soils</bizdomainValue><sortOrder>0</sortOrder><standardChoiceValueI18NModels/></sharedDropDownValue><sharedDropDownValue><bdvSeqNbr>105630926</bdvSeqNbr><servProvCode>PORTCHESTER</servProvCode><auditModel><auditDate>2019-07-02T10:59:49-04:00</auditDate><auditID>ADMIN</auditID><auditStatus>A</auditStatus></auditModel><bizdomain>BLD_NEW_LANDT</bizdomain><bizdomainValue>Driveway</bizdomainValue><sortOrder>0</sortOrder><standardChoiceValueI18NModels/></sharedDropDownValue><sharedDropDownValue><bdvSeqNbr>105630925</bdvSeqNbr><servProvCode>PORTCHESTER</servProvCode><auditModel><auditDate>2019-07-02T10:59:49-04:00</auditDate><auditID>ADMIN</auditID><auditStatus>A</auditStatus></auditModel><bizdomain>BLD_NEW_LANDT</bizdomain><bizdomainValue>Excavation</bizdomainValue><sortOrder>0</sortOrder><standardChoiceValueI18NModels/></sharedDropDownValue><sharedDropDownValue><bdvSeqNbr>105630928</bdvSeqNbr><servProvCode>PORTCHESTER</servProvCode><auditModel><auditDate>2019-07-02T10:59:49-04:00</auditDate><auditID>ADMIN</auditID><auditStatus>A</auditStatus></auditModel><bizdomain>BLD_NEW_LANDT</bizdomain><bizdomainValue>Grading</bizdomainValue><sortOrder>0</sortOrder><standardChoiceValueI18NModels/></sharedDropDownValue><sharedDropDownValue><bdvSeqNbr>105630931</bdvSeqNbr><servProvCode>PORTCHESTER</servProvCode><auditModel><auditDate>2019-07-02T10:59:49-04:00</auditDate><auditID>ADMIN</auditID><auditStatus>A</auditStatus></auditModel><bizdomain>BLD_NEW_LANDT</bizdomain><bizdomainValue>Other</bizdomainValue><sortOrder>999</sortOrder><standardChoiceValueI18NModels/></sharedDropDownValue><sharedDropDownValue><bdvSeqNbr>105630927</bdvSeqNbr><servProvCode>PORTCHESTER</servProvCode><auditModel><auditDate>2019-07-02T10:59:49-04:00</auditDate><auditID>ADMIN</auditID><auditStatus>A</auditStatus></auditModel><bizdomain>BLD_NEW_LANDT</bizdomain><bizdomainValue>Parking Lot</bizdomainValue><sortOrder>0</sortOrder><standardChoiceValueI18NModels/></sharedDropDownValue><sharedDropDownValue><bdvSeqNbr>105630930</bdvSeqNbr><servProvCode>PORTCHESTER</servProvCode><auditModel><auditDate>2019-07-02T10:59:49-04:00</auditDate><auditID>ADMIN</auditID><auditStatus>A</auditStatus></auditModel><bizdomain>BLD_NEW_LANDT</bizdomain><bizdomainValue>Stormwater Systems</bizdomainValue><sortOrder>0</sortOrder><standardChoiceValueI18NModels/></sharedDropDownValue></sharedDropDownList><type>ShareDropDown</type></sharedDropDownListModel>
<sharedDropDownListModel><name>BLD_NEW_FPET</name><serviceProviderCode>PORTCHESTER</serviceProviderCode><auditModel><auditDate>2019-07-02T10:51:47-04:00</auditDate><auditID>ADMIN</auditID><auditStatus>A</auditStatus></auditModel><sharedDropDownList><sharedDropDownValue><bdvSeqNbr>105630911</bdvSeqNbr><servProvCode>PORTCHESTER</servProvCode><auditModel><auditDate>2019-07-02T10:52:25-04:00</auditDate><auditID>ADMIN</auditID><auditStatus>A</auditStatus></auditModel><bizdomain>BLD_NEW_FPET</bizdomain><bizdomainValue>CO Alarm</bizdomainValue><sortOrder>0</sortOrder><standardChoiceValueI18NModels/></sharedDropDownValue><sharedDropDownValue><bdvSeqNbr>105630912</bdvSeqNbr><servProvCode>PORTCHESTER</servProvCode><auditModel><auditDate>2019-07-02T10:52:36-04:00</auditDate><auditID>ADMIN</auditID><auditStatus>A</auditStatus></auditModel><bizdomain>BLD_NEW_FPET</bizdomain><bizdomainValue>CO2 Alarm</bizdomainValue><sortOrder>0</sortOrder><standardChoiceValueI18NModels/></sharedDropDownValue><sharedDropDownValue><bdvSeqNbr>105630910</bdvSeqNbr><servProvCode>PORTCHESTER</servProvCode><auditModel><auditDate>2019-07-02T10:52:13-04:00</auditDate><auditID>ADMIN</auditID><auditStatus>A</auditStatus></auditModel><bizdomain>BLD_NEW_FPET</bizdomain><bizdomainValue>Fire Alarm</bizdomainValue><sortOrder>0</sortOrder><standardChoiceValueI18NModels/></sharedDropDownValue><sharedDropDownValue><bdvSeqNbr>105630909</bdvSeqNbr><servProvCode>PORTCHESTER</servProvCode><auditModel><auditDate>2019-07-02T10:52:04-04:00</auditDate><auditID>ADMIN</auditID><auditStatus>A</auditStatus></auditModel><bizdomain>BLD_NEW_FPET</bizdomain><bizdomainValue>Fire Sprinkler</bizdomainValue><sortOrder>0</sortOrder><standardChoiceValueI18NModels/></sharedDropDownValue><sharedDropDownValue><bdvSeqNbr>105630914</bdvSeqNbr><servProvCode>PORTCHESTER</servProvCode><auditModel><auditDate>2019-07-02T10:53:01-04:00</auditDate><auditID>ADMIN</auditID><auditStatus>A</auditStatus></auditModel><bizdomain>BLD_NEW_FPET</bizdomain><bizdomainValue>Other</bizdomainValue><sortOrder>999</sortOrder><standardChoiceValueI18NModels/></sharedDropDownValue><sharedDropDownValue><bdvSeqNbr>105630913</bdvSeqNbr><servProvCode>PORTCHESTER</servProvCode><auditModel><auditDate>2019-07-02T10:52:52-04:00</auditDate><auditID>ADMIN</auditID><auditStatus>A</auditStatus></auditModel><bizdomain>BLD_NEW_FPET</bizdomain><bizdomainValue>Suppression System</bizdomainValue><sortOrder>0</sortOrder><standardChoiceValueI18NModels/></sharedDropDownValue></sharedDropDownList><type>ShareDropDown</type></sharedDropDownListModel>
<sharedDropDownListModel><name>BLD_ZONING_DISTRICT</name><serviceProviderCode>PORTCHESTER</serviceProviderCode><auditModel><auditDate>2018-05-18T12:22:43-04:00</auditDate><auditID>ADMIN</auditID><auditStatus>A</auditStatus></auditModel><sharedDropDownList><sharedDropDownValue><bdvSeqNbr>105482173</bdvSeqNbr><servProvCode>PORTCHESTER</servProvCode><auditModel><auditDate>2018-05-18T12:28:12-04:00</auditDate><auditID>ADMIN</auditID><auditStatus>A</auditStatus></auditModel><bizdomain>BLD_ZONING_DISTRICT</bizdomain><bizdomainValue>C1: Neighborhood Retail</bizdomainValue><sortOrder>80</sortOrder><standardChoiceValueI18NModels/></sharedDropDownValue><sharedDropDownValue><bdvSeqNbr>105482174</bdvSeqNbr><servProvCode>PORTCHESTER</servProvCode><auditModel><auditDate>2018-05-18T12:28:12-04:00</auditDate><auditID>ADMIN</auditID><auditStatus>A</auditStatus></auditModel><bizdomain>BLD_ZONING_DISTRICT</bizdomain><bizdomainValue>C2: Main Street Business</bizdomainValue><sortOrder>90</sortOrder><standardChoiceValueI18NModels/></sharedDropDownValue><sharedDropDownValue><bdvSeqNbr>105482175</bdvSeqNbr><servProvCode>PORTCHESTER</servProvCode><auditModel><auditDate>2018-05-18T12:28:12-04:00</auditDate><auditID>ADMIN</auditID><auditStatus>A</auditStatus></auditModel><bizdomain>BLD_ZONING_DISTRICT</bizdomain><bizdomainValue>C3: Office and Commercial</bizdomainValue><sortOrder>100</sortOrder><standardChoiceValueI18NModels/></sharedDropDownValue><sharedDropDownValue><bdvSeqNbr>105482177</bdvSeqNbr><servProvCode>PORTCHESTER</servProvCode><auditModel><auditDate>2018-05-18T12:28:12-04:00</auditDate><auditID>ADMIN</auditID><auditStatus>A</auditStatus></auditModel><bizdomain>BLD_ZONING_DISTRICT</bizdomain><bizdomainValue>C4-R: Gateway Retail</bizdomainValue><sortOrder>120</sortOrder><standardChoiceValueI18NModels/></sharedDropDownValue><sharedDropDownValue><bdvSeqNbr>105482176</bdvSeqNbr><servProvCode>PORTCHESTER</servProvCode><auditModel><auditDate>2018-05-18T12:28:12-04:00</auditDate><auditID>ADMIN</auditID><auditStatus>A</auditStatus></auditModel><bizdomain>BLD_ZONING_DISTRICT</bizdomain><bizdomainValue>C4: General Commercial</bizdomainValue><sortOrder>110</sortOrder><standardChoiceValueI18NModels/></sharedDropDownValue><sharedDropDownValue><bdvSeqNbr>105482178</bdvSeqNbr><servProvCode>PORTCHESTER</servProvCode><auditModel><auditDate>2018-05-18T12:28:12-04:00</auditDate><auditID>ADMIN</auditID><auditStatus>A</auditStatus></auditModel><bizdomain>BLD_ZONING_DISTRICT</bizdomain><bizdomainValue>C5: Train Station Mixed-Use</bizdomainValue><sortOrder>130</sortOrder><standardChoiceValueI18NModels/></sharedDropDownValue><sharedDropDownValue><bdvSeqNbr>105482179</bdvSeqNbr><servProvCode>PORTCHESTER</servProvCode><auditModel><auditDate>2018-05-18T12:28:12-04:00</auditDate><auditID>ADMIN</auditID><auditStatus>A</auditStatus></auditModel><bizdomain>BLD_ZONING_DISTRICT</bizdomain><bizdomainValue>C5T: Downtown Mixed-Use Transitional</bizdomainValue><sortOrder>140</sortOrder><standardChoiceValueI18NModels/></sharedDropDownValue><sharedDropDownValue><bdvSeqNbr>105482180</bdvSeqNbr><servProvCode>PORTCHESTER</servProvCode><auditModel><auditDate>2018-05-18T12:28:12-04:00</auditDate><auditID>ADMIN</auditID><auditStatus>A</auditStatus></auditModel><bizdomain>BLD_ZONING_DISTRICT</bizdomain><bizdomainValue>CD: Design Shopping Center</bizdomainValue><sortOrder>150</sortOrder><standardChoiceValueI18NModels/></sharedDropDownValue><sharedDropDownValue><bdvSeqNbr>105482181</bdvSeqNbr><servProvCode>PORTCHESTER</servProvCode><auditModel><auditDate>2018-05-18T12:28:12-04:00</auditDate><auditID>ADMIN</auditID><auditStatus>A</auditStatus></auditModel><bizdomain>BLD_ZONING_DISTRICT</bizdomain><bizdomainValue>CDS: Special Designed Commercial</bizdomainValue><sortOrder>160</sortOrder><standardChoiceValueI18NModels/></sharedDropDownValue><sharedDropDownValue><bdvSeqNbr>105482184</bdvSeqNbr><servProvCode>PORTCHESTER</servProvCode><auditModel><auditDate>2018-05-18T12:30:23-04:00</auditDate><auditID>ADMIN</auditID><auditStatus>A</auditStatus></auditModel><bizdomain>BLD_ZONING_DISTRICT</bizdomain><bizdomainValue>DW2: Downtown Design Waterfront</bizdomainValue><sortOrder>190</sortOrder><standardChoiceValueI18NModels/></sharedDropDownValue><sharedDropDownValue><bdvSeqNbr>105482183</bdvSeqNbr><servProvCode>PORTCHESTER</servProvCode><auditModel><auditDate>2018-05-18T12:30:23-04:00</auditDate><auditID>ADMIN</auditID><auditStatus>A</auditStatus></auditModel><bizdomain>BLD_ZONING_DISTRICT</bizdomain><bizdomainValue>DW: Design Waterfront</bizdomainValue><sortOrder>180</sortOrder><standardChoiceValueI18NModels/></sharedDropDownValue><sharedDropDownValue><bdvSeqNbr>105482185</bdvSeqNbr><servProvCode>PORTCHESTER</servProvCode><auditModel><auditDate>2018-05-18T12:30:23-04:00</auditDate><auditID>ADMIN</auditID><auditStatus>A</auditStatus></auditModel><bizdomain>BLD_ZONING_DISTRICT</bizdomain><bizdomainValue>M1: Light Industrial</bizdomainValue><sortOrder>200</sortOrder><standardChoiceValueI18NModels/></sharedDropDownValue><sharedDropDownValue><bdvSeqNbr>105482186</bdvSeqNbr><servProvCode>PORTCHESTER</servProvCode><auditModel><auditDate>2018-05-18T12:30:23-04:00</auditDate><auditID>ADMIN</auditID><auditStatus>A</auditStatus></auditModel><bizdomain>BLD_ZONING_DISTRICT</bizdomain><bizdomainValue>M2: General Industrial</bizdomainValue><sortOrder>210</sortOrder><standardChoiceValueI18NModels/></sharedDropDownValue><sharedDropDownValue><bdvSeqNbr>105482182</bdvSeqNbr><servProvCode>PORTCHESTER</servProvCode><auditModel><auditDate>2018-05-18T12:30:23-04:00</auditDate><auditID>ADMIN</auditID><auditStatus>A</auditStatus></auditModel><bizdomain>BLD_ZONING_DISTRICT</bizdomain><bizdomainValue>PD: Design Professional Building</bizdomainValue><sortOrder>170</sortOrder><standardChoiceValueI18NModels/></sharedDropDownValue><sharedDropDownValue><bdvSeqNbr>105482187</bdvSeqNbr><servProvCode>PORTCHESTER</servProvCode><auditModel><auditDate>2018-05-18T12:30:23-04:00</auditDate><auditID>ADMIN</auditID><auditStatus>A</auditStatus></auditModel><bizdomain>BLD_ZONING_DISTRICT</bizdomain><bizdomainValue>PMU: Planned Mixed-Use</bizdomainValue><sortOrder>220</sortOrder><standardChoiceValueI18NModels/></sharedDropDownValue><sharedDropDownValue><bdvSeqNbr>105482166</bdvSeqNbr><servProvCode>PORTCHESTER</servProvCode><auditModel><auditDate>2018-05-18T12:30:23-04:00</auditDate><auditID>ADMIN</auditID><auditStatus>A</auditStatus></auditModel><bizdomain>BLD_ZONING_DISTRICT</bizdomain><bizdomainValue>R20: One-Family Residential</bizdomainValue><sortOrder>10</sortOrder><standardChoiceValueI18NModels/></sharedDropDownValue><sharedDropDownValue><bdvSeqNbr>105482169</bdvSeqNbr><servProvCode>PORTCHESTER</servProvCode><auditModel><auditDate>2018-05-18T12:30:23-04:00</auditDate><auditID>ADMIN</auditID><auditStatus>A</auditStatus></auditModel><bizdomain>BLD_ZONING_DISTRICT</bizdomain><bizdomainValue>R2F: Two Family Residential</bizdomainValue><sortOrder>40</sortOrder><standardChoiceValueI18NModels/></sharedDropDownValue><sharedDropDownValue><bdvSeqNbr>105482168</bdvSeqNbr><servProvCode>PORTCHESTER</servProvCode><auditModel><auditDate>2018-05-18T12:30:23-04:00</auditDate><auditID>ADMIN</auditID><auditStatus>A</auditStatus></auditModel><bizdomain>BLD_ZONING_DISTRICT</bizdomain><bizdomainValue>R5: One Family Residential</bizdomainValue><sortOrder>30</sortOrder><standardChoiceValueI18NModels/></sharedDropDownValue><sharedDropDownValue><bdvSeqNbr>105482167</bdvSeqNbr><servProvCode>PORTCHESTER</servProvCode><auditModel><auditDate>2018-05-18T12:30:23-04:00</auditDate><auditID>ADMIN</auditID><auditStatus>A</auditStatus></auditModel><bizdomain>BLD_ZONING_DISTRICT</bizdomain><bizdomainValue>R7: One-Family Residential</bizdomainValue><sortOrder>20</sortOrder><standardChoiceValueI18NModels/></sharedDropDownValue><sharedDropDownValue><bdvSeqNbr>105482170</bdvSeqNbr><servProvCode>PORTCHESTER</servProvCode><auditModel><auditDate>2018-05-18T12:25:13-04:00</auditDate><auditID>ADMIN</auditID><auditStatus>A</auditStatus></auditModel><bizdomain>BLD_ZONING_DISTRICT</bizdomain><bizdomainValue>RA2: Multifamily Residential</bizdomainValue><sortOrder>50</sortOrder><standardChoiceValueI18NModels/></sharedDropDownValue><sharedDropDownValue><bdvSeqNbr>105482171</bdvSeqNbr><servProvCode>PORTCHESTER</servProvCode><auditModel><auditDate>2018-05-18T12:25:13-04:00</auditDate><auditID>ADMIN</auditID><auditStatus>A</auditStatus></auditModel><bizdomain>BLD_ZONING_DISTRICT</bizdomain><bizdomainValue>RA3: Multifamily Residential</bizdomainValue><sortOrder>60</sortOrder><standardChoiceValueI18NModels/></sharedDropDownValue><sharedDropDownValue><bdvSeqNbr>105482172</bdvSeqNbr><servProvCode>PORTCHESTER</servProvCode><auditModel><auditDate>2018-05-18T12:25:13-04:00</auditDate><auditID>ADMIN</auditID><auditStatus>A</auditStatus></auditModel><bizdomain>BLD_ZONING_DISTRICT</bizdomain><bizdomainValue>RA4: Multifamily Residential</bizdomainValue><sortOrder>70</sortOrder><standardChoiceValueI18NModels/></sharedDropDownValue></sharedDropDownList><type>ShareDropDown</type></sharedDropDownListModel>
<sharedDropDownListModel><name>BLD_ZONING USE CLASS</name><serviceProviderCode>PORTCHESTER</serviceProviderCode><auditModel><auditDate>2018-05-18T11:18:30-04:00</auditDate><auditID>ADMIN</auditID><auditStatus>A</auditStatus></auditModel><sharedDropDownList><sharedDropDownValue><bdvSeqNbr>105482150</bdvSeqNbr><servProvCode>PORTCHESTER</servProvCode><auditModel><auditDate>2018-05-18T12:14:11-04:00</auditDate><auditID>ADMIN</auditID><auditStatus>A</auditStatus></auditModel><bizdomain>BLD_ZONING USE CLASS</bizdomain><bizdomainValue>Accessory: CD accessory garden center</bizdomainValue><sortOrder>570</sortOrder><standardChoiceValueI18NModels/></sharedDropDownValue><sharedDropDownValue><bdvSeqNbr>105482151</bdvSeqNbr><servProvCode>PORTCHESTER</servProvCode><auditModel><auditDate>2018-05-18T12:14:53-04:00</auditDate><auditID>ADMIN</auditID><auditStatus>A</auditStatus></auditModel><bizdomain>BLD_ZONING USE CLASS</bizdomain><bizdomainValue>Accessory: Customary accessory structure or use, including cultural, recreational or athletic facili</bizdomainValue><sortOrder>580</sortOrder><standardChoiceValueI18NModels/></sharedDropDownValue><sharedDropDownValue><bdvSeqNbr>105482152</bdvSeqNbr><servProvCode>PORTCHESTER</servProvCode><auditModel><auditDate>2018-05-18T12:14:53-04:00</auditDate><auditID>ADMIN</auditID><auditStatus>A</auditStatus></auditModel><bizdomain>BLD_ZONING USE CLASS</bizdomain><bizdomainValue>Accessory: Ethical pharmacy</bizdomainValue><sortOrder>590</sortOrder><standardChoiceValueI18NModels/></sharedDropDownValue><sharedDropDownValue><bdvSeqNbr>105482153</bdvSeqNbr><servProvCode>PORTCHESTER</servProvCode><auditModel><auditDate>2018-05-18T12:15:20-04:00</auditDate><auditID>ADMIN</auditID><auditStatus>A</auditStatus></auditModel><bizdomain>BLD_ZONING USE CLASS</bizdomain><bizdomainValue>Accessory: Ground-floor office as accessory use to multifamily development</bizdomainValue><sortOrder>600</sortOrder><standardChoiceValueI18NModels/></sharedDropDownValue><sharedDropDownValue><bdvSeqNbr>105482154</bdvSeqNbr><servProvCode>PORTCHESTER</servProvCode><auditModel><auditDate>2018-05-18T12:15:37-04:00</auditDate><auditID>ADMIN</auditID><auditStatus>A</auditStatus></auditModel><bizdomain>BLD_ZONING USE CLASS</bizdomain><bizdomainValue>Accessory: Private garage or private off-street parking area, in accordance with § 345-14</bizdomainValue><sortOrder>610</sortOrder><standardChoiceValueI18NModels/></sharedDropDownValue><sharedDropDownValue><bdvSeqNbr>105482155</bdvSeqNbr><servProvCode>PORTCHESTER</servProvCode><auditModel><auditDate>2018-05-18T12:16:00-04:00</auditDate><auditID>ADMIN</auditID><auditStatus>A</auditStatus></auditModel><bizdomain>BLD_ZONING USE CLASS</bizdomain><bizdomainValue>Accessory: Sign, in accordance with § 345-15</bizdomainValue><sortOrder>620</sortOrder><standardChoiceValueI18NModels/></sharedDropDownValue><sharedDropDownValue><bdvSeqNbr>105482156</bdvSeqNbr><servProvCode>PORTCHESTER</servProvCode><auditModel><auditDate>2018-05-18T12:16:17-04:00</auditDate><auditID>ADMIN</auditID><auditStatus>A</auditStatus></auditModel><bizdomain>BLD_ZONING USE CLASS</bizdomain><bizdomainValue>Accessory: Tasting room as accessory use to brewery, distillery, or winery</bizdomainValue><sortOrder>630</sortOrder><standardChoiceValueI18NModels/></sharedDropDownValue><sharedDropDownValue><bdvSeqNbr>105482108</bdvSeqNbr><servProvCode>PORTCHESTER</servProvCode><auditModel><auditDate>2018-05-18T11:50:44-04:00</auditDate><auditID>ADMIN</auditID><auditStatus>A</auditStatus></auditModel><bizdomain>BLD_ZONING USE CLASS</bizdomain><bizdomainValue>Business: Automobile repair garage</bizdomainValue><sortOrder>160</sortOrder><standardChoiceValueI18NModels/></sharedDropDownValue><sharedDropDownValue><bdvSeqNbr>105482109</bdvSeqNbr><servProvCode>PORTCHESTER</servProvCode><auditModel><auditDate>2018-05-18T11:50:56-04:00</auditDate><auditID>ADMIN</auditID><auditStatus>A</auditStatus></auditModel><bizdomain>BLD_ZONING USE CLASS</bizdomain><bizdomainValue>Business: Bank, excluding drive-in</bizdomainValue><sortOrder>170</sortOrder><standardChoiceValueI18NModels/></sharedDropDownValue><sharedDropDownValue><bdvSeqNbr>105482110</bdvSeqNbr><servProvCode>PORTCHESTER</servProvCode><auditModel><auditDate>2018-05-18T11:51:04-04:00</auditDate><auditID>ADMIN</auditID><auditStatus>A</auditStatus></auditModel><bizdomain>BLD_ZONING USE CLASS</bizdomain><bizdomainValue>Business: Bar or tavern</bizdomainValue><sortOrder>180</sortOrder><standardChoiceValueI18NModels/></sharedDropDownValue><sharedDropDownValue><bdvSeqNbr>105482111</bdvSeqNbr><servProvCode>PORTCHESTER</servProvCode><auditModel><auditDate>2018-05-18T11:51:15-04:00</auditDate><auditID>ADMIN</auditID><auditStatus>A</auditStatus></auditModel><bizdomain>BLD_ZONING USE CLASS</bizdomain><bizdomainValue>Business: Bowling alley</bizdomainValue><sortOrder>190</sortOrder><standardChoiceValueI18NModels/></sharedDropDownValue><sharedDropDownValue><bdvSeqNbr>105482112</bdvSeqNbr><servProvCode>PORTCHESTER</servProvCode><auditModel><auditDate>2018-05-18T11:51:27-04:00</auditDate><auditID>ADMIN</auditID><auditStatus>A</auditStatus></auditModel><bizdomain>BLD_ZONING USE CLASS</bizdomain><bizdomainValue>Business: Cabaret</bizdomainValue><sortOrder>200</sortOrder><standardChoiceValueI18NModels/></sharedDropDownValue><sharedDropDownValue><bdvSeqNbr>105482113</bdvSeqNbr><servProvCode>PORTCHESTER</servProvCode><auditModel><auditDate>2018-05-18T11:51:44-04:00</auditDate><auditID>ADMIN</auditID><auditStatus>A</auditStatus></auditModel><bizdomain>BLD_ZONING USE CLASS</bizdomain><bizdomainValue>Business: Catering and events establishment</bizdomainValue><sortOrder>210</sortOrder><standardChoiceValueI18NModels/></sharedDropDownValue><sharedDropDownValue><bdvSeqNbr>105482114</bdvSeqNbr><servProvCode>PORTCHESTER</servProvCode><auditModel><auditDate>2018-05-18T11:51:58-04:00</auditDate><auditID>ADMIN</auditID><auditStatus>A</auditStatus></auditModel><bizdomain>BLD_ZONING USE CLASS</bizdomain><bizdomainValue>Business: Commercial indoor athletic training facility</bizdomainValue><sortOrder>220</sortOrder><standardChoiceValueI18NModels/></sharedDropDownValue><sharedDropDownValue><bdvSeqNbr>105482116</bdvSeqNbr><servProvCode>PORTCHESTER</servProvCode><auditModel><auditDate>2018-05-18T11:52:56-04:00</auditDate><auditID>ADMIN</auditID><auditStatus>A</auditStatus></auditModel><bizdomain>BLD_ZONING USE CLASS</bizdomain><bizdomainValue>Business: Drive-in and fast-food restaurant</bizdomainValue><sortOrder>240</sortOrder><standardChoiceValueI18NModels/></sharedDropDownValue><sharedDropDownValue><bdvSeqNbr>105482115</bdvSeqNbr><servProvCode>PORTCHESTER</servProvCode><auditModel><auditDate>2018-05-18T11:52:41-04:00</auditDate><auditID>ADMIN</auditID><auditStatus>A</auditStatus></auditModel><bizdomain>BLD_ZONING USE CLASS</bizdomain><bizdomainValue>Business: Drive-in establishments other than restaurant, or circus, carnival or outdoor amusements</bizdomainValue><sortOrder>230</sortOrder><standardChoiceValueI18NModels/></sharedDropDownValue><sharedDropDownValue><bdvSeqNbr>105482117</bdvSeqNbr><servProvCode>PORTCHESTER</servProvCode><auditModel><auditDate>2018-05-18T11:53:10-04:00</auditDate><auditID>ADMIN</auditID><auditStatus>A</auditStatus></auditModel><bizdomain>BLD_ZONING USE CLASS</bizdomain><bizdomainValue>Business: Food-processing shop</bizdomainValue><sortOrder>250</sortOrder><standardChoiceValueI18NModels/></sharedDropDownValue><sharedDropDownValue><bdvSeqNbr>105482118</bdvSeqNbr><servProvCode>PORTCHESTER</servProvCode><auditModel><auditDate>2018-05-18T11:53:21-04:00</auditDate><auditID>ADMIN</auditID><auditStatus>A</auditStatus></auditModel><bizdomain>BLD_ZONING USE CLASS</bizdomain><bizdomainValue>Business: Funeral home</bizdomainValue><sortOrder>260</sortOrder><standardChoiceValueI18NModels/></sharedDropDownValue><sharedDropDownValue><bdvSeqNbr>105482119</bdvSeqNbr><servProvCode>PORTCHESTER</servProvCode><auditModel><auditDate>2018-05-18T11:53:33-04:00</auditDate><auditID>ADMIN</auditID><auditStatus>A</auditStatus></auditModel><bizdomain>BLD_ZONING USE CLASS</bizdomain><bizdomainValue>Business: Gasoline station</bizdomainValue><sortOrder>270</sortOrder><standardChoiceValueI18NModels/></sharedDropDownValue><sharedDropDownValue><bdvSeqNbr>105482120</bdvSeqNbr><servProvCode>PORTCHESTER</servProvCode><auditModel><auditDate>2018-05-18T11:53:50-04:00</auditDate><auditID>ADMIN</auditID><auditStatus>A</auditStatus></auditModel><bizdomain>BLD_ZONING USE CLASS</bizdomain><bizdomainValue>Business: Health club, including racquetball facilities and indoor swimming pools</bizdomainValue><sortOrder>280</sortOrder><standardChoiceValueI18NModels/></sharedDropDownValue><sharedDropDownValue><bdvSeqNbr>105482121</bdvSeqNbr><servProvCode>PORTCHESTER</servProvCode><auditModel><auditDate>2018-05-18T11:54:58-04:00</auditDate><auditID>ADMIN</auditID><auditStatus>A</auditStatus></auditModel><bizdomain>BLD_ZONING USE CLASS</bizdomain><bizdomainValue>Business: Heating, air-conditioning, plumbing, electrical and similar construction</bizdomainValue><sortOrder>290</sortOrder><standardChoiceValueI18NModels/></sharedDropDownValue><sharedDropDownValue><bdvSeqNbr>105482122</bdvSeqNbr><servProvCode>PORTCHESTER</servProvCode><auditModel><auditDate>2018-05-18T11:55:10-04:00</auditDate><auditID>ADMIN</auditID><auditStatus>A</auditStatus></auditModel><bizdomain>BLD_ZONING USE CLASS</bizdomain><bizdomainValue>Business: Hotel or motel</bizdomainValue><sortOrder>300</sortOrder><standardChoiceValueI18NModels/></sharedDropDownValue><sharedDropDownValue><bdvSeqNbr>105482124</bdvSeqNbr><servProvCode>PORTCHESTER</servProvCode><auditModel><auditDate>2018-05-18T11:55:45-04:00</auditDate><auditID>ADMIN</auditID><auditStatus>A</auditStatus></auditModel><bizdomain>BLD_ZONING USE CLASS</bizdomain><bizdomainValue>Business: Hotel, limited-service</bizdomainValue><sortOrder>320</sortOrder><standardChoiceValueI18NModels/></sharedDropDownValue><sharedDropDownValue><bdvSeqNbr>105482123</bdvSeqNbr><servProvCode>PORTCHESTER</servProvCode><auditModel><auditDate>2018-05-18T11:55:23-04:00</auditDate><auditID>ADMIN</auditID><auditStatus>A</auditStatus></auditModel><bizdomain>BLD_ZONING USE CLASS</bizdomain><bizdomainValue>Business: Hotel, motel (floors above first floor)</bizdomainValue><sortOrder>310</sortOrder><standardChoiceValueI18NModels/></sharedDropDownValue><sharedDropDownValue><bdvSeqNbr>105482125</bdvSeqNbr><servProvCode>PORTCHESTER</servProvCode><auditModel><auditDate>2018-05-18T11:55:59-04:00</auditDate><auditID>ADMIN</auditID><auditStatus>A</auditStatus></auditModel><bizdomain>BLD_ZONING USE CLASS</bizdomain><bizdomainValue>Business: Marina or yacht club</bizdomainValue><sortOrder>330</sortOrder><standardChoiceValueI18NModels/></sharedDropDownValue><sharedDropDownValue><bdvSeqNbr>105482136</bdvSeqNbr><servProvCode>PORTCHESTER</servProvCode><auditModel><auditDate>2018-05-18T12:04:22-04:00</auditDate><auditID>ADMIN</auditID><auditStatus>A</auditStatus></auditModel><bizdomain>BLD_ZONING USE CLASS</bizdomain><bizdomainValue>Business: Microbrewery, microdistillery, microwinery or nanobrewery</bizdomainValue><sortOrder>440</sortOrder><standardChoiceValueI18NModels/></sharedDropDownValue><sharedDropDownValue><bdvSeqNbr>105482127</bdvSeqNbr><servProvCode>PORTCHESTER</servProvCode><auditModel><auditDate>2018-05-18T11:56:21-04:00</auditDate><auditID>ADMIN</auditID><auditStatus>A</auditStatus></auditModel><bizdomain>BLD_ZONING USE CLASS</bizdomain><bizdomainValue>Business: Motor vehicle sales lot, motor vehicle salesroom and accessory repair shop</bizdomainValue><sortOrder>350</sortOrder><standardChoiceValueI18NModels/></sharedDropDownValue><sharedDropDownValue><bdvSeqNbr>105482130</bdvSeqNbr><servProvCode>PORTCHESTER</servProvCode><auditModel><auditDate>2018-05-18T12:01:25-04:00</auditDate><auditID>ADMIN</auditID><auditStatus>A</auditStatus></auditModel><bizdomain>BLD_ZONING USE CLASS</bizdomain><bizdomainValue>Business: Off-street parking lot or garage for vehicles not inc storage of vehicles for sale</bizdomainValue><sortOrder>380</sortOrder><standardChoiceValueI18NModels/></sharedDropDownValue><sharedDropDownValue><bdvSeqNbr>105482128</bdvSeqNbr><servProvCode>PORTCHESTER</servProvCode><auditModel><auditDate>2018-05-18T11:59:35-04:00</auditDate><auditID>ADMIN</auditID><auditStatus>A</auditStatus></auditModel><bizdomain>BLD_ZONING USE CLASS</bizdomain><bizdomainValue>Business: Office, office building</bizdomainValue><sortOrder>360</sortOrder><standardChoiceValueI18NModels/></sharedDropDownValue><sharedDropDownValue><bdvSeqNbr>105482129</bdvSeqNbr><servProvCode>PORTCHESTER</servProvCode><auditModel><auditDate>2018-05-18T11:59:56-04:00</auditDate><auditID>ADMIN</auditID><auditStatus>A</auditStatus></auditModel><bizdomain>BLD_ZONING USE CLASS</bizdomain><bizdomainValue>Business: Office, office building (floors above first floor)</bizdomainValue><sortOrder>370</sortOrder><standardChoiceValueI18NModels/></sharedDropDownValue><sharedDropDownValue><bdvSeqNbr>105482131</bdvSeqNbr><servProvCode>PORTCHESTER</servProvCode><auditModel><auditDate>2018-05-18T12:01:38-04:00</auditDate><auditID>ADMIN</auditID><auditStatus>A</auditStatus></auditModel><bizdomain>BLD_ZONING USE CLASS</bizdomain><bizdomainValue>Business: Pawnshops</bizdomainValue><sortOrder>390</sortOrder><standardChoiceValueI18NModels/></sharedDropDownValue><sharedDropDownValue><bdvSeqNbr>105482133</bdvSeqNbr><servProvCode>PORTCHESTER</servProvCode><auditModel><auditDate>2018-05-18T12:02:11-04:00</auditDate><auditID>ADMIN</auditID><auditStatus>A</auditStatus></auditModel><bizdomain>BLD_ZONING USE CLASS</bizdomain><bizdomainValue>Business: Radio or television station studio excluding transmission tower (floors above first floor)</bizdomainValue><sortOrder>410</sortOrder><standardChoiceValueI18NModels/></sharedDropDownValue><sharedDropDownValue><bdvSeqNbr>105482132</bdvSeqNbr><servProvCode>PORTCHESTER</servProvCode><auditModel><auditDate>2018-05-18T12:01:57-04:00</auditDate><auditID>ADMIN</auditID><auditStatus>A</auditStatus></auditModel><bizdomain>BLD_ZONING USE CLASS</bizdomain><bizdomainValue>Business: Radio or television station studio, excluding transmission tower</bizdomainValue><sortOrder>400</sortOrder><standardChoiceValueI18NModels/></sharedDropDownValue><sharedDropDownValue><bdvSeqNbr>105482139</bdvSeqNbr><servProvCode>PORTCHESTER</servProvCode><auditModel><auditDate>2018-05-18T12:05:20-04:00</auditDate><auditID>ADMIN</auditID><auditStatus>A</auditStatus></auditModel><bizdomain>BLD_ZONING USE CLASS</bizdomain><bizdomainValue>Business: Retail store or personal service shop, services clearly incidental to retail sales on the</bizdomainValue><sortOrder>460</sortOrder><standardChoiceValueI18NModels/></sharedDropDownValue><sharedDropDownValue><bdvSeqNbr>105482134</bdvSeqNbr><servProvCode>PORTCHESTER</servProvCode><auditModel><auditDate>2018-05-18T12:02:29-04:00</auditDate><auditID>ADMIN</auditID><auditStatus>A</auditStatus></auditModel><bizdomain>BLD_ZONING USE CLASS</bizdomain><bizdomainValue>Business: Shooting ranges with accessory sales of guns and equipment</bizdomainValue><sortOrder>420</sortOrder><standardChoiceValueI18NModels/></sharedDropDownValue><sharedDropDownValue><bdvSeqNbr>105482135</bdvSeqNbr><servProvCode>PORTCHESTER</servProvCode><auditModel><auditDate>2018-05-18T12:04:02-04:00</auditDate><auditID>ADMIN</auditID><auditStatus>A</auditStatus></auditModel><bizdomain>BLD_ZONING USE CLASS</bizdomain><bizdomainValue>Business: Table-service restaurant or brewpub, not drive-in,open front,curb-services</bizdomainValue><sortOrder>430</sortOrder><standardChoiceValueI18NModels/></sharedDropDownValue><sharedDropDownValue><bdvSeqNbr>105482137</bdvSeqNbr><servProvCode>PORTCHESTER</servProvCode><auditModel><auditDate>2018-05-18T12:04:35-04:00</auditDate><auditID>ADMIN</auditID><auditStatus>A</auditStatus></auditModel><bizdomain>BLD_ZONING USE CLASS</bizdomain><bizdomainValue>Business: Tax preparation office</bizdomainValue><sortOrder>450</sortOrder><standardChoiceValueI18NModels/></sharedDropDownValue><sharedDropDownValue><bdvSeqNbr>105482140</bdvSeqNbr><servProvCode>PORTCHESTER</servProvCode><auditModel><auditDate>2018-05-18T12:06:01-04:00</auditDate><auditID>ADMIN</auditID><auditStatus>A</auditStatus></auditModel><bizdomain>BLD_ZONING USE CLASS</bizdomain><bizdomainValue>Business: Veterinary hospital or board and care of small animals</bizdomainValue><sortOrder>470</sortOrder><standardChoiceValueI18NModels/></sharedDropDownValue><sharedDropDownValue><bdvSeqNbr>105482141</bdvSeqNbr><servProvCode>PORTCHESTER</servProvCode><auditModel><auditDate>2018-05-18T12:06:23-04:00</auditDate><auditID>ADMIN</auditID><auditStatus>A</auditStatus></auditModel><bizdomain>BLD_ZONING USE CLASS</bizdomain><bizdomainValue>Business: Wholesale business, storage building or warehouse</bizdomainValue><sortOrder>480</sortOrder><standardChoiceValueI18NModels/></sharedDropDownValue><sharedDropDownValue><bdvSeqNbr>105482099</bdvSeqNbr><servProvCode>PORTCHESTER</servProvCode><auditModel><auditDate>2018-05-18T12:14:53-04:00</auditDate><auditID>ADMIN</auditID><auditStatus>A</auditStatus></auditModel><bizdomain>BLD_ZONING USE CLASS</bizdomain><bizdomainValue>General Community: Assembly hall</bizdomainValue><sortOrder>70</sortOrder><standardChoiceValueI18NModels/></sharedDropDownValue><sharedDropDownValue><bdvSeqNbr>105482100</bdvSeqNbr><servProvCode>PORTCHESTER</servProvCode><auditModel><auditDate>2018-05-18T12:14:53-04:00</auditDate><auditID>ADMIN</auditID><auditStatus>A</auditStatus></auditModel><bizdomain>BLD_ZONING USE CLASS</bizdomain><bizdomainValue>General Community: Convalescent home or nursing home</bizdomainValue><sortOrder>80</sortOrder><standardChoiceValueI18NModels/></sharedDropDownValue><sharedDropDownValue><bdvSeqNbr>105482101</bdvSeqNbr><servProvCode>PORTCHESTER</servProvCode><auditModel><auditDate>2018-05-18T12:14:53-04:00</auditDate><auditID>ADMIN</auditID><auditStatus>A</auditStatus></auditModel><bizdomain>BLD_ZONING USE CLASS</bizdomain><bizdomainValue>General Community: Hospital</bizdomainValue><sortOrder>90</sortOrder><standardChoiceValueI18NModels/></sharedDropDownValue><sharedDropDownValue><bdvSeqNbr>105482102</bdvSeqNbr><servProvCode>PORTCHESTER</servProvCode><auditModel><auditDate>2018-05-18T12:10:55-04:00</auditDate><auditID>ADMIN</auditID><auditStatus>A</auditStatus></auditModel><bizdomain>BLD_ZONING USE CLASS</bizdomain><bizdomainValue>General Community: Medical and Dental not inc O.R, Xray or therapy room</bizdomainValue><sortOrder>100</sortOrder><standardChoiceValueI18NModels/></sharedDropDownValue><sharedDropDownValue><bdvSeqNbr>105482107</bdvSeqNbr><servProvCode>PORTCHESTER</servProvCode><auditModel><auditDate>2018-05-18T11:50:22-04:00</auditDate><auditID>ADMIN</auditID><auditStatus>A</auditStatus></auditModel><bizdomain>BLD_ZONING USE CLASS</bizdomain><bizdomainValue>General Community: Medical and dental offices including x-ray and therapy room</bizdomainValue><sortOrder>150</sortOrder><standardChoiceValueI18NModels/></sharedDropDownValue><sharedDropDownValue><bdvSeqNbr>105482103</bdvSeqNbr><servProvCode>PORTCHESTER</servProvCode><auditModel><auditDate>2018-05-18T11:48:05-04:00</auditDate><auditID>ADMIN</auditID><auditStatus>A</auditStatus></auditModel><bizdomain>BLD_ZONING USE CLASS</bizdomain><bizdomainValue>General Community: Membership  club or simialr social institution not for profit</bizdomainValue><sortOrder>110</sortOrder><standardChoiceValueI18NModels/></sharedDropDownValue><sharedDropDownValue><bdvSeqNbr>105482104</bdvSeqNbr><servProvCode>PORTCHESTER</servProvCode><auditModel><auditDate>2018-05-18T11:48:24-04:00</auditDate><auditID>ADMIN</auditID><auditStatus>A</auditStatus></auditModel><bizdomain>BLD_ZONING USE CLASS</bizdomain><bizdomainValue>General Community: Nursery school, day camp or day-care center</bizdomainValue><sortOrder>120</sortOrder><standardChoiceValueI18NModels/></sharedDropDownValue><sharedDropDownValue><bdvSeqNbr>105482105</bdvSeqNbr><servProvCode>PORTCHESTER</servProvCode><auditModel><auditDate>2018-05-18T11:48:41-04:00</auditDate><auditID>ADMIN</auditID><auditStatus>A</auditStatus></auditModel><bizdomain>BLD_ZONING USE CLASS</bizdomain><bizdomainValue>General Community: Public utility facility</bizdomainValue><sortOrder>130</sortOrder><standardChoiceValueI18NModels/></sharedDropDownValue><sharedDropDownValue><bdvSeqNbr>105482106</bdvSeqNbr><servProvCode>PORTCHESTER</servProvCode><auditModel><auditDate>2018-05-18T11:50:03-04:00</auditDate><auditID>ADMIN</auditID><auditStatus>A</auditStatus></auditModel><bizdomain>BLD_ZONING USE CLASS</bizdomain><bizdomainValue>General Community: School having a curriculum equivalent to that in public schools</bizdomainValue><sortOrder>140</sortOrder><standardChoiceValueI18NModels/></sharedDropDownValue><sharedDropDownValue><bdvSeqNbr>105482126</bdvSeqNbr><servProvCode>PORTCHESTER</servProvCode><auditModel><auditDate>2018-05-18T11:48:59-04:00</auditDate><auditID>ADMIN</auditID><auditStatus>A</auditStatus></auditModel><bizdomain>BLD_ZONING USE CLASS</bizdomain><bizdomainValue>General Community: Theater</bizdomainValue><sortOrder>134</sortOrder><standardChoiceValueI18NModels/></sharedDropDownValue><sharedDropDownValue><bdvSeqNbr>105482142</bdvSeqNbr><servProvCode>PORTCHESTER</servProvCode><auditModel><auditDate>2018-05-18T12:08:09-04:00</auditDate><auditID>ADMIN</auditID><auditStatus>A</auditStatus></auditModel><bizdomain>BLD_ZONING USE CLASS</bizdomain><bizdomainValue>Industrial: Brewery, distillery, or winery</bizdomainValue><sortOrder>490</sortOrder><standardChoiceValueI18NModels/></sharedDropDownValue><sharedDropDownValue><bdvSeqNbr>105482143</bdvSeqNbr><servProvCode>PORTCHESTER</servProvCode><auditModel><auditDate>2018-05-18T12:07:45-04:00</auditDate><auditID>ADMIN</auditID><auditStatus>A</auditStatus></auditModel><bizdomain>BLD_ZONING USE CLASS</bizdomain><bizdomainValue>Industrial: Cold storage plant, ice plant, bottling central distribution station, light or power pla</bizdomainValue><sortOrder>490</sortOrder><standardChoiceValueI18NModels/></sharedDropDownValue><sharedDropDownValue><bdvSeqNbr>105482144</bdvSeqNbr><servProvCode>PORTCHESTER</servProvCode><auditModel><auditDate>2018-05-18T12:09:16-04:00</auditDate><auditID>ADMIN</auditID><auditStatus>A</auditStatus></auditModel><bizdomain>BLD_ZONING USE CLASS</bizdomain><bizdomainValue>Industrial: Creamery, ice cream plant or bakery plant</bizdomainValue><sortOrder>510</sortOrder><standardChoiceValueI18NModels/></sharedDropDownValue><sharedDropDownValue><bdvSeqNbr>105482145</bdvSeqNbr><servProvCode>PORTCHESTER</servProvCode><auditModel><auditDate>2018-05-18T12:13:05-04:00</auditDate><auditID>ADMIN</auditID><auditStatus>A</auditStatus></auditModel><bizdomain>BLD_ZONING USE CLASS</bizdomain><bizdomainValue>Industrial: Laundry or dry-cleaning plant</bizdomainValue><sortOrder>520</sortOrder><standardChoiceValueI18NModels/></sharedDropDownValue><sharedDropDownValue><bdvSeqNbr>105482146</bdvSeqNbr><servProvCode>PORTCHESTER</servProvCode><auditModel><auditDate>2018-05-18T12:13:05-04:00</auditDate><auditID>ADMIN</auditID><auditStatus>A</auditStatus></auditModel><bizdomain>BLD_ZONING USE CLASS</bizdomain><bizdomainValue>Industrial: Nonnuisance industry, provided that in nonindustrial districts equip is used that has a</bizdomainValue><sortOrder>530</sortOrder><standardChoiceValueI18NModels/></sharedDropDownValue><sharedDropDownValue><bdvSeqNbr>105482147</bdvSeqNbr><servProvCode>PORTCHESTER</servProvCode><auditModel><auditDate>2018-05-18T12:13:05-04:00</auditDate><auditID>ADMIN</auditID><auditStatus>A</auditStatus></auditModel><bizdomain>BLD_ZONING USE CLASS</bizdomain><bizdomainValue>Industrial: Open storage of equipment or materials</bizdomainValue><sortOrder>540</sortOrder><standardChoiceValueI18NModels/></sharedDropDownValue><sharedDropDownValue><bdvSeqNbr>105482148</bdvSeqNbr><servProvCode>PORTCHESTER</servProvCode><auditModel><auditDate>2018-05-18T12:13:05-04:00</auditDate><auditID>ADMIN</auditID><auditStatus>A</auditStatus></auditModel><bizdomain>BLD_ZONING USE CLASS</bizdomain><bizdomainValue>Industrial: Printing plant</bizdomainValue><sortOrder>550</sortOrder><standardChoiceValueI18NModels/></sharedDropDownValue><sharedDropDownValue><bdvSeqNbr>105482149</bdvSeqNbr><servProvCode>PORTCHESTER</servProvCode><auditModel><auditDate>2018-05-18T12:13:47-04:00</auditDate><auditID>ADMIN</auditID><auditStatus>A</auditStatus></auditModel><bizdomain>BLD_ZONING USE CLASS</bizdomain><bizdomainValue>Industrial: Research laboratory</bizdomainValue><sortOrder>560</sortOrder><standardChoiceValueI18NModels/></sharedDropDownValue><sharedDropDownValue><bdvSeqNbr>105482088</bdvSeqNbr><servProvCode>PORTCHESTER</servProvCode><auditModel><auditDate>2018-05-18T12:14:53-04:00</auditDate><auditID>ADMIN</auditID><auditStatus>A</auditStatus></auditModel><bizdomain>BLD_ZONING USE CLASS</bizdomain><bizdomainValue>Residential Community: Church or other place of worship</bizdomainValue><sortOrder>60</sortOrder><standardChoiceValueI18NModels/></sharedDropDownValue><sharedDropDownValue><bdvSeqNbr>105482084</bdvSeqNbr><servProvCode>PORTCHESTER</servProvCode><auditModel><auditDate>2018-05-18T12:14:53-04:00</auditDate><auditID>ADMIN</auditID><auditStatus>A</auditStatus></auditModel><bizdomain>BLD_ZONING USE CLASS</bizdomain><bizdomainValue>Residential: 1-family dwelling</bizdomainValue><sortOrder>20</sortOrder><standardChoiceValueI18NModels/></sharedDropDownValue><sharedDropDownValue><bdvSeqNbr>105482085</bdvSeqNbr><servProvCode>PORTCHESTER</servProvCode><auditModel><auditDate>2018-05-18T12:14:53-04:00</auditDate><auditID>ADMIN</auditID><auditStatus>A</auditStatus></auditModel><bizdomain>BLD_ZONING USE CLASS</bizdomain><bizdomainValue>Residential: 2-family dwelling</bizdomainValue><sortOrder>30</sortOrder><standardChoiceValueI18NModels/></sharedDropDownValue><sharedDropDownValue><bdvSeqNbr>105482086</bdvSeqNbr><servProvCode>PORTCHESTER</servProvCode><auditModel><auditDate>2018-05-18T12:14:53-04:00</auditDate><auditID>ADMIN</auditID><auditStatus>A</auditStatus></auditModel><bizdomain>BLD_ZONING USE CLASS</bizdomain><bizdomainValue>Residential: Multifamily dwelling</bizdomainValue><sortOrder>40</sortOrder><standardChoiceValueI18NModels/></sharedDropDownValue><sharedDropDownValue><bdvSeqNbr>105482087</bdvSeqNbr><servProvCode>PORTCHESTER</servProvCode><auditModel><auditDate>2018-05-18T12:14:53-04:00</auditDate><auditID>ADMIN</auditID><auditStatus>A</auditStatus></auditModel><bizdomain>BLD_ZONING USE CLASS</bizdomain><bizdomainValue>Residential: Multifamily dwelling (floors above first floor)</bizdomainValue><sortOrder>50</sortOrder><standardChoiceValueI18NModels/></sharedDropDownValue></sharedDropDownList><type>ShareDropDown</type></sharedDropDownListModel>
<sharedDropDownListModel><name>BLD_NEW_TYPE</name><serviceProviderCode>PORTCHESTER</serviceProviderCode><auditModel><auditDate>2019-06-28T11:51:04-04:00</auditDate><auditID>ADMIN</auditID><auditStatus>A</auditStatus></auditModel><description>Sub-Permits</description><sharedDropDownList><sharedDropDownValue><bdvSeqNbr>105619090</bdvSeqNbr><servProvCode>PORTCHESTER</servProvCode><auditModel><auditDate>2019-07-02T11:00:37-04:00</auditDate><auditID>ADMIN</auditID><auditStatus>A</auditStatus></auditModel><bizdomain>BLD_NEW_TYPE</bizdomain><bizdomainValue>*Fire Sprinkler System*</bizdomainValue><sortOrder>0</sortOrder><standardChoiceValueI18NModels/></sharedDropDownValue><sharedDropDownValue><bdvSeqNbr>105619018</bdvSeqNbr><servProvCode>PORTCHESTER</servProvCode><auditModel><auditDate>2019-07-02T11:00:37-04:00</auditDate><auditID>ADMIN</auditID><auditStatus>A</auditStatus></auditModel><bizdomain>BLD_NEW_TYPE</bizdomain><bizdomainValue>Addition</bizdomainValue><sortOrder>0</sortOrder><standardChoiceValueI18NModels/></sharedDropDownValue><sharedDropDownValue><bdvSeqNbr>105619019</bdvSeqNbr><servProvCode>PORTCHESTER</servProvCode><auditModel><auditDate>2019-07-02T11:00:37-04:00</auditDate><auditID>ADMIN</auditID><auditStatus>A</auditStatus></auditModel><bizdomain>BLD_NEW_TYPE</bizdomain><bizdomainValue>Alteration &amp; Change In Use</bizdomainValue><sortOrder>0</sortOrder><standardChoiceValueI18NModels/></sharedDropDownValue><sharedDropDownValue><bdvSeqNbr>105619016</bdvSeqNbr><servProvCode>PORTCHESTER</servProvCode><auditModel><auditDate>2019-07-02T11:00:37-04:00</auditDate><auditID>ADMIN</auditID><auditStatus>A</auditStatus></auditModel><bizdomain>BLD_NEW_TYPE</bizdomain><bizdomainValue>Building Systems</bizdomainValue><sortOrder>0</sortOrder><standardChoiceValueI18NModels/></sharedDropDownValue><sharedDropDownValue><bdvSeqNbr>105619020</bdvSeqNbr><servProvCode>PORTCHESTER</servProvCode><auditModel><auditDate>2019-07-02T11:00:37-04:00</auditDate><auditID>ADMIN</auditID><auditStatus>A</auditStatus></auditModel><bizdomain>BLD_NEW_TYPE</bizdomain><bizdomainValue>Demolition</bizdomainValue><sortOrder>0</sortOrder><standardChoiceValueI18NModels/></sharedDropDownValue><sharedDropDownValue><bdvSeqNbr>105619082</bdvSeqNbr><servProvCode>PORTCHESTER</servProvCode><auditModel><auditDate>2019-07-02T11:00:37-04:00</auditDate><auditID>ADMIN</auditID><auditStatus>A</auditStatus></auditModel><bizdomain>BLD_NEW_TYPE</bizdomain><bizdomainValue>Electrical</bizdomainValue><sortOrder>0</sortOrder><standardChoiceValueI18NModels/></sharedDropDownValue><sharedDropDownValue><bdvSeqNbr>105619015</bdvSeqNbr><servProvCode>PORTCHESTER</servProvCode><auditModel><auditDate>2019-07-02T11:03:08-04:00</auditDate><auditID>ADMIN</auditID><auditStatus>A</auditStatus></auditModel><bizdomain>BLD_NEW_TYPE</bizdomain><bizdomainValue>Fire Protection Equipment</bizdomainValue><sortOrder>0</sortOrder><standardChoiceValueI18NModels/></sharedDropDownValue><sharedDropDownValue><bdvSeqNbr>105619088</bdvSeqNbr><servProvCode>PORTCHESTER</servProvCode><auditModel><auditDate>2019-07-02T11:00:37-04:00</auditDate><auditID>ADMIN</auditID><auditStatus>A</auditStatus></auditModel><bizdomain>BLD_NEW_TYPE</bizdomain><bizdomainValue>Land Development</bizdomainValue><sortOrder>0</sortOrder><standardChoiceValueI18NModels/></sharedDropDownValue><sharedDropDownValue><bdvSeqNbr>105619083</bdvSeqNbr><servProvCode>PORTCHESTER</servProvCode><auditModel><auditDate>2019-07-02T11:00:37-04:00</auditDate><auditID>ADMIN</auditID><auditStatus>A</auditStatus></auditModel><bizdomain>BLD_NEW_TYPE</bizdomain><bizdomainValue>Mechanical</bizdomainValue><sortOrder>0</sortOrder><standardChoiceValueI18NModels/></sharedDropDownValue><sharedDropDownValue><bdvSeqNbr>105619021</bdvSeqNbr><servProvCode>PORTCHESTER</servProvCode><auditModel><auditDate>2019-06-28T11:51:31-04:00</auditDate><auditID>ADMIN</auditID><auditStatus>A</auditStatus></auditModel><bizdomain>BLD_NEW_TYPE</bizdomain><bizdomainValue>New Construction</bizdomainValue><sortOrder>0</sortOrder><standardChoiceValueI18NModels/></sharedDropDownValue><sharedDropDownValue><bdvSeqNbr>105619087</bdvSeqNbr><servProvCode>PORTCHESTER</servProvCode><auditModel><auditDate>2019-07-02T10:38:09-04:00</auditDate><auditID>ADMIN</auditID><auditStatus>A</auditStatus></auditModel><bizdomain>BLD_NEW_TYPE</bizdomain><bizdomainValue>Occupancy Public Sidewalk</bizdomainValue><sortOrder>0</sortOrder><standardChoiceValueI18NModels/></sharedDropDownValue><sharedDropDownValue><bdvSeqNbr>105619084</bdvSeqNbr><servProvCode>PORTCHESTER</servProvCode><auditModel><auditDate>2019-06-28T11:51:56-04:00</auditDate><auditID>ADMIN</auditID><auditStatus>A</auditStatus></auditModel><bizdomain>BLD_NEW_TYPE</bizdomain><bizdomainValue>Plumbing</bizdomainValue><sortOrder>0</sortOrder><standardChoiceValueI18NModels/></sharedDropDownValue><sharedDropDownValue><bdvSeqNbr>105619086</bdvSeqNbr><servProvCode>PORTCHESTER</servProvCode><auditModel><auditDate>2019-06-28T11:51:56-04:00</auditDate><auditID>ADMIN</auditID><auditStatus>A</auditStatus></auditModel><bizdomain>BLD_NEW_TYPE</bizdomain><bizdomainValue>Pool/Spa</bizdomainValue><sortOrder>0</sortOrder><standardChoiceValueI18NModels/></sharedDropDownValue><sharedDropDownValue><bdvSeqNbr>105619085</bdvSeqNbr><servProvCode>PORTCHESTER</servProvCode><auditModel><auditDate>2019-07-02T10:37:15-04:00</auditDate><auditID>ADMIN</auditID><auditStatus>A</auditStatus></auditModel><bizdomain>BLD_NEW_TYPE</bizdomain><bizdomainValue>Re-Roof &amp; Re-Covering</bizdomainValue><sortOrder>0</sortOrder><standardChoiceValueI18NModels/></sharedDropDownValue><sharedDropDownValue><bdvSeqNbr>105619013</bdvSeqNbr><servProvCode>PORTCHESTER</servProvCode><auditModel><auditDate>2019-06-28T11:51:31-04:00</auditDate><auditID>ADMIN</auditID><auditStatus>A</auditStatus></auditModel><bizdomain>BLD_NEW_TYPE</bizdomain><bizdomainValue>Shell Permit</bizdomainValue><sortOrder>0</sortOrder><standardChoiceValueI18NModels/></sharedDropDownValue><sharedDropDownValue><bdvSeqNbr>105619089</bdvSeqNbr><servProvCode>PORTCHESTER</servProvCode><auditModel><auditDate>2019-07-02T10:44:48-04:00</auditDate><auditID>ADMIN</auditID><auditStatus>A</auditStatus></auditModel><bizdomain>BLD_NEW_TYPE</bizdomain><bizdomainValue>Sign</bizdomainValue><sortOrder>0</sortOrder><standardChoiceValueI18NModels/></sharedDropDownValue><sharedDropDownValue><bdvSeqNbr>105619092</bdvSeqNbr><servProvCode>PORTCHESTER</servProvCode><auditModel><auditDate>2019-07-29T14:53:59-04:00</auditDate><auditID>ADMIN</auditID><auditStatus>A</auditStatus></auditModel><bizdomain>BLD_NEW_TYPE</bizdomain><bizdomainValue>Solar Panels &amp; Generators</bizdomainValue><sortOrder>0</sortOrder><standardChoiceValueI18NModels/></sharedDropDownValue><sharedDropDownValue><bdvSeqNbr>105619012</bdvSeqNbr><servProvCode>PORTCHESTER</servProvCode><auditModel><auditDate>2019-06-28T11:51:31-04:00</auditDate><auditID>ADMIN</auditID><auditStatus>A</auditStatus></auditModel><bizdomain>BLD_NEW_TYPE</bizdomain><bizdomainValue>Special Building Permit</bizdomainValue><sortOrder>0</sortOrder><standardChoiceValueI18NModels/></sharedDropDownValue><sharedDropDownValue><bdvSeqNbr>105619091</bdvSeqNbr><servProvCode>PORTCHESTER</servProvCode><auditModel><auditDate>2019-07-02T10:35:56-04:00</auditDate><auditID>ADMIN</auditID><auditStatus>A</auditStatus></auditModel><bizdomain>BLD_NEW_TYPE</bizdomain><bizdomainValue>Storage Tank, Bulk Distribution</bizdomainValue><sortOrder>0</sortOrder><standardChoiceValueI18NModels/></sharedDropDownValue><sharedDropDownValue><bdvSeqNbr>105619017</bdvSeqNbr><servProvCode>PORTCHESTER</servProvCode><auditModel><auditDate>2019-06-28T11:51:31-04:00</auditDate><auditID>ADMIN</auditID><auditStatus>A</auditStatus></auditModel><bizdomain>BLD_NEW_TYPE</bizdomain><bizdomainValue>Telecommunications Facility</bizdomainValue><sortOrder>0</sortOrder><standardChoiceValueI18NModels/></sharedDropDownValue><sharedDropDownValue><bdvSeqNbr>105619014</bdvSeqNbr><servProvCode>PORTCHESTER</servProvCode><auditModel><auditDate>2019-07-02T10:38:57-04:00</auditDate><auditID>ADMIN</auditID><auditStatus>A</auditStatus></auditModel><bizdomain>BLD_NEW_TYPE</bizdomain><bizdomainValue>Tenant Fit-Out</bizdomainValue><sortOrder>0</sortOrder><standardChoiceValueI18NModels/></sharedDropDownValue></sharedDropDownList><type>ShareDropDown</type></sharedDropDownListModel>
</list>