<?xml version="1.0" encoding="UTF-8" standalone="yes"?>
<list  version="9.0.0" minorVersion="26" exportUser="ADMIN" exportDateTime="08/14/2019 10:49 AM" description="null"><smartChoiceGroup refId="1@SmartChoiceGroupModel"><groupCode>BLD_NEW</groupCode><serviceProviderCode>PORTCHESTER</serviceProviderCode><smartChoiceModels><smartChoice><functionName>ADDITIONAL INFO</functionName><groupName>BLD_NEW</groupName><serviceProviderCode>PORTCHESTER</serviceProviderCode><auditModel><auditDate>2019-07-30T09:24:43-04:00</auditDate><auditID>ADMIN</auditID><auditStatus>A</auditStatus></auditModel><displayFlg>N</displayFlg><displayOrder>13</displayOrder><smartChoiceOptionModels/></smartChoice><smartChoice><functionName>ADDRESS</functionName><groupName>BLD_NEW</groupName><serviceProviderCode>PORTCHESTER</serviceProviderCode><auditModel><auditDate>2019-07-30T09:24:43-04:00</auditDate><auditID>ADMIN</auditID><auditStatus>A</auditStatus></auditModel><displayFlg>Y</displayFlg><displayOrder>4</displayOrder><requiredFlg>Y</requiredFlg><smartChoiceOptionModels/><validateFlg>N</validateFlg></smartChoice><smartChoice><functionName>APPLICANT</functionName><groupName>BLD_NEW</groupName><serviceProviderCode>PORTCHESTER</serviceProviderCode><auditModel><auditDate>2019-07-30T09:24:43-04:00</auditDate><auditID>ADMIN</auditID><auditStatus>A</auditStatus></auditModel><defaultValue>Agent</defaultValue><displayBtnFlag>00</displayBtnFlag><displayFlg>N</displayFlg><displayOrder>15</displayOrder><requiredFlg>N</requiredFlg><smartChoiceOptionModels/><validateFlg>N</validateFlg></smartChoice><smartChoice><functionName>APPLICATION SPECIFIC INFO</functionName><groupName>BLD_NEW</groupName><serviceProviderCode>PORTCHESTER</serviceProviderCode><auditModel><auditDate>2019-07-30T09:24:43-04:00</auditDate><auditID>ADMIN</auditID><auditStatus>A</auditStatus></auditModel><displayFlg>Y</displayFlg><displayOrder>6</displayOrder><smartChoiceOptionModels/></smartChoice><smartChoice><functionName>APPLICATION STATUS</functionName><groupName>BLD_NEW</groupName><serviceProviderCode>PORTCHESTER</serviceProviderCode><auditModel><auditDate>2019-07-30T09:24:43-04:00</auditDate><auditID>ADMIN</auditID><auditStatus>A</auditStatus></auditModel><displayFlg>N</displayFlg><displayOrder>14</displayOrder><smartChoiceOptionModels/></smartChoice><smartChoice><functionName>ASSET</functionName><groupName>BLD_NEW</groupName><serviceProviderCode>PORTCHESTER</serviceProviderCode><auditModel><auditDate>2019-07-30T09:24:43-04:00</auditDate><auditID>ADMIN</auditID><auditStatus>A</auditStatus></auditModel><displayFlg>N</displayFlg><displayOrder>20</displayOrder><requiredFlg>N</requiredFlg><smartChoiceOptionModels/></smartChoice><smartChoice><functionName>ASSOCIATED GIS FEATURES</functionName><groupName>BLD_NEW</groupName><serviceProviderCode>PORTCHESTER</serviceProviderCode><auditModel><auditDate>2019-07-30T09:24:43-04:00</auditDate><auditID>ADMIN</auditID><auditStatus>A</auditStatus></auditModel><displayFlg>N</displayFlg><displayOrder>16</displayOrder><requiredFlg>Y</requiredFlg><smartChoiceOptionModels/></smartChoice><smartChoice><functionName>ATTACHED TABLES</functionName><groupName>BLD_NEW</groupName><serviceProviderCode>PORTCHESTER</serviceProviderCode><auditModel><auditDate>2019-07-30T09:24:43-04:00</auditDate><auditID>ADMIN</auditID><auditStatus>A</auditStatus></auditModel><displayFlg>Y</displayFlg><displayOrder>7</displayOrder><smartChoiceOptionModels/></smartChoice><smartChoice><functionName>CAPDETAIL</functionName><groupName>BLD_NEW</groupName><serviceProviderCode>PORTCHESTER</serviceProviderCode><auditModel><auditDate>2019-07-30T09:24:43-04:00</auditDate><auditID>ADMIN</auditID><auditStatus>A</auditStatus></auditModel><displayFlg>Y</displayFlg><displayOrder>1</displayOrder><requiredFlg>Y</requiredFlg><smartChoiceOptionModels/></smartChoice><smartChoice><functionName>COMMENTS</functionName><groupName>BLD_NEW</groupName><serviceProviderCode>PORTCHESTER</serviceProviderCode><auditModel><auditDate>2019-07-30T09:24:43-04:00</auditDate><auditID>ADMIN</auditID><auditStatus>A</auditStatus></auditModel><displayFlg>N</displayFlg><displayOrder>26</displayOrder><requiredFlg>Y</requiredFlg><smartChoiceOptionModels/></smartChoice><smartChoice><functionName>COMPLAINANT INFO</functionName><groupName>BLD_NEW</groupName><serviceProviderCode>PORTCHESTER</serviceProviderCode><auditModel><auditDate>2019-07-30T09:24:43-04:00</auditDate><auditID>ADMIN</auditID><auditStatus>A</auditStatus></auditModel><displayFlg>N</displayFlg><displayOrder>11</displayOrder><requiredFlg>Y</requiredFlg><smartChoiceOptionModels/></smartChoice><smartChoice><functionName>COMPLAINT INFO</functionName><groupName>BLD_NEW</groupName><serviceProviderCode>PORTCHESTER</serviceProviderCode><auditModel><auditDate>2019-07-30T09:24:43-04:00</auditDate><auditID>ADMIN</auditID><auditStatus>A</auditStatus></auditModel><displayFlg>N</displayFlg><displayOrder>12</displayOrder><requiredFlg>Y</requiredFlg><smartChoiceOptionModels/></smartChoice><smartChoice><functionName>CONTACT1</functionName><groupName>BLD_NEW</groupName><serviceProviderCode>PORTCHESTER</serviceProviderCode><auditModel><auditDate>2019-07-30T09:24:43-04:00</auditDate><auditID>ADMIN</auditID><auditStatus>A</auditStatus></auditModel><defaultValue>Agent</defaultValue><displayBtnFlag>00</displayBtnFlag><displayFlg>Y</displayFlg><displayOrder>2</displayOrder><requiredFlg>Y</requiredFlg><smartChoiceOptionModels/><validateFlg>N</validateFlg></smartChoice><smartChoice><functionName>CONTACT2</functionName><groupName>BLD_NEW</groupName><serviceProviderCode>PORTCHESTER</serviceProviderCode><auditModel><auditDate>2019-07-30T09:24:43-04:00</auditDate><auditID>ADMIN</auditID><auditStatus>A</auditStatus></auditModel><defaultValue>Agent</defaultValue><displayBtnFlag>11</displayBtnFlag><displayFlg>N</displayFlg><displayOrder>8</displayOrder><requiredFlg>N</requiredFlg><smartChoiceOptionModels/><validateFlg>N</validateFlg></smartChoice><smartChoice><functionName>CONTACT3</functionName><groupName>BLD_NEW</groupName><serviceProviderCode>PORTCHESTER</serviceProviderCode><auditModel><auditDate>2019-07-30T09:24:43-04:00</auditDate><auditID>ADMIN</auditID><auditStatus>A</auditStatus></auditModel><defaultValue>Agent</defaultValue><displayBtnFlag>11</displayBtnFlag><displayFlg>N</displayFlg><displayOrder>10</displayOrder><requiredFlg>N</requiredFlg><smartChoiceOptionModels/><validateFlg>N</validateFlg></smartChoice><smartChoice><functionName>CONTINUINGEDUCATION</functionName><groupName>BLD_NEW</groupName><serviceProviderCode>PORTCHESTER</serviceProviderCode><auditModel><auditDate>2019-07-30T09:24:43-04:00</auditDate><auditID>ADMIN</auditID><auditStatus>A</auditStatus></auditModel><displayFlg>N</displayFlg><displayOrder>24</displayOrder><requiredFlg>Y</requiredFlg><smartChoiceOptionModels/></smartChoice><smartChoice><functionName>DOCUMENT</functionName><groupName>BLD_NEW</groupName><serviceProviderCode>PORTCHESTER</serviceProviderCode><auditModel><auditDate>2019-07-30T09:24:43-04:00</auditDate><auditID>ADMIN</auditID><auditStatus>A</auditStatus></auditModel><displayFlg>Y</displayFlg><displayOrder>9</displayOrder><requiredFlg>Y</requiredFlg><smartChoiceOptionModels/></smartChoice><smartChoice><functionName>EDUCATION</functionName><groupName>BLD_NEW</groupName><serviceProviderCode>PORTCHESTER</serviceProviderCode><auditModel><auditDate>2019-07-30T09:24:43-04:00</auditDate><auditID>ADMIN</auditID><auditStatus>A</auditStatus></auditModel><displayFlg>N</displayFlg><displayOrder>23</displayOrder><requiredFlg>Y</requiredFlg><smartChoiceOptionModels/></smartChoice><smartChoice><functionName>ESTABLISHMENT INFO</functionName><groupName>BLD_NEW</groupName><serviceProviderCode>PORTCHESTER</serviceProviderCode><auditModel><auditDate>2019-07-30T09:24:43-04:00</auditDate><auditID>ADMIN</auditID><auditStatus>A</auditStatus></auditModel><displayFlg>N</displayFlg><displayOrder>18</displayOrder><smartChoiceOptionModels/></smartChoice><smartChoice><functionName>EVENT</functionName><groupName>BLD_NEW</groupName><serviceProviderCode>PORTCHESTER</serviceProviderCode><auditModel><auditDate>2019-07-30T09:24:43-04:00</auditDate><auditID>ADMIN</auditID><auditStatus>A</auditStatus></auditModel><displayFlg>N</displayFlg><displayOrder>19</displayOrder><requiredFlg>Y</requiredFlg><smartChoiceOptionModels/></smartChoice><smartChoice><functionName>EXAMINATION</functionName><groupName>BLD_NEW</groupName><serviceProviderCode>PORTCHESTER</serviceProviderCode><auditModel><auditDate>2019-07-30T09:24:43-04:00</auditDate><auditID>ADMIN</auditID><auditStatus>A</auditStatus></auditModel><displayFlg>N</displayFlg><displayOrder>25</displayOrder><requiredFlg>Y</requiredFlg><smartChoiceOptionModels/></smartChoice><smartChoice><functionName>LICENSED PROFESSIONAL</functionName><groupName>BLD_NEW</groupName><serviceProviderCode>PORTCHESTER</serviceProviderCode><auditModel><auditDate>2019-07-30T09:24:43-04:00</auditDate><auditID>ADMIN</auditID><auditStatus>A</auditStatus></auditModel><displayFlg>N</displayFlg><displayOrder>27</displayOrder><requiredFlg>N</requiredFlg><smartChoiceOptionModels/><validateFlg>N</validateFlg></smartChoice><smartChoice><functionName>MULTIPLE_CONTACTS</functionName><groupName>BLD_NEW</groupName><serviceProviderCode>PORTCHESTER</serviceProviderCode><auditModel><auditDate>2019-07-30T09:24:43-04:00</auditDate><auditID>ADMIN</auditID><auditStatus>A</auditStatus></auditModel><displayBtnFlag>11</displayBtnFlag><displayFlg>N</displayFlg><displayOrder>21</displayOrder><requiredFlg>Y</requiredFlg><smartChoiceOptionModels/><validateFlg>N</validateFlg></smartChoice><smartChoice><functionName>OWNER</functionName><groupName>BLD_NEW</groupName><serviceProviderCode>PORTCHESTER</serviceProviderCode><auditModel><auditDate>2019-07-30T09:24:43-04:00</auditDate><auditID>ADMIN</auditID><auditStatus>A</auditStatus></auditModel><displayFlg>Y</displayFlg><displayOrder>5</displayOrder><requiredFlg>N</requiredFlg><smartChoiceOptionModels/><validateFlg>N</validateFlg></smartChoice><smartChoice><functionName>PARCEL</functionName><groupName>BLD_NEW</groupName><serviceProviderCode>PORTCHESTER</serviceProviderCode><auditModel><auditDate>2019-07-30T09:24:43-04:00</auditDate><auditID>ADMIN</auditID><auditStatus>A</auditStatus></auditModel><displayFlg>Y</displayFlg><displayOrder>3</displayOrder><requiredFlg>Y</requiredFlg><smartChoiceOptionModels/><validateFlg>N</validateFlg></smartChoice><smartChoice><functionName>STRUCTURE INFO</functionName><groupName>BLD_NEW</groupName><serviceProviderCode>PORTCHESTER</serviceProviderCode><auditModel><auditDate>2019-07-30T09:24:43-04:00</auditDate><auditID>ADMIN</auditID><auditStatus>A</auditStatus></auditModel><displayFlg>N</displayFlg><displayOrder>17</displayOrder><smartChoiceOptionModels/></smartChoice></smartChoiceModels><structureTypeModels/></smartChoiceGroup>
</list>