<?xml version="1.0" encoding="UTF-8" standalone="yes"?>
<list  version="9.0.0" minorVersion="26" exportUser="ADMIN" exportDateTime="08/14/2019 10:49 AM" description="null"><virProcess><r1ProcessCode>BLD_NEW</r1ProcessCode><servProvCode>PORTCHESTER</servProvCode><isEmailSettringSelected>Y</isEmailSettringSelected><isSecuritySelected>Y</isSecuritySelected><isTSISelected>Y</isTSISelected><processEMailSettingModels/><processModels><processModel><r1ProcessCode>BLD_NEW</r1ProcessCode><sdStpNum>1</sdStpNum><servProvCode>PORTCHESTER</servProvCode><asgnAgencyCode>ADMIN</asgnAgencyCode><asgnBureauCode>NA</asgnBureauCode><asgnDivisionCode>NA</asgnDivisionCode><asgnGroupCode>NA</asgnGroupCode><asgnOfficeCode>NA</asgnOfficeCode><asgnSectionCode>NA</asgnSectionCode><auditModel><auditDate>2019-08-05T15:16:37-04:00</auditDate><auditID>Accela Administrator</auditID><auditStatus>A</auditStatus></auditModel><refTaskItemI18NModels/><sdNxtId1>013022000000000</sdNxtId1><sdProDes>Application Submittal</sdProDes><sdProId1>010000000000000</sdProId1></processModel><processModel><r1ProcessCode>BLD_NEW</r1ProcessCode><sdStpNum>2</sdStpNum><servProvCode>PORTCHESTER</servProvCode><asgnAgencyCode>ADMIN</asgnAgencyCode><asgnBureauCode>NA</asgnBureauCode><asgnDivisionCode>NA</asgnDivisionCode><asgnGroupCode>NA</asgnGroupCode><asgnOfficeCode>NA</asgnOfficeCode><asgnSectionCode>NA</asgnSectionCode><auditModel><auditDate>2019-07-17T00:46:09-04:00</auditDate><auditID>Accela Administrator</auditID><auditStatus>A</auditStatus></auditModel><refTaskItemI18NModels/><sdNxtId1>020000000000000</sdNxtId1><sdProDes>Plans Distribution</sdProDes><sdProId1>013000000000000</sdProId1></processModel><processModel><r1ProcessCode>BLD_NEW</r1ProcessCode><sdStpNum>3</sdStpNum><servProvCode>PORTCHESTER</servProvCode><asgnAgencyCode>ADMIN</asgnAgencyCode><asgnBureauCode>NA</asgnBureauCode><asgnDivisionCode>NA</asgnDivisionCode><asgnGroupCode>NA</asgnGroupCode><asgnOfficeCode>NA</asgnOfficeCode><asgnSectionCode>NA</asgnSectionCode><auditModel><auditDate>2019-07-17T00:46:09-04:00</auditDate><auditID>Accela Administrator</auditID><auditStatus>A</auditStatus></auditModel><refTaskItemI18NModels/><sdNxtId1>021000000000000</sdNxtId1><sdProDes>Building Review</sdProDes><sdProId1>020001000000000</sdProId1></processModel><processModel><r1ProcessCode>BLD_NEW</r1ProcessCode><sdStpNum>4</sdStpNum><servProvCode>PORTCHESTER</servProvCode><asgnAgencyCode>ADMIN</asgnAgencyCode><asgnBureauCode>NA</asgnBureauCode><asgnDivisionCode>NA</asgnDivisionCode><asgnGroupCode>NA</asgnGroupCode><asgnOfficeCode>NA</asgnOfficeCode><asgnSectionCode>NA</asgnSectionCode><auditModel><auditDate>2019-06-14T09:39:11-04:00</auditDate><auditID>Accela Administrator</auditID><auditStatus>I</auditStatus></auditModel><refTaskItemI18NModels/><sdNxtId1>022000000000000</sdNxtId1><sdProDes>Fire Review</sdProDes><sdProId1>021001000000000</sdProId1></processModel><processModel><r1ProcessCode>BLD_NEW</r1ProcessCode><sdStpNum>5</sdStpNum><servProvCode>PORTCHESTER</servProvCode><asgnAgencyCode>ADMIN</asgnAgencyCode><asgnBureauCode>NA</asgnBureauCode><asgnDivisionCode>NA</asgnDivisionCode><asgnGroupCode>NA</asgnGroupCode><asgnOfficeCode>NA</asgnOfficeCode><asgnSectionCode>NA</asgnSectionCode><auditModel><auditDate>2019-06-14T09:39:11-04:00</auditDate><auditID>Accela Administrator</auditID><auditStatus>I</auditStatus></auditModel><refTaskItemI18NModels/><sdNxtId1>022000000000000</sdNxtId1><sdProDes>Planning Review</sdProDes><sdProId1>021001000000000</sdProId1></processModel><processModel><r1ProcessCode>BLD_NEW</r1ProcessCode><sdStpNum>6</sdStpNum><servProvCode>PORTCHESTER</servProvCode><asgnAgencyCode>ADMIN</asgnAgencyCode><asgnBureauCode>NA</asgnBureauCode><asgnDivisionCode>NA</asgnDivisionCode><asgnGroupCode>NA</asgnGroupCode><asgnOfficeCode>NA</asgnOfficeCode><asgnSectionCode>NA</asgnSectionCode><auditModel><auditDate>2019-06-14T09:39:11-04:00</auditDate><auditID>Accela Administrator</auditID><auditStatus>I</auditStatus></auditModel><refTaskItemI18NModels/><sdNxtId1>022000000000000</sdNxtId1><sdProDes>Public Review</sdProDes><sdProId1>021001000000000</sdProId1></processModel><processModel><r1ProcessCode>BLD_NEW</r1ProcessCode><sdStpNum>7</sdStpNum><servProvCode>PORTCHESTER</servProvCode><asgnAgencyCode>ADMIN</asgnAgencyCode><asgnBureauCode>NA</asgnBureauCode><asgnDivisionCode>NA</asgnDivisionCode><asgnGroupCode>NA</asgnGroupCode><asgnOfficeCode>NA</asgnOfficeCode><asgnSectionCode>NA</asgnSectionCode><auditModel><auditDate>2019-06-14T09:39:11-04:00</auditDate><auditID>Accela Administrator</auditID><auditStatus>I</auditStatus></auditModel><refTaskItemI18NModels/><sdNxtId1>022000000000000</sdNxtId1><sdProDes>Utilities Review</sdProDes><sdProId1>021001000000000</sdProId1></processModel><processModel><r1ProcessCode>BLD_NEW</r1ProcessCode><sdStpNum>8</sdStpNum><servProvCode>PORTCHESTER</servProvCode><asgnAgencyCode>ADMIN</asgnAgencyCode><asgnBureauCode>NA</asgnBureauCode><asgnDivisionCode>NA</asgnDivisionCode><asgnGroupCode>NA</asgnGroupCode><asgnOfficeCode>NA</asgnOfficeCode><asgnSectionCode>NA</asgnSectionCode><auditModel><auditDate>2019-06-14T09:39:11-04:00</auditDate><auditID>Accela Administrator</auditID><auditStatus>I</auditStatus></auditModel><refTaskItemI18NModels/><sdNxtId1>022000000000000</sdNxtId1><sdProDes>Arborist Review</sdProDes><sdProId1>021001000000000</sdProId1></processModel><processModel><r1ProcessCode>BLD_NEW</r1ProcessCode><sdStpNum>9</sdStpNum><servProvCode>PORTCHESTER</servProvCode><asgnAgencyCode>ADMIN</asgnAgencyCode><asgnBureauCode>NA</asgnBureauCode><asgnDivisionCode>NA</asgnDivisionCode><asgnGroupCode>NA</asgnGroupCode><asgnOfficeCode>NA</asgnOfficeCode><asgnSectionCode>NA</asgnSectionCode><auditModel><auditDate>2019-07-17T00:46:09-04:00</auditDate><auditID>Accela Administrator</auditID><auditStatus>A</auditStatus></auditModel><refTaskItemI18NModels/><sdNxtId1>022013000000000</sdNxtId1><sdProDes>Plans Coordination</sdProDes><sdProId1>021000000000000</sdProId1></processModel><processModel><r1ProcessCode>BLD_NEW</r1ProcessCode><sdStpNum>10</sdStpNum><servProvCode>PORTCHESTER</servProvCode><asgnAgencyCode>ADMIN</asgnAgencyCode><asgnBureauCode>NA</asgnBureauCode><asgnDivisionCode>NA</asgnDivisionCode><asgnGroupCode>NA</asgnGroupCode><asgnOfficeCode>NA</asgnOfficeCode><asgnSectionCode>NA</asgnSectionCode><auditModel><auditDate>2019-07-17T00:46:09-04:00</auditDate><auditID>Accela Administrator</auditID><auditStatus>A</auditStatus></auditModel><refTaskItemI18NModels/><sdNxtId1>000024000000000</sdNxtId1><sdProDes>Permit Issuance</sdProDes><sdProId1>022000000000000</sdProId1></processModel><processModel><r1ProcessCode>BLD_NEW</r1ProcessCode><sdStpNum>11</sdStpNum><servProvCode>PORTCHESTER</servProvCode><asgnAgencyCode>ADMIN</asgnAgencyCode><asgnBureauCode>NA</asgnBureauCode><asgnDivisionCode>NA</asgnDivisionCode><asgnGroupCode>NA</asgnGroupCode><asgnOfficeCode>NA</asgnOfficeCode><asgnSectionCode>NA</asgnSectionCode><auditModel><auditDate>2019-07-17T00:46:09-04:00</auditDate><auditID>Accela Administrator</auditID><auditStatus>A</auditStatus></auditModel><refTaskItemI18NModels/><sdNxtId1>000026000000000</sdNxtId1><sdProDes>Inspection</sdProDes><sdProId1>024000000000000</sdProId1></processModel><processModel><r1ProcessCode>BLD_NEW</r1ProcessCode><sdStpNum>12</sdStpNum><servProvCode>PORTCHESTER</servProvCode><asgnAgencyCode>ADMIN</asgnAgencyCode><asgnBureauCode>NA</asgnBureauCode><asgnDivisionCode>NA</asgnDivisionCode><asgnGroupCode>NA</asgnGroupCode><asgnOfficeCode>NA</asgnOfficeCode><asgnSectionCode>NA</asgnSectionCode><auditModel><auditDate>2019-08-05T13:52:25-04:00</auditDate><auditID>Accela Administrator</auditID><auditStatus>I</auditStatus></auditModel><refTaskItemI18NModels/><sdNxtId1>000000000000000</sdNxtId1><sdProDes>Certificate of Occupancy</sdProDes><sdProId1>026000000000000</sdProId1></processModel><processModel><r1ProcessCode>BLD_NEW</r1ProcessCode><sdStpNum>13</sdStpNum><servProvCode>PORTCHESTER</servProvCode><asgnAgencyCode>ADMIN</asgnAgencyCode><asgnBureauCode>NA</asgnBureauCode><asgnDivisionCode>NA</asgnDivisionCode><asgnGroupCode>NA</asgnGroupCode><asgnOfficeCode>NA</asgnOfficeCode><asgnSectionCode>NA</asgnSectionCode><auditModel><auditDate>2019-07-17T00:46:09-04:00</auditDate><auditID>Accela Administrator</auditID><auditStatus>A</auditStatus></auditModel><refTaskItemI18NModels/><sdNxtId1>021000000000000</sdNxtId1><sdProDes>Zoning Review</sdProDes><sdProId1>020001000000000</sdProId1></processModel><processModel><r1ProcessCode>BLD_NEW</r1ProcessCode><sdStpNum>14</sdStpNum><servProvCode>PORTCHESTER</servProvCode><asgnAgencyCode>ADMIN</asgnAgencyCode><asgnBureauCode>NA</asgnBureauCode><asgnDivisionCode>NA</asgnDivisionCode><asgnGroupCode>NA</asgnGroupCode><asgnOfficeCode>NA</asgnOfficeCode><asgnSectionCode>NA</asgnSectionCode><auditModel><auditDate>2019-07-17T00:46:09-04:00</auditDate><auditID>Accela Administrator</auditID><auditStatus>A</auditStatus></auditModel><refTaskItemI18NModels/><sdNxtId1>021000000000000</sdNxtId1><sdProDes>Village Engineer</sdProDes><sdProId1>020001000000000</sdProId1></processModel><processModel><r1ProcessCode>BLD_NEW</r1ProcessCode><sdStpNum>15</sdStpNum><servProvCode>PORTCHESTER</servProvCode><asgnAgencyCode>ADMIN</asgnAgencyCode><asgnBureauCode>NA</asgnBureauCode><asgnDivisionCode>NA</asgnDivisionCode><asgnGroupCode>NA</asgnGroupCode><asgnOfficeCode>NA</asgnOfficeCode><asgnSectionCode>NA</asgnSectionCode><auditModel><auditDate>2019-07-17T00:46:09-04:00</auditDate><auditID>Accela Administrator</auditID><auditStatus>A</auditStatus></auditModel><refTaskItemI18NModels/><sdNxtId1>021000000000000</sdNxtId1><sdProDes>ABR</sdProDes><sdProId1>020001000000000</sdProId1></processModel><processModel><r1ProcessCode>BLD_NEW</r1ProcessCode><sdStpNum>16</sdStpNum><servProvCode>PORTCHESTER</servProvCode><asgnAgencyCode>ADMIN</asgnAgencyCode><asgnBureauCode>NA</asgnBureauCode><asgnDivisionCode>NA</asgnDivisionCode><asgnGroupCode>NA</asgnGroupCode><asgnOfficeCode>NA</asgnOfficeCode><asgnSectionCode>NA</asgnSectionCode><auditModel><auditDate>2019-07-17T00:46:35-04:00</auditDate><auditID>Accela Administrator</auditID><auditStatus>A</auditStatus></auditModel><refTaskItemI18NModels/><sdNxtId1>021000000000000</sdNxtId1><sdProDes>Site Plan / Special Exception Approval</sdProDes><sdProId1>020001000000000</sdProId1></processModel><processModel><r1ProcessCode>BLD_NEW</r1ProcessCode><sdStpNum>17</sdStpNum><servProvCode>PORTCHESTER</servProvCode><asgnAgencyCode>ADMIN</asgnAgencyCode><asgnBureauCode>NA</asgnBureauCode><asgnDivisionCode>NA</asgnDivisionCode><asgnGroupCode>NA</asgnGroupCode><asgnOfficeCode>NA</asgnOfficeCode><asgnSectionCode>NA</asgnSectionCode><auditModel><auditDate>2019-08-05T15:16:37-04:00</auditDate><auditID>Accela Administrator</auditID><auditStatus>A</auditStatus></auditModel><r1CheckboxCode>BLD_NEW</r1CheckboxCode><r1CheckboxGroup>WORKFLOW TASK</r1CheckboxGroup><refTaskItemI18NModels/><sdNxtId1>000000000000000</sdNxtId1><sdProDes>Certificate of Occupancy/Compliance</sdProDes><sdProId1>026000000000000</sdProId1></processModel></processModels><processSecurityModels/><r3statypModels><r3statyp><r3ActStatCod>SCODE64</r3ActStatCod><r3ProcessCode>BLD_NEW</r3ProcessCode><servProvCode>PORTCHESTER</servProvCode><displayInAca>Y</displayInAca><r3ActStatDes>Approved</r3ActStatDes><r3ActStatFlg>Y</r3ActStatFlg><r3ActTypeDes>ABR</r3ActTypeDes><recDate>2019-06-14T09:39:11-04:00</recDate><recFulNam>Accela Administrator</recFulNam><recStatus>A</recStatus><refTaskStatusI18NModels/></r3statyp><r3statyp><r3ActStatCod>SCODE65</r3ActStatCod><r3ProcessCode>BLD_NEW</r3ProcessCode><servProvCode>PORTCHESTER</servProvCode><displayInAca>Y</displayInAca><r3ActStatDes>Approved w/ Comments</r3ActStatDes><r3ActStatFlg>Y</r3ActStatFlg><r3ActTypeDes>ABR</r3ActTypeDes><recDate>2019-06-14T09:39:11-04:00</recDate><recFulNam>Accela Administrator</recFulNam><recStatus>A</recStatus><refTaskStatusI18NModels/></r3statyp><r3statyp><r3ActStatCod>SCODE66</r3ActStatCod><r3ProcessCode>BLD_NEW</r3ProcessCode><servProvCode>PORTCHESTER</servProvCode><displayInAca>Y</displayInAca><r3ActStatDes>Not Required</r3ActStatDes><r3ActStatFlg>Y</r3ActStatFlg><r3ActTypeDes>ABR</r3ActTypeDes><recDate>2019-06-14T09:39:11-04:00</recDate><recFulNam>Accela Administrator</recFulNam><recStatus>A</recStatus><refTaskStatusI18NModels/></r3statyp><r3statyp><r3ActStatCod>SCODE59</r3ActStatCod><r3ProcessCode>BLD_NEW</r3ProcessCode><servProvCode>PORTCHESTER</servProvCode><displayInAca>Y</displayInAca><r3ActStatDes>Note</r3ActStatDes><r3ActStatFlg>U</r3ActStatFlg><r3ActTypeDes>ABR</r3ActTypeDes><recDate>2019-06-14T09:39:11-04:00</recDate><recFulNam>Accela Administrator</recFulNam><recStatus>A</recStatus><refTaskStatusI18NModels/></r3statyp><r3statyp><r3ActStatCod>SCODE67</r3ActStatCod><r3ProcessCode>BLD_NEW</r3ProcessCode><servProvCode>PORTCHESTER</servProvCode><displayInAca>Y</displayInAca><r3ActStatDes>Revisions Required</r3ActStatDes><r3ActStatFlg>Y</r3ActStatFlg><r3ActTypeDes>ABR</r3ActTypeDes><recDate>2019-06-14T09:39:11-04:00</recDate><recFulNam>Accela Administrator</recFulNam><recStatus>A</recStatus><refTaskStatusI18NModels/></r3statyp><r3statyp><r3ActStatCod>SCODE2</r3ActStatCod><r3ProcessCode>BLD_NEW</r3ProcessCode><servProvCode>PORTCHESTER</servProvCode><displayInAca>Y</displayInAca><r3ActStatDes>Accepted - Plan Review Req.</r3ActStatDes><r3ActStatFlg>Y</r3ActStatFlg><r3ActTypeDes>Application Submittal</r3ActTypeDes><recDate>2019-06-04T11:07:47-04:00</recDate><recFulNam>Accela Administrator</recFulNam><recStatus>A</recStatus><refTaskStatusI18NModels/></r3statyp><r3statyp><r3ActStatCod>SCODE1</r3ActStatCod><r3ProcessCode>BLD_NEW</r3ProcessCode><servProvCode>PORTCHESTER</servProvCode><displayInAca>Y</displayInAca><r3ActStatDes>Note</r3ActStatDes><r3ActStatFlg>U</r3ActStatFlg><r3ActTypeDes>Application Submittal</r3ActTypeDes><recDate>2019-06-04T11:07:47-04:00</recDate><recFulNam>Accela Administrator</recFulNam><recStatus>A</recStatus><refTaskStatusI18NModels/></r3statyp><r3statyp><r3ActStatCod>SCODE49</r3ActStatCod><r3ProcessCode>BLD_NEW</r3ProcessCode><servProvCode>PORTCHESTER</servProvCode><displayInAca>Y</displayInAca><r3ActStatDes>Same Day</r3ActStatDes><r3ActStatFlg>B</r3ActStatFlg><r3ActTypeDes>Application Submittal</r3ActTypeDes><recDate>2019-06-14T09:39:11-04:00</recDate><recFulNam>Accela Administrator</recFulNam><recStatus>A</recStatus><refTaskStatusI18NModels/></r3statyp><r3statyp><r3ActStatCod>SCODE60</r3ActStatCod><r3ProcessCode>BLD_NEW</r3ProcessCode><servProvCode>PORTCHESTER</servProvCode><displayInAca>Y</displayInAca><r3ActStatDes>Special Building Permit</r3ActStatDes><r3ActStatFlg>B</r3ActStatFlg><r3ActTypeDes>Application Submittal</r3ActTypeDes><recDate>2019-06-14T09:39:11-04:00</recDate><recFulNam>Accela Administrator</recFulNam><recStatus>A</recStatus><refTaskStatusI18NModels/></r3statyp><r3statyp><r3ActStatCod>SCODE36</r3ActStatCod><r3ProcessCode>BLD_NEW</r3ProcessCode><servProvCode>PORTCHESTER</servProvCode><displayInAca>Y</displayInAca><r3ActStatDes>Approved</r3ActStatDes><r3ActStatFlg>Y</r3ActStatFlg><r3ActTypeDes>Arborist Review</r3ActTypeDes><recDate>2019-06-04T11:07:47-04:00</recDate><recFulNam>Accela Administrator</recFulNam><recStatus>A</recStatus><refTaskStatusI18NModels/></r3statyp><r3statyp><r3ActStatCod>SCODE35</r3ActStatCod><r3ProcessCode>BLD_NEW</r3ProcessCode><servProvCode>PORTCHESTER</servProvCode><displayInAca>Y</displayInAca><r3ActStatDes>Approved w/ Comments</r3ActStatDes><r3ActStatFlg>Y</r3ActStatFlg><r3ActTypeDes>Arborist Review</r3ActTypeDes><recDate>2019-06-04T11:07:47-04:00</recDate><recFulNam>Accela Administrator</recFulNam><recStatus>A</recStatus><refTaskStatusI18NModels/></r3statyp><r3statyp><r3ActStatCod>SCODE34</r3ActStatCod><r3ProcessCode>BLD_NEW</r3ProcessCode><servProvCode>PORTCHESTER</servProvCode><displayInAca>Y</displayInAca><r3ActStatDes>Not Required</r3ActStatDes><r3ActStatFlg>Y</r3ActStatFlg><r3ActTypeDes>Arborist Review</r3ActTypeDes><recDate>2019-06-04T11:07:47-04:00</recDate><recFulNam>Accela Administrator</recFulNam><recStatus>A</recStatus><refTaskStatusI18NModels/></r3statyp><r3statyp><r3ActStatCod>SCODE7</r3ActStatCod><r3ProcessCode>BLD_NEW</r3ProcessCode><servProvCode>PORTCHESTER</servProvCode><displayInAca>Y</displayInAca><r3ActStatDes>Note</r3ActStatDes><r3ActStatFlg>U</r3ActStatFlg><r3ActTypeDes>Arborist Review</r3ActTypeDes><recDate>2019-06-04T11:07:47-04:00</recDate><recFulNam>Accela Administrator</recFulNam><recStatus>A</recStatus><refTaskStatusI18NModels/></r3statyp><r3statyp><r3ActStatCod>SCODE33</r3ActStatCod><r3ProcessCode>BLD_NEW</r3ProcessCode><servProvCode>PORTCHESTER</servProvCode><displayInAca>Y</displayInAca><r3ActStatDes>Revisions Required</r3ActStatDes><r3ActStatFlg>Y</r3ActStatFlg><r3ActTypeDes>Arborist Review</r3ActTypeDes><recDate>2019-06-04T11:07:47-04:00</recDate><recFulNam>Accela Administrator</recFulNam><recStatus>A</recStatus><refTaskStatusI18NModels/></r3statyp><r3statyp><r3ActStatCod>SCODE241</r3ActStatCod><r3ProcessCode>BLD_NEW</r3ProcessCode><servProvCode>PORTCHESTER</servProvCode><displayInAca>Y</displayInAca><r3ActStatDes>Approved</r3ActStatDes><r3ActStatFlg>Y</r3ActStatFlg><r3ActTypeDes>Building Review</r3ActTypeDes><recDate>2019-06-14T09:39:11-04:00</recDate><recFulNam>Accela Administrator</recFulNam><recStatus>A</recStatus><refTaskStatusI18NModels/></r3statyp><r3statyp><r3ActStatCod>SCODE231</r3ActStatCod><r3ProcessCode>BLD_NEW</r3ProcessCode><servProvCode>PORTCHESTER</servProvCode><displayInAca>Y</displayInAca><r3ActStatDes>Approved w/ Comments</r3ActStatDes><r3ActStatFlg>Y</r3ActStatFlg><r3ActTypeDes>Building Review</r3ActTypeDes><recDate>2019-06-14T09:39:11-04:00</recDate><recFulNam>Accela Administrator</recFulNam><recStatus>A</recStatus><refTaskStatusI18NModels/></r3statyp><r3statyp><r3ActStatCod>SCODE221</r3ActStatCod><r3ProcessCode>BLD_NEW</r3ProcessCode><servProvCode>PORTCHESTER</servProvCode><displayInAca>Y</displayInAca><r3ActStatDes>Not Required</r3ActStatDes><r3ActStatFlg>Y</r3ActStatFlg><r3ActTypeDes>Building Review</r3ActTypeDes><recDate>2019-06-14T09:39:11-04:00</recDate><recFulNam>Accela Administrator</recFulNam><recStatus>A</recStatus><refTaskStatusI18NModels/></r3statyp><r3statyp><r3ActStatCod>SCODE12</r3ActStatCod><r3ProcessCode>BLD_NEW</r3ProcessCode><servProvCode>PORTCHESTER</servProvCode><displayInAca>Y</displayInAca><r3ActStatDes>Note</r3ActStatDes><r3ActStatFlg>U</r3ActStatFlg><r3ActTypeDes>Building Review</r3ActTypeDes><recDate>2019-06-04T11:07:47-04:00</recDate><recFulNam>Accela Administrator</recFulNam><recStatus>A</recStatus><refTaskStatusI18NModels/></r3statyp><r3statyp><r3ActStatCod>SCODE211</r3ActStatCod><r3ProcessCode>BLD_NEW</r3ProcessCode><servProvCode>PORTCHESTER</servProvCode><displayInAca>Y</displayInAca><r3ActStatDes>Revisions Required</r3ActStatDes><r3ActStatFlg>Y</r3ActStatFlg><r3ActTypeDes>Building Review</r3ActTypeDes><recDate>2019-06-14T09:39:11-04:00</recDate><recFulNam>Accela Administrator</recFulNam><recStatus>A</recStatus><refTaskStatusI18NModels/></r3statyp><r3statyp><r3ActStatCod>SCODE48</r3ActStatCod><r3ProcessCode>BLD_NEW</r3ProcessCode><servProvCode>PORTCHESTER</servProvCode><displayInAca>Y</displayInAca><r3ActStatDes>Final CO Issued</r3ActStatDes><r3ActStatFlg>Y</r3ActStatFlg><r3ActTypeDes>Certificate of Occupancy</r3ActTypeDes><recDate>2019-06-04T11:07:47-04:00</recDate><recFulNam>Accela Administrator</recFulNam><recStatus>A</recStatus><refTaskStatusI18NModels/></r3statyp><r3statyp><r3ActStatCod>SCODE47</r3ActStatCod><r3ProcessCode>BLD_NEW</r3ProcessCode><servProvCode>PORTCHESTER</servProvCode><displayInAca>Y</displayInAca><r3ActStatDes>Not Required</r3ActStatDes><r3ActStatFlg>Y</r3ActStatFlg><r3ActTypeDes>Certificate of Occupancy</r3ActTypeDes><recDate>2019-06-04T11:07:47-04:00</recDate><recFulNam>Accela Administrator</recFulNam><recStatus>A</recStatus><refTaskStatusI18NModels/></r3statyp><r3statyp><r3ActStatCod>SCODE46</r3ActStatCod><r3ProcessCode>BLD_NEW</r3ProcessCode><servProvCode>PORTCHESTER</servProvCode><displayInAca>Y</displayInAca><r3ActStatDes>Note</r3ActStatDes><r3ActStatFlg>U</r3ActStatFlg><r3ActTypeDes>Certificate of Occupancy</r3ActTypeDes><recDate>2019-06-04T11:07:47-04:00</recDate><recFulNam>Accela Administrator</recFulNam><recStatus>A</recStatus><refTaskStatusI18NModels/></r3statyp><r3statyp><r3ActStatCod>SCODE76</r3ActStatCod><r3ProcessCode>BLD_NEW</r3ProcessCode><servProvCode>PORTCHESTER</servProvCode><displayInAca>Y</displayInAca><r3ActStatDes>Final CC Issued</r3ActStatDes><r3ActStatFlg>Y</r3ActStatFlg><r3ActTypeDes>Certificate of Occupancy/Compliance</r3ActTypeDes><recDate>2019-08-05T14:02:40-04:00</recDate><recFulNam>Accela Administrator</recFulNam><recStatus>A</recStatus><refTaskStatusI18NModels/></r3statyp><r3statyp><r3ActStatCod>SCODE78</r3ActStatCod><r3ProcessCode>BLD_NEW</r3ProcessCode><servProvCode>PORTCHESTER</servProvCode><displayInAca>Y</displayInAca><r3ActStatDes>Final CO Issued</r3ActStatDes><r3ActStatFlg>Y</r3ActStatFlg><r3ActTypeDes>Certificate of Occupancy/Compliance</r3ActTypeDes><recDate>2019-08-05T13:52:25-04:00</recDate><recFulNam>Accela Administrator</recFulNam><recStatus>A</recStatus><refTaskStatusI18NModels/></r3statyp><r3statyp><r3ActStatCod>SCODE79</r3ActStatCod><r3ProcessCode>BLD_NEW</r3ProcessCode><servProvCode>PORTCHESTER</servProvCode><displayInAca>Y</displayInAca><r3ActStatDes>Not Required</r3ActStatDes><r3ActStatFlg>Y</r3ActStatFlg><r3ActTypeDes>Certificate of Occupancy/Compliance</r3ActTypeDes><recDate>2019-08-05T13:52:25-04:00</recDate><recFulNam>Accela Administrator</recFulNam><recStatus>A</recStatus><refTaskStatusI18NModels/></r3statyp><r3statyp><r3ActStatCod>SCODE75</r3ActStatCod><r3ProcessCode>BLD_NEW</r3ProcessCode><servProvCode>PORTCHESTER</servProvCode><displayInAca>Y</displayInAca><r3ActStatDes>Note</r3ActStatDes><r3ActStatFlg>U</r3ActStatFlg><r3ActTypeDes>Certificate of Occupancy/Compliance</r3ActTypeDes><recDate>2019-08-05T14:02:40-04:00</recDate><recFulNam>Accela Administrator</recFulNam><recStatus>A</recStatus><refTaskStatusI18NModels/></r3statyp><r3statyp><r3ActStatCod>SCODE77</r3ActStatCod><r3ProcessCode>BLD_NEW</r3ProcessCode><servProvCode>PORTCHESTER</servProvCode><displayInAca>Y</displayInAca><r3ActStatDes>Temporary CO Issued</r3ActStatDes><r3ActStatFlg>U</r3ActStatFlg><r3ActTypeDes>Certificate of Occupancy/Compliance</r3ActTypeDes><recDate>2019-08-05T15:16:37-04:00</recDate><recFulNam>Accela Administrator</recFulNam><recStatus>A</recStatus><refTaskStatusI18NModels/></r3statyp><r3statyp><r3ActStatCod>SCODE20</r3ActStatCod><r3ProcessCode>BLD_NEW</r3ProcessCode><servProvCode>PORTCHESTER</servProvCode><displayInAca>Y</displayInAca><r3ActStatDes>Approved</r3ActStatDes><r3ActStatFlg>Y</r3ActStatFlg><r3ActTypeDes>Fire Review</r3ActTypeDes><recDate>2019-06-04T11:07:47-04:00</recDate><recFulNam>Accela Administrator</recFulNam><recStatus>A</recStatus><refTaskStatusI18NModels/></r3statyp><r3statyp><r3ActStatCod>SCODE19</r3ActStatCod><r3ProcessCode>BLD_NEW</r3ProcessCode><servProvCode>PORTCHESTER</servProvCode><displayInAca>Y</displayInAca><r3ActStatDes>Approved w/ Comments</r3ActStatDes><r3ActStatFlg>Y</r3ActStatFlg><r3ActTypeDes>Fire Review</r3ActTypeDes><recDate>2019-06-04T11:07:47-04:00</recDate><recFulNam>Accela Administrator</recFulNam><recStatus>A</recStatus><refTaskStatusI18NModels/></r3statyp><r3statyp><r3ActStatCod>SCODE17</r3ActStatCod><r3ProcessCode>BLD_NEW</r3ProcessCode><servProvCode>PORTCHESTER</servProvCode><displayInAca>Y</displayInAca><r3ActStatDes>Not Required</r3ActStatDes><r3ActStatFlg>Y</r3ActStatFlg><r3ActTypeDes>Fire Review</r3ActTypeDes><recDate>2019-06-04T11:07:47-04:00</recDate><recFulNam>Accela Administrator</recFulNam><recStatus>A</recStatus><refTaskStatusI18NModels/></r3statyp><r3statyp><r3ActStatCod>SCODE11</r3ActStatCod><r3ProcessCode>BLD_NEW</r3ProcessCode><servProvCode>PORTCHESTER</servProvCode><displayInAca>Y</displayInAca><r3ActStatDes>Note</r3ActStatDes><r3ActStatFlg>U</r3ActStatFlg><r3ActTypeDes>Fire Review</r3ActTypeDes><recDate>2019-06-04T11:07:47-04:00</recDate><recFulNam>Accela Administrator</recFulNam><recStatus>A</recStatus><refTaskStatusI18NModels/></r3statyp><r3statyp><r3ActStatCod>SCODE18</r3ActStatCod><r3ProcessCode>BLD_NEW</r3ProcessCode><servProvCode>PORTCHESTER</servProvCode><displayInAca>Y</displayInAca><r3ActStatDes>Revisions Required</r3ActStatDes><r3ActStatFlg>Y</r3ActStatFlg><r3ActTypeDes>Fire Review</r3ActTypeDes><recDate>2019-06-04T11:07:47-04:00</recDate><recFulNam>Accela Administrator</recFulNam><recStatus>A</recStatus><refTaskStatusI18NModels/></r3statyp><r3statyp><r3ActStatCod>SCODE44</r3ActStatCod><r3ProcessCode>BLD_NEW</r3ProcessCode><servProvCode>PORTCHESTER</servProvCode><displayInAca>Y</displayInAca><r3ActStatDes>Expired</r3ActStatDes><r3ActStatFlg>U</r3ActStatFlg><r3ActTypeDes>Inspection</r3ActTypeDes><recDate>2019-06-04T11:07:47-04:00</recDate><recFulNam>Accela Administrator</recFulNam><recStatus>A</recStatus><refTaskStatusI18NModels/></r3statyp><r3statyp><r3ActStatCod>SCODE45</r3ActStatCod><r3ProcessCode>BLD_NEW</r3ProcessCode><servProvCode>PORTCHESTER</servProvCode><displayInAca>Y</displayInAca><r3ActStatDes>Final Inspection Complete</r3ActStatDes><r3ActStatFlg>B</r3ActStatFlg><r3ActTypeDes>Inspection</r3ActTypeDes><recDate>2019-06-14T09:39:11-04:00</recDate><recFulNam>Accela Administrator</recFulNam><recStatus>A</recStatus><refTaskStatusI18NModels/></r3statyp><r3statyp><r3ActStatCod>SCODE42</r3ActStatCod><r3ProcessCode>BLD_NEW</r3ProcessCode><servProvCode>PORTCHESTER</servProvCode><displayInAca>Y</displayInAca><r3ActStatDes>Note</r3ActStatDes><r3ActStatFlg>U</r3ActStatFlg><r3ActTypeDes>Inspection</r3ActTypeDes><recDate>2019-06-04T11:07:47-04:00</recDate><recFulNam>Accela Administrator</recFulNam><recStatus>A</recStatus><refTaskStatusI18NModels/></r3statyp><r3statyp><r3ActStatCod>SCODE61</r3ActStatCod><r3ProcessCode>BLD_NEW</r3ProcessCode><servProvCode>PORTCHESTER</servProvCode><displayInAca>Y</displayInAca><r3ActStatDes>Revoke</r3ActStatDes><r3ActStatFlg>Y</r3ActStatFlg><r3ActTypeDes>Inspection</r3ActTypeDes><recDate>2019-06-14T09:39:11-04:00</recDate><recFulNam>Accela Administrator</recFulNam><recStatus>A</recStatus><refTaskStatusI18NModels/></r3statyp><r3statyp><r3ActStatCod>SCODE62</r3ActStatCod><r3ProcessCode>BLD_NEW</r3ProcessCode><servProvCode>PORTCHESTER</servProvCode><displayInAca>Y</displayInAca><r3ActStatDes>Stop Work</r3ActStatDes><r3ActStatFlg>Y</r3ActStatFlg><r3ActTypeDes>Inspection</r3ActTypeDes><recDate>2019-06-14T09:39:11-04:00</recDate><recFulNam>Accela Administrator</recFulNam><recStatus>A</recStatus><refTaskStatusI18NModels/></r3statyp><r3statyp><r3ActStatCod>SCODE63</r3ActStatCod><r3ProcessCode>BLD_NEW</r3ProcessCode><servProvCode>PORTCHESTER</servProvCode><displayInAca>Y</displayInAca><r3ActStatDes>Superseded</r3ActStatDes><r3ActStatFlg>Y</r3ActStatFlg><r3ActTypeDes>Inspection</r3ActTypeDes><recDate>2019-06-14T09:39:11-04:00</recDate><recFulNam>Accela Administrator</recFulNam><recStatus>A</recStatus><refTaskStatusI18NModels/></r3statyp><r3statyp><r3ActStatCod>SCODE43</r3ActStatCod><r3ProcessCode>BLD_NEW</r3ProcessCode><servProvCode>PORTCHESTER</servProvCode><displayInAca>Y</displayInAca><r3ActStatDes>Temp CO Issued</r3ActStatDes><r3ActStatFlg>U</r3ActStatFlg><r3ActTypeDes>Inspection</r3ActTypeDes><recDate>2019-06-04T11:07:47-04:00</recDate><recFulNam>Accela Administrator</recFulNam><recStatus>A</recStatus><refTaskStatusI18NModels/></r3statyp><r3statyp><r3ActStatCod>SCODE40</r3ActStatCod><r3ProcessCode>BLD_NEW</r3ProcessCode><servProvCode>PORTCHESTER</servProvCode><displayInAca>Y</displayInAca><r3ActStatDes>Issued</r3ActStatDes><r3ActStatFlg>B</r3ActStatFlg><r3ActTypeDes>Permit Issuance</r3ActTypeDes><recDate>2019-06-14T09:39:11-04:00</recDate><recFulNam>Accela Administrator</recFulNam><recStatus>A</recStatus><refTaskStatusI18NModels/></r3statyp><r3statyp><r3ActStatCod>SCODE41</r3ActStatCod><r3ProcessCode>BLD_NEW</r3ProcessCode><servProvCode>PORTCHESTER</servProvCode><displayInAca>Y</displayInAca><r3ActStatDes>Note</r3ActStatDes><r3ActStatFlg>U</r3ActStatFlg><r3ActTypeDes>Permit Issuance</r3ActTypeDes><recDate>2019-06-04T11:07:47-04:00</recDate><recFulNam>Accela Administrator</recFulNam><recStatus>A</recStatus><refTaskStatusI18NModels/></r3statyp><r3statyp><r3ActStatCod>SCODE68</r3ActStatCod><r3ProcessCode>BLD_NEW</r3ProcessCode><servProvCode>PORTCHESTER</servProvCode><displayInAca>Y</displayInAca><r3ActStatDes>Superseded</r3ActStatDes><r3ActStatFlg>Y</r3ActStatFlg><r3ActTypeDes>Permit Issuance</r3ActTypeDes><recDate>2019-06-14T09:39:11-04:00</recDate><recFulNam>Accela Administrator</recFulNam><recStatus>A</recStatus><refTaskStatusI18NModels/></r3statyp><r3statyp><r3ActStatCod>SCODE16</r3ActStatCod><r3ProcessCode>BLD_NEW</r3ProcessCode><servProvCode>PORTCHESTER</servProvCode><displayInAca>Y</displayInAca><r3ActStatDes>Approved</r3ActStatDes><r3ActStatFlg>Y</r3ActStatFlg><r3ActTypeDes>Planning Review</r3ActTypeDes><recDate>2019-06-04T11:07:47-04:00</recDate><recFulNam>Accela Administrator</recFulNam><recStatus>A</recStatus><refTaskStatusI18NModels/></r3statyp><r3statyp><r3ActStatCod>SCODE15</r3ActStatCod><r3ProcessCode>BLD_NEW</r3ProcessCode><servProvCode>PORTCHESTER</servProvCode><displayInAca>Y</displayInAca><r3ActStatDes>Approved w/ Comments</r3ActStatDes><r3ActStatFlg>Y</r3ActStatFlg><r3ActTypeDes>Planning Review</r3ActTypeDes><recDate>2019-06-04T11:07:47-04:00</recDate><recFulNam>Accela Administrator</recFulNam><recStatus>A</recStatus><refTaskStatusI18NModels/></r3statyp><r3statyp><r3ActStatCod>SCODE14</r3ActStatCod><r3ProcessCode>BLD_NEW</r3ProcessCode><servProvCode>PORTCHESTER</servProvCode><displayInAca>Y</displayInAca><r3ActStatDes>Not Required</r3ActStatDes><r3ActStatFlg>Y</r3ActStatFlg><r3ActTypeDes>Planning Review</r3ActTypeDes><recDate>2019-06-04T11:07:47-04:00</recDate><recFulNam>Accela Administrator</recFulNam><recStatus>A</recStatus><refTaskStatusI18NModels/></r3statyp><r3statyp><r3ActStatCod>SCODE10</r3ActStatCod><r3ProcessCode>BLD_NEW</r3ProcessCode><servProvCode>PORTCHESTER</servProvCode><displayInAca>Y</displayInAca><r3ActStatDes>Note</r3ActStatDes><r3ActStatFlg>U</r3ActStatFlg><r3ActTypeDes>Planning Review</r3ActTypeDes><recDate>2019-06-04T11:07:47-04:00</recDate><recFulNam>Accela Administrator</recFulNam><recStatus>A</recStatus><refTaskStatusI18NModels/></r3statyp><r3statyp><r3ActStatCod>SCODE13</r3ActStatCod><r3ProcessCode>BLD_NEW</r3ProcessCode><servProvCode>PORTCHESTER</servProvCode><displayInAca>Y</displayInAca><r3ActStatDes>Revisions Required</r3ActStatDes><r3ActStatFlg>Y</r3ActStatFlg><r3ActTypeDes>Planning Review</r3ActTypeDes><recDate>2019-06-04T11:07:47-04:00</recDate><recFulNam>Accela Administrator</recFulNam><recStatus>A</recStatus><refTaskStatusI18NModels/></r3statyp><r3statyp><r3ActStatCod>SCODE37</r3ActStatCod><r3ProcessCode>BLD_NEW</r3ProcessCode><servProvCode>PORTCHESTER</servProvCode><displayInAca>Y</displayInAca><r3ActStatDes>Note</r3ActStatDes><r3ActStatFlg>U</r3ActStatFlg><r3ActTypeDes>Plans Coordination</r3ActTypeDes><recDate>2019-06-04T11:07:47-04:00</recDate><recFulNam>Accela Administrator</recFulNam><recStatus>A</recStatus><refTaskStatusI18NModels/></r3statyp><r3statyp><r3ActStatCod>SCODE38</r3ActStatCod><r3ProcessCode>BLD_NEW</r3ProcessCode><servProvCode>PORTCHESTER</servProvCode><displayInAca>Y</displayInAca><r3ActStatDes>Ready to Issue</r3ActStatDes><r3ActStatFlg>Y</r3ActStatFlg><r3ActTypeDes>Plans Coordination</r3ActTypeDes><recDate>2019-06-04T11:07:47-04:00</recDate><recFulNam>Accela Administrator</recFulNam><recStatus>A</recStatus><refTaskStatusI18NModels/></r3statyp><r3statyp><r3ActStatCod>SCODE39</r3ActStatCod><r3ProcessCode>BLD_NEW</r3ProcessCode><servProvCode>PORTCHESTER</servProvCode><displayInAca>Y</displayInAca><r3ActStatDes>Revisions Required</r3ActStatDes><r3ActStatFlg>B</r3ActStatFlg><r3ActTypeDes>Plans Coordination</r3ActTypeDes><recDate>2019-06-04T11:07:47-04:00</recDate><recFulNam>Accela Administrator</recFulNam><recStatus>A</recStatus><refTaskStatusI18NModels/></r3statyp><r3statyp><r3ActStatCod>SCODE5</r3ActStatCod><r3ProcessCode>BLD_NEW</r3ProcessCode><servProvCode>PORTCHESTER</servProvCode><displayInAca>Y</displayInAca><r3ActStatDes>Note</r3ActStatDes><r3ActStatFlg>U</r3ActStatFlg><r3ActTypeDes>Plans Distribution</r3ActTypeDes><recDate>2019-06-04T11:07:47-04:00</recDate><recFulNam>Accela Administrator</recFulNam><recStatus>A</recStatus><refTaskStatusI18NModels/></r3statyp><r3statyp><r3ActStatCod>SCODE4</r3ActStatCod><r3ProcessCode>BLD_NEW</r3ProcessCode><servProvCode>PORTCHESTER</servProvCode><displayInAca>Y</displayInAca><r3ActStatDes>Revisions Received</r3ActStatDes><r3ActStatFlg>U</r3ActStatFlg><r3ActTypeDes>Plans Distribution</r3ActTypeDes><recDate>2019-06-04T11:07:47-04:00</recDate><recFulNam>Accela Administrator</recFulNam><recStatus>A</recStatus><refTaskStatusI18NModels/></r3statyp><r3statyp><r3ActStatCod>SCODE6</r3ActStatCod><r3ProcessCode>BLD_NEW</r3ProcessCode><servProvCode>PORTCHESTER</servProvCode><displayInAca>Y</displayInAca><r3ActStatDes>Routed for Review</r3ActStatDes><r3ActStatFlg>Y</r3ActStatFlg><r3ActTypeDes>Plans Distribution</r3ActTypeDes><recDate>2019-06-04T11:07:47-04:00</recDate><recFulNam>Accela Administrator</recFulNam><recStatus>A</recStatus><refTaskStatusI18NModels/></r3statyp><r3statyp><r3ActStatCod>SCODE28</r3ActStatCod><r3ProcessCode>BLD_NEW</r3ProcessCode><servProvCode>PORTCHESTER</servProvCode><displayInAca>Y</displayInAca><r3ActStatDes>Approved</r3ActStatDes><r3ActStatFlg>Y</r3ActStatFlg><r3ActTypeDes>Public Review</r3ActTypeDes><recDate>2019-06-04T11:07:47-04:00</recDate><recFulNam>Accela Administrator</recFulNam><recStatus>A</recStatus><refTaskStatusI18NModels/></r3statyp><r3statyp><r3ActStatCod>SCODE27</r3ActStatCod><r3ProcessCode>BLD_NEW</r3ProcessCode><servProvCode>PORTCHESTER</servProvCode><displayInAca>Y</displayInAca><r3ActStatDes>Approved w/ Comments</r3ActStatDes><r3ActStatFlg>Y</r3ActStatFlg><r3ActTypeDes>Public Review</r3ActTypeDes><recDate>2019-06-04T11:07:47-04:00</recDate><recFulNam>Accela Administrator</recFulNam><recStatus>A</recStatus><refTaskStatusI18NModels/></r3statyp><r3statyp><r3ActStatCod>SCODE26</r3ActStatCod><r3ProcessCode>BLD_NEW</r3ProcessCode><servProvCode>PORTCHESTER</servProvCode><displayInAca>Y</displayInAca><r3ActStatDes>Not Required</r3ActStatDes><r3ActStatFlg>Y</r3ActStatFlg><r3ActTypeDes>Public Review</r3ActTypeDes><recDate>2019-06-04T11:07:47-04:00</recDate><recFulNam>Accela Administrator</recFulNam><recStatus>A</recStatus><refTaskStatusI18NModels/></r3statyp><r3statyp><r3ActStatCod>SCODE9</r3ActStatCod><r3ProcessCode>BLD_NEW</r3ProcessCode><servProvCode>PORTCHESTER</servProvCode><displayInAca>Y</displayInAca><r3ActStatDes>Note</r3ActStatDes><r3ActStatFlg>U</r3ActStatFlg><r3ActTypeDes>Public Review</r3ActTypeDes><recDate>2019-06-04T11:07:47-04:00</recDate><recFulNam>Accela Administrator</recFulNam><recStatus>A</recStatus><refTaskStatusI18NModels/></r3statyp><r3statyp><r3ActStatCod>SCODE25</r3ActStatCod><r3ProcessCode>BLD_NEW</r3ProcessCode><servProvCode>PORTCHESTER</servProvCode><displayInAca>Y</displayInAca><r3ActStatDes>Revisions Required</r3ActStatDes><r3ActStatFlg>Y</r3ActStatFlg><r3ActTypeDes>Public Review</r3ActTypeDes><recDate>2019-06-04T11:07:47-04:00</recDate><recFulNam>Accela Administrator</recFulNam><recStatus>A</recStatus><refTaskStatusI18NModels/></r3statyp><r3statyp><r3ActStatCod>SCODE53</r3ActStatCod><r3ProcessCode>BLD_NEW</r3ProcessCode><servProvCode>PORTCHESTER</servProvCode><displayInAca>Y</displayInAca><r3ActStatDes>Approved</r3ActStatDes><r3ActStatFlg>Y</r3ActStatFlg><r3ActTypeDes>Site Plan / Special Exception Approval</r3ActTypeDes><recDate>2019-07-17T00:46:09-04:00</recDate><recFulNam>Accela Administrator</recFulNam><recStatus>A</recStatus><refTaskStatusI18NModels/></r3statyp><r3statyp><r3ActStatCod>SCODE52</r3ActStatCod><r3ProcessCode>BLD_NEW</r3ProcessCode><servProvCode>PORTCHESTER</servProvCode><displayInAca>Y</displayInAca><r3ActStatDes>Approved w/ Comments</r3ActStatDes><r3ActStatFlg>Y</r3ActStatFlg><r3ActTypeDes>Site Plan / Special Exception Approval</r3ActTypeDes><recDate>2019-07-17T00:46:09-04:00</recDate><recFulNam>Accela Administrator</recFulNam><recStatus>A</recStatus><refTaskStatusI18NModels/></r3statyp><r3statyp><r3ActStatCod>SCODE51</r3ActStatCod><r3ProcessCode>BLD_NEW</r3ProcessCode><servProvCode>PORTCHESTER</servProvCode><displayInAca>Y</displayInAca><r3ActStatDes>Not Required</r3ActStatDes><r3ActStatFlg>Y</r3ActStatFlg><r3ActTypeDes>Site Plan / Special Exception Approval</r3ActTypeDes><recDate>2019-07-17T00:46:09-04:00</recDate><recFulNam>Accela Administrator</recFulNam><recStatus>A</recStatus><refTaskStatusI18NModels/></r3statyp><r3statyp><r3ActStatCod>SCODE74</r3ActStatCod><r3ProcessCode>BLD_NEW</r3ProcessCode><servProvCode>PORTCHESTER</servProvCode><displayInAca>Y</displayInAca><r3ActStatDes>Note</r3ActStatDes><r3ActStatFlg>U</r3ActStatFlg><r3ActTypeDes>Site Plan / Special Exception Approval</r3ActTypeDes><recDate>2019-07-17T00:46:35-04:00</recDate><recFulNam>Accela Administrator</recFulNam><recStatus>A</recStatus><refTaskStatusI18NModels/></r3statyp><r3statyp><r3ActStatCod>SCODE50</r3ActStatCod><r3ProcessCode>BLD_NEW</r3ProcessCode><servProvCode>PORTCHESTER</servProvCode><displayInAca>Y</displayInAca><r3ActStatDes>Revisions Required</r3ActStatDes><r3ActStatFlg>Y</r3ActStatFlg><r3ActTypeDes>Site Plan / Special Exception Approval</r3ActTypeDes><recDate>2019-07-17T00:46:09-04:00</recDate><recFulNam>Accela Administrator</recFulNam><recStatus>A</recStatus><refTaskStatusI18NModels/></r3statyp><r3statyp><r3ActStatCod>SCODE32</r3ActStatCod><r3ProcessCode>BLD_NEW</r3ProcessCode><servProvCode>PORTCHESTER</servProvCode><displayInAca>Y</displayInAca><r3ActStatDes>Approved</r3ActStatDes><r3ActStatFlg>Y</r3ActStatFlg><r3ActTypeDes>Utilities Review</r3ActTypeDes><recDate>2019-06-04T11:07:47-04:00</recDate><recFulNam>Accela Administrator</recFulNam><recStatus>A</recStatus><refTaskStatusI18NModels/></r3statyp><r3statyp><r3ActStatCod>SCODE31</r3ActStatCod><r3ProcessCode>BLD_NEW</r3ProcessCode><servProvCode>PORTCHESTER</servProvCode><displayInAca>Y</displayInAca><r3ActStatDes>Approved w/ Comments</r3ActStatDes><r3ActStatFlg>Y</r3ActStatFlg><r3ActTypeDes>Utilities Review</r3ActTypeDes><recDate>2019-06-04T11:07:47-04:00</recDate><recFulNam>Accela Administrator</recFulNam><recStatus>A</recStatus><refTaskStatusI18NModels/></r3statyp><r3statyp><r3ActStatCod>SCODE30</r3ActStatCod><r3ProcessCode>BLD_NEW</r3ProcessCode><servProvCode>PORTCHESTER</servProvCode><displayInAca>Y</displayInAca><r3ActStatDes>Not Required</r3ActStatDes><r3ActStatFlg>Y</r3ActStatFlg><r3ActTypeDes>Utilities Review</r3ActTypeDes><recDate>2019-06-04T11:07:47-04:00</recDate><recFulNam>Accela Administrator</recFulNam><recStatus>A</recStatus><refTaskStatusI18NModels/></r3statyp><r3statyp><r3ActStatCod>SCODE8</r3ActStatCod><r3ProcessCode>BLD_NEW</r3ProcessCode><servProvCode>PORTCHESTER</servProvCode><displayInAca>Y</displayInAca><r3ActStatDes>Note</r3ActStatDes><r3ActStatFlg>U</r3ActStatFlg><r3ActTypeDes>Utilities Review</r3ActTypeDes><recDate>2019-06-04T11:07:47-04:00</recDate><recFulNam>Accela Administrator</recFulNam><recStatus>A</recStatus><refTaskStatusI18NModels/></r3statyp><r3statyp><r3ActStatCod>SCODE29</r3ActStatCod><r3ProcessCode>BLD_NEW</r3ProcessCode><servProvCode>PORTCHESTER</servProvCode><displayInAca>Y</displayInAca><r3ActStatDes>Revisions Required</r3ActStatDes><r3ActStatFlg>Y</r3ActStatFlg><r3ActTypeDes>Utilities Review</r3ActTypeDes><recDate>2019-06-04T11:07:47-04:00</recDate><recFulNam>Accela Administrator</recFulNam><recStatus>A</recStatus><refTaskStatusI18NModels/></r3statyp><r3statyp><r3ActStatCod>SCODE55</r3ActStatCod><r3ProcessCode>BLD_NEW</r3ProcessCode><servProvCode>PORTCHESTER</servProvCode><displayInAca>Y</displayInAca><r3ActStatDes>Approved</r3ActStatDes><r3ActStatFlg>Y</r3ActStatFlg><r3ActTypeDes>Village Engineer</r3ActTypeDes><recDate>2019-06-14T09:39:11-04:00</recDate><recFulNam>Accela Administrator</recFulNam><recStatus>A</recStatus><refTaskStatusI18NModels/></r3statyp><r3statyp><r3ActStatCod>SCODE56</r3ActStatCod><r3ProcessCode>BLD_NEW</r3ProcessCode><servProvCode>PORTCHESTER</servProvCode><displayInAca>Y</displayInAca><r3ActStatDes>Approved w/ Comments</r3ActStatDes><r3ActStatFlg>Y</r3ActStatFlg><r3ActTypeDes>Village Engineer</r3ActTypeDes><recDate>2019-06-14T09:39:11-04:00</recDate><recFulNam>Accela Administrator</recFulNam><recStatus>A</recStatus><refTaskStatusI18NModels/></r3statyp><r3statyp><r3ActStatCod>SCODE57</r3ActStatCod><r3ProcessCode>BLD_NEW</r3ProcessCode><servProvCode>PORTCHESTER</servProvCode><displayInAca>Y</displayInAca><r3ActStatDes>Not Required</r3ActStatDes><r3ActStatFlg>Y</r3ActStatFlg><r3ActTypeDes>Village Engineer</r3ActTypeDes><recDate>2019-06-14T09:39:11-04:00</recDate><recFulNam>Accela Administrator</recFulNam><recStatus>A</recStatus><refTaskStatusI18NModels/></r3statyp><r3statyp><r3ActStatCod>SCODE54</r3ActStatCod><r3ProcessCode>BLD_NEW</r3ProcessCode><servProvCode>PORTCHESTER</servProvCode><displayInAca>Y</displayInAca><r3ActStatDes>Note</r3ActStatDes><r3ActStatFlg>U</r3ActStatFlg><r3ActTypeDes>Village Engineer</r3ActTypeDes><recDate>2019-06-14T09:39:11-04:00</recDate><recFulNam>Accela Administrator</recFulNam><recStatus>A</recStatus><refTaskStatusI18NModels/></r3statyp><r3statyp><r3ActStatCod>SCODE58</r3ActStatCod><r3ProcessCode>BLD_NEW</r3ProcessCode><servProvCode>PORTCHESTER</servProvCode><displayInAca>Y</displayInAca><r3ActStatDes>Revisions Required</r3ActStatDes><r3ActStatFlg>Y</r3ActStatFlg><r3ActTypeDes>Village Engineer</r3ActTypeDes><recDate>2019-06-14T09:39:11-04:00</recDate><recFulNam>Accela Administrator</recFulNam><recStatus>A</recStatus><refTaskStatusI18NModels/></r3statyp><r3statyp><r3ActStatCod>SCODE70</r3ActStatCod><r3ProcessCode>BLD_NEW</r3ProcessCode><servProvCode>PORTCHESTER</servProvCode><displayInAca>Y</displayInAca><r3ActStatDes>Approved</r3ActStatDes><r3ActStatFlg>Y</r3ActStatFlg><r3ActTypeDes>Zoning Review</r3ActTypeDes><recDate>2019-06-14T09:39:11-04:00</recDate><recFulNam>Accela Administrator</recFulNam><recStatus>A</recStatus><refTaskStatusI18NModels/></r3statyp><r3statyp><r3ActStatCod>SCODE71</r3ActStatCod><r3ProcessCode>BLD_NEW</r3ProcessCode><servProvCode>PORTCHESTER</servProvCode><displayInAca>Y</displayInAca><r3ActStatDes>Approved w/ Comments</r3ActStatDes><r3ActStatFlg>Y</r3ActStatFlg><r3ActTypeDes>Zoning Review</r3ActTypeDes><recDate>2019-06-14T09:39:11-04:00</recDate><recFulNam>Accela Administrator</recFulNam><recStatus>A</recStatus><refTaskStatusI18NModels/></r3statyp><r3statyp><r3ActStatCod>SCODE72</r3ActStatCod><r3ProcessCode>BLD_NEW</r3ProcessCode><servProvCode>PORTCHESTER</servProvCode><displayInAca>Y</displayInAca><r3ActStatDes>Not Required</r3ActStatDes><r3ActStatFlg>Y</r3ActStatFlg><r3ActTypeDes>Zoning Review</r3ActTypeDes><recDate>2019-06-14T09:39:11-04:00</recDate><recFulNam>Accela Administrator</recFulNam><recStatus>A</recStatus><refTaskStatusI18NModels/></r3statyp><r3statyp><r3ActStatCod>SCODE69</r3ActStatCod><r3ProcessCode>BLD_NEW</r3ProcessCode><servProvCode>PORTCHESTER</servProvCode><displayInAca>Y</displayInAca><r3ActStatDes>Note</r3ActStatDes><r3ActStatFlg>U</r3ActStatFlg><r3ActTypeDes>Zoning Review</r3ActTypeDes><recDate>2019-06-14T09:39:11-04:00</recDate><recFulNam>Accela Administrator</recFulNam><recStatus>A</recStatus><refTaskStatusI18NModels/></r3statyp><r3statyp><r3ActStatCod>SCODE73</r3ActStatCod><r3ProcessCode>BLD_NEW</r3ProcessCode><servProvCode>PORTCHESTER</servProvCode><displayInAca>Y</displayInAca><r3ActStatDes>Revisions Required</r3ActStatDes><r3ActStatFlg>Y</r3ActStatFlg><r3ActTypeDes>Zoning Review</r3ActTypeDes><recDate>2019-06-14T09:39:11-04:00</recDate><recFulNam>Accela Administrator</recFulNam><recStatus>A</recStatus><refTaskStatusI18NModels/></r3statyp></r3statypModels><securityFlag>BLD_NEW/%</securityFlag></virProcess>
</list>