<?xml version="1.0" encoding="UTF-8" standalone="yes"?>
<list  version="9.0.0" minorVersion="26" exportUser="ADMIN" exportDateTime="08/16/2019 11:56 AM" description="null"><applicationStatusGroup><appStatusGroupCode>EH_APP</appStatusGroupCode><serviceProviderCode>PORTCHESTER</serviceProviderCode><appStatusGroupModels><appStatusGroupModel refId="1@AppStatusGroupModel"><serviceProviderCode>PORTCHESTER</serviceProviderCode><appStatusGroupCode>EH_APP</appStatusGroupCode><status>Accepted</status><appStatusGroupI18Ns/><auditModel><auditDate>2016-01-18T02:36:01-05:00</auditDate><auditID>ADMIN</auditID><auditStatus>A</auditStatus></auditModel><statusType>PENDING</statusType></appStatusGroupModel><appStatusGroupModel refId="2@AppStatusGroupModel"><serviceProviderCode>PORTCHESTER</serviceProviderCode><appStatusGroupCode>EH_APP</appStatusGroupCode><status>Additional Info Needed</status><appStatusGroupI18Ns/><auditModel><auditDate>2016-01-18T02:35:36-05:00</auditDate><auditID>ADMIN</auditID><auditStatus>A</auditStatus></auditModel><statusType>INCOMPLETE</statusType></appStatusGroupModel><appStatusGroupModel refId="3@AppStatusGroupModel"><serviceProviderCode>PORTCHESTER</serviceProviderCode><appStatusGroupCode>EH_APP</appStatusGroupCode><status>Denied</status><appStatusGroupI18Ns/><auditModel><auditDate>2016-01-18T02:35:43-05:00</auditDate><auditID>ADMIN</auditID><auditStatus>A</auditStatus></auditModel><statusType>DENIED</statusType></appStatusGroupModel><appStatusGroupModel refId="4@AppStatusGroupModel"><serviceProviderCode>PORTCHESTER</serviceProviderCode><appStatusGroupCode>EH_APP</appStatusGroupCode><status>In-Review</status><appStatusGroupI18Ns/><auditModel><auditDate>2016-01-18T02:36:27-05:00</auditDate><auditID>ADMIN</auditID><auditStatus>A</auditStatus></auditModel><statusType>PENDING</statusType></appStatusGroupModel><appStatusGroupModel refId="5@AppStatusGroupModel"><serviceProviderCode>PORTCHESTER</serviceProviderCode><appStatusGroupCode>EH_APP</appStatusGroupCode><status>Inspection Passed</status><appStatusGroupI18Ns/><auditModel><auditDate>2016-01-18T02:36:56-05:00</auditDate><auditID>ADMIN</auditID><auditStatus>A</auditStatus></auditModel><statusType>PENDING</statusType></appStatusGroupModel><appStatusGroupModel refId="6@AppStatusGroupModel"><serviceProviderCode>PORTCHESTER</serviceProviderCode><appStatusGroupCode>EH_APP</appStatusGroupCode><status>Issued</status><appStatusGroupI18Ns/><auditModel><auditDate>2016-01-18T02:36:18-05:00</auditDate><auditID>ADMIN</auditID><auditStatus>A</auditStatus></auditModel><statusType>COMPLETE</statusType></appStatusGroupModel><appStatusGroupModel refId="7@AppStatusGroupModel"><serviceProviderCode>PORTCHESTER</serviceProviderCode><appStatusGroupCode>EH_APP</appStatusGroupCode><status>No Plan Review Required</status><appStatusGroupI18Ns/><auditModel><auditDate>2016-01-18T02:36:42-05:00</auditDate><auditID>ADMIN</auditID><auditStatus>A</auditStatus></auditModel><statusType>PENDING</statusType></appStatusGroupModel><appStatusGroupModel refId="8@AppStatusGroupModel"><serviceProviderCode>PORTCHESTER</serviceProviderCode><appStatusGroupCode>EH_APP</appStatusGroupCode><status>Pending</status><appStatusGroupI18Ns/><auditModel><auditDate>2016-01-18T02:35:29-05:00</auditDate><auditID>ADMIN</auditID><auditStatus>A</auditStatus></auditModel><statusType>PENDING</statusType></appStatusGroupModel><appStatusGroupModel refId="9@AppStatusGroupModel"><serviceProviderCode>PORTCHESTER</serviceProviderCode><appStatusGroupCode>EH_APP</appStatusGroupCode><status>Plan Review Required</status><appStatusGroupI18Ns/><auditModel><auditDate>2016-01-18T02:36:34-05:00</auditDate><auditID>ADMIN</auditID><auditStatus>A</auditStatus></auditModel><statusType>PENDING</statusType></appStatusGroupModel><appStatusGroupModel refId="10@AppStatusGroupModel"><serviceProviderCode>PORTCHESTER</serviceProviderCode><appStatusGroupCode>EH_APP</appStatusGroupCode><status>Plans Approved</status><appStatusGroupI18Ns/><auditModel><auditDate>2016-01-18T02:36:10-05:00</auditDate><auditID>ADMIN</auditID><auditStatus>A</auditStatus></auditModel><statusType>OPEN</statusType></appStatusGroupModel><appStatusGroupModel refId="11@AppStatusGroupModel"><serviceProviderCode>PORTCHESTER</serviceProviderCode><appStatusGroupCode>EH_APP</appStatusGroupCode><status>Re-Inspection Required</status><appStatusGroupI18Ns/><auditModel><auditDate>2016-01-18T02:38:30-05:00</auditDate><auditID>ADMIN</auditID><auditStatus>A</auditStatus></auditModel><statusType>PENDING</statusType></appStatusGroupModel><appStatusGroupModel refId="12@AppStatusGroupModel"><serviceProviderCode>PORTCHESTER</serviceProviderCode><appStatusGroupCode>EH_APP</appStatusGroupCode><status>Received</status><appStatusGroupI18Ns/><auditModel><auditDate>2016-01-18T02:35:23-05:00</auditDate><auditID>ADMIN</auditID><auditStatus>A</auditStatus></auditModel><statusType>PENDING</statusType></appStatusGroupModel><appStatusGroupModel refId="13@AppStatusGroupModel"><serviceProviderCode>PORTCHESTER</serviceProviderCode><appStatusGroupCode>EH_APP</appStatusGroupCode><status>Void</status><appStatusGroupI18Ns/><auditModel><auditDate>2016-02-18T18:37:45-05:00</auditDate><auditID>ADMIN</auditID><auditStatus>A</auditStatus></auditModel><statusType>VOID</statusType></appStatusGroupModel><appStatusGroupModel refId="14@AppStatusGroupModel"><serviceProviderCode>PORTCHESTER</serviceProviderCode><appStatusGroupCode>EH_APP</appStatusGroupCode><status>Withdrawn</status><appStatusGroupI18Ns/><auditModel><auditDate>2016-01-18T02:35:52-05:00</auditDate><auditID>ADMIN</auditID><auditStatus>A</auditStatus></auditModel><statusType>VOID</statusType></appStatusGroupModel></appStatusGroupModels></applicationStatusGroup>
<applicationStatusGroup><appStatusGroupCode>EH_PMT</appStatusGroupCode><serviceProviderCode>PORTCHESTER</serviceProviderCode><appStatusGroupModels><appStatusGroupModel refId="1@AppStatusGroupModel"><serviceProviderCode>PORTCHESTER</serviceProviderCode><appStatusGroupCode>EH_PMT</appStatusGroupCode><status>Active</status><appStatusGroupI18Ns/><auditModel><auditDate>2016-01-18T23:24:43-05:00</auditDate><auditID>ADMIN</auditID><auditStatus>A</auditStatus></auditModel><statusType>APPROVED</statusType></appStatusGroupModel><appStatusGroupModel refId="2@AppStatusGroupModel"><serviceProviderCode>PORTCHESTER</serviceProviderCode><appStatusGroupCode>EH_PMT</appStatusGroupCode><status>Delinquent</status><appStatusGroupI18Ns/><auditModel><auditDate>2016-01-18T23:24:52-05:00</auditDate><auditID>ADMIN</auditID><auditStatus>A</auditStatus></auditModel><statusType>OPEN</statusType></appStatusGroupModel><appStatusGroupModel refId="3@AppStatusGroupModel"><serviceProviderCode>PORTCHESTER</serviceProviderCode><appStatusGroupCode>EH_PMT</appStatusGroupCode><status>Expired</status><appStatusGroupI18Ns/><auditModel><auditDate>2016-01-18T23:25:13-05:00</auditDate><auditID>ADMIN</auditID><auditStatus>A</auditStatus></auditModel><statusType>CLOSED</statusType></appStatusGroupModel><appStatusGroupModel refId="4@AppStatusGroupModel"><serviceProviderCode>PORTCHESTER</serviceProviderCode><appStatusGroupCode>EH_PMT</appStatusGroupCode><status>Pending</status><appStatusGroupI18Ns/><auditModel><auditDate>2016-01-18T23:25:22-05:00</auditDate><auditID>ADMIN</auditID><auditStatus>A</auditStatus></auditModel><statusType>PENDING</statusType></appStatusGroupModel><appStatusGroupModel refId="5@AppStatusGroupModel"><serviceProviderCode>PORTCHESTER</serviceProviderCode><appStatusGroupCode>EH_PMT</appStatusGroupCode><status>Revoked</status><appStatusGroupI18Ns/><auditModel><auditDate>2016-01-18T23:25:33-05:00</auditDate><auditID>ADMIN</auditID><auditStatus>A</auditStatus></auditModel><statusType>CLOSED</statusType></appStatusGroupModel><appStatusGroupModel refId="6@AppStatusGroupModel"><serviceProviderCode>PORTCHESTER</serviceProviderCode><appStatusGroupCode>EH_PMT</appStatusGroupCode><status>Suspended</status><appStatusGroupI18Ns/><auditModel><auditDate>2016-01-18T23:25:43-05:00</auditDate><auditID>ADMIN</auditID><auditStatus>A</auditStatus></auditModel><statusType>OPEN</statusType></appStatusGroupModel><appStatusGroupModel refId="7@AppStatusGroupModel"><serviceProviderCode>PORTCHESTER</serviceProviderCode><appStatusGroupCode>EH_PMT</appStatusGroupCode><status>Void</status><appStatusGroupI18Ns/><auditModel><auditDate>2016-01-18T23:25:50-05:00</auditDate><auditID>ADMIN</auditID><auditStatus>A</auditStatus></auditModel><statusType>VOID</statusType></appStatusGroupModel><appStatusGroupModel refId="8@AppStatusGroupModel"><serviceProviderCode>PORTCHESTER</serviceProviderCode><appStatusGroupCode>EH_PMT</appStatusGroupCode><status>Withdrawn</status><appStatusGroupI18Ns/><auditModel><auditDate>2016-01-18T23:26:01-05:00</auditDate><auditID>ADMIN</auditID><auditStatus>A</auditStatus></auditModel><statusType>VOID</statusType></appStatusGroupModel></appStatusGroupModels></applicationStatusGroup>
<applicationStatusGroup><appStatusGroupCode>BLD_GENERAL</appStatusGroupCode><serviceProviderCode>PORTCHESTER</serviceProviderCode><appStatusGroupModels><appStatusGroupModel refId="1@AppStatusGroupModel"><serviceProviderCode>PORTCHESTER</serviceProviderCode><appStatusGroupCode>BLD_GENERAL</appStatusGroupCode><status>CofO Issued</status><appStatusGroupI18Ns/><auditModel><auditDate>2013-03-27T09:18:40-04:00</auditDate><auditID>ADMIN</auditID><auditStatus>A</auditStatus></auditModel><statusType>COMPLETE</statusType></appStatusGroupModel><appStatusGroupModel refId="2@AppStatusGroupModel"><serviceProviderCode>PORTCHESTER</serviceProviderCode><appStatusGroupCode>BLD_GENERAL</appStatusGroupCode><status>Expired</status><appStatusGroupI18Ns/><auditModel><auditDate>2013-05-07T17:21:32-04:00</auditDate><auditID>ADMIN</auditID><auditStatus>A</auditStatus></auditModel><statusType>CLOSED</statusType></appStatusGroupModel><appStatusGroupModel refId="3@AppStatusGroupModel"><serviceProviderCode>PORTCHESTER</serviceProviderCode><appStatusGroupCode>BLD_GENERAL</appStatusGroupCode><status>Finaled</status><appStatusGroupI18Ns/><auditModel><auditDate>2013-03-27T09:18:56-04:00</auditDate><auditID>ADMIN</auditID><auditStatus>A</auditStatus></auditModel><statusType>COMPLETE</statusType></appStatusGroupModel><appStatusGroupModel refId="4@AppStatusGroupModel"><serviceProviderCode>PORTCHESTER</serviceProviderCode><appStatusGroupCode>BLD_GENERAL</appStatusGroupCode><status>Inspection Phase</status><appStatusGroupI18Ns/><auditModel><auditDate>2013-03-27T09:19:10-04:00</auditDate><auditID>ADMIN</auditID><auditStatus>A</auditStatus></auditModel><statusType>OPEN</statusType></appStatusGroupModel><appStatusGroupModel refId="5@AppStatusGroupModel"><serviceProviderCode>PORTCHESTER</serviceProviderCode><appStatusGroupCode>BLD_GENERAL</appStatusGroupCode><status>Issued</status><appStatusGroupI18Ns/><auditModel><auditDate>2013-03-27T09:19:27-04:00</auditDate><auditID>ADMIN</auditID><auditStatus>A</auditStatus></auditModel><statusType>OPEN</statusType></appStatusGroupModel><appStatusGroupModel refId="6@AppStatusGroupModel"><serviceProviderCode>PORTCHESTER</serviceProviderCode><appStatusGroupCode>BLD_GENERAL</appStatusGroupCode><status>Pending</status><appStatusGroupI18Ns/><auditModel><auditDate>2013-03-14T09:27:07-04:00</auditDate><auditID>ADMIN</auditID><auditStatus>A</auditStatus></auditModel><statusType>OPEN</statusType></appStatusGroupModel><appStatusGroupModel refId="7@AppStatusGroupModel"><serviceProviderCode>PORTCHESTER</serviceProviderCode><appStatusGroupCode>BLD_GENERAL</appStatusGroupCode><status>Plan Review</status><appStatusGroupI18Ns/><auditModel><auditDate>2013-03-27T09:19:32-04:00</auditDate><auditID>ADMIN</auditID><auditStatus>A</auditStatus></auditModel><statusType>OPEN</statusType></appStatusGroupModel><appStatusGroupModel refId="8@AppStatusGroupModel"><serviceProviderCode>PORTCHESTER</serviceProviderCode><appStatusGroupCode>BLD_GENERAL</appStatusGroupCode><status>Ready to Issue</status><appStatusGroupI18Ns/><auditModel><auditDate>2013-03-27T09:19:40-04:00</auditDate><auditID>ADMIN</auditID><auditStatus>A</auditStatus></auditModel><statusType>OPEN</statusType></appStatusGroupModel><appStatusGroupModel refId="9@AppStatusGroupModel"><serviceProviderCode>PORTCHESTER</serviceProviderCode><appStatusGroupCode>BLD_GENERAL</appStatusGroupCode><status>Revisions Required</status><appStatusGroupI18Ns/><auditModel><auditDate>2013-03-27T09:19:47-04:00</auditDate><auditID>ADMIN</auditID><auditStatus>A</auditStatus></auditModel><statusType>OPEN</statusType></appStatusGroupModel><appStatusGroupModel refId="10@AppStatusGroupModel"><serviceProviderCode>PORTCHESTER</serviceProviderCode><appStatusGroupCode>BLD_GENERAL</appStatusGroupCode><status>Revoked</status><appStatusGroupI18Ns/><auditModel><auditDate>2013-03-27T09:20:07-04:00</auditDate><auditID>ADMIN</auditID><auditStatus>A</auditStatus></auditModel><statusType>CLOSED</statusType></appStatusGroupModel><appStatusGroupModel refId="11@AppStatusGroupModel"><serviceProviderCode>PORTCHESTER</serviceProviderCode><appStatusGroupCode>BLD_GENERAL</appStatusGroupCode><status>Stop Work</status><appStatusGroupI18Ns/><auditModel><auditDate>2013-04-04T18:46:41-04:00</auditDate><auditID>ADMIN</auditID><auditStatus>A</auditStatus></auditModel><statusType>INCOMPLETE</statusType></appStatusGroupModel><appStatusGroupModel refId="12@AppStatusGroupModel"><serviceProviderCode>PORTCHESTER</serviceProviderCode><appStatusGroupCode>BLD_GENERAL</appStatusGroupCode><status>Submitted</status><appStatusGroupI18Ns/><auditModel><auditDate>2013-03-27T09:23:37-04:00</auditDate><auditID>ADMIN</auditID><auditStatus>A</auditStatus></auditModel><statusType>OPEN</statusType></appStatusGroupModel><appStatusGroupModel refId="13@AppStatusGroupModel"><serviceProviderCode>PORTCHESTER</serviceProviderCode><appStatusGroupCode>BLD_GENERAL</appStatusGroupCode><status>TCO Issued</status><appStatusGroupI18Ns/><auditModel><auditDate>2013-03-27T09:23:48-04:00</auditDate><auditID>ADMIN</auditID><auditStatus>A</auditStatus></auditModel><statusType>OPEN</statusType></appStatusGroupModel><appStatusGroupModel refId="14@AppStatusGroupModel"><serviceProviderCode>PORTCHESTER</serviceProviderCode><appStatusGroupCode>BLD_GENERAL</appStatusGroupCode><status>Void</status><appStatusGroupI18Ns/><auditModel><auditDate>2013-03-27T09:24:01-04:00</auditDate><auditID>ADMIN</auditID><auditStatus>A</auditStatus></auditModel><statusType>CLOSED</statusType></appStatusGroupModel><appStatusGroupModel refId="15@AppStatusGroupModel"><serviceProviderCode>PORTCHESTER</serviceProviderCode><appStatusGroupCode>BLD_GENERAL</appStatusGroupCode><status>Withdrawn</status><appStatusGroupI18Ns/><auditModel><auditDate>2013-03-27T09:24:12-04:00</auditDate><auditID>ADMIN</auditID><auditStatus>A</auditStatus></auditModel><statusType>CLOSED</statusType></appStatusGroupModel></appStatusGroupModels></applicationStatusGroup>
<applicationStatusGroup><appStatusGroupCode>LIC_PET</appStatusGroupCode><serviceProviderCode>PORTCHESTER</serviceProviderCode><appStatusGroupModels><appStatusGroupModel refId="1@AppStatusGroupModel"><serviceProviderCode>PORTCHESTER</serviceProviderCode><appStatusGroupCode>LIC_PET</appStatusGroupCode><status>Active</status><appStatusGroupI18Ns/><auditModel><auditDate>2013-11-20T16:23:09-05:00</auditDate><auditID>ADMIN</auditID><auditStatus>A</auditStatus></auditModel><statusType>APPROVED</statusType></appStatusGroupModel><appStatusGroupModel refId="2@AppStatusGroupModel"><serviceProviderCode>PORTCHESTER</serviceProviderCode><appStatusGroupCode>LIC_PET</appStatusGroupCode><status>Deceased</status><appStatusGroupI18Ns/><auditModel><auditDate>2013-11-20T16:23:17-05:00</auditDate><auditID>ADMIN</auditID><auditStatus>A</auditStatus></auditModel><statusType>CLOSED</statusType></appStatusGroupModel><appStatusGroupModel refId="3@AppStatusGroupModel"><serviceProviderCode>PORTCHESTER</serviceProviderCode><appStatusGroupCode>LIC_PET</appStatusGroupCode><status>Expired</status><appStatusGroupI18Ns/><auditModel><auditDate>2013-11-20T16:23:25-05:00</auditDate><auditID>ADMIN</auditID><auditStatus>A</auditStatus></auditModel><statusType>CLOSED</statusType></appStatusGroupModel><appStatusGroupModel refId="4@AppStatusGroupModel"><serviceProviderCode>PORTCHESTER</serviceProviderCode><appStatusGroupCode>LIC_PET</appStatusGroupCode><status>In Review</status><appStatusGroupI18Ns/><auditModel><auditDate>2013-11-20T16:23:37-05:00</auditDate><auditID>ADMIN</auditID><auditStatus>A</auditStatus></auditModel><statusType>PENDING</statusType></appStatusGroupModel><appStatusGroupModel refId="5@AppStatusGroupModel"><serviceProviderCode>PORTCHESTER</serviceProviderCode><appStatusGroupCode>LIC_PET</appStatusGroupCode><status>No Longer Own Pet</status><appStatusGroupI18Ns/><auditModel><auditDate>2013-11-20T16:23:49-05:00</auditDate><auditID>ADMIN</auditID><auditStatus>A</auditStatus></auditModel><statusType>CLOSED</statusType></appStatusGroupModel><appStatusGroupModel refId="6@AppStatusGroupModel"><serviceProviderCode>PORTCHESTER</serviceProviderCode><appStatusGroupCode>LIC_PET</appStatusGroupCode><status>Transferred Ownership</status><appStatusGroupI18Ns/><auditModel><auditDate>2013-11-20T16:24:02-05:00</auditDate><auditID>ADMIN</auditID><auditStatus>A</auditStatus></auditModel><statusType>CLOSED</statusType></appStatusGroupModel><appStatusGroupModel refId="7@AppStatusGroupModel"><serviceProviderCode>PORTCHESTER</serviceProviderCode><appStatusGroupCode>LIC_PET</appStatusGroupCode><status>Withdrawn</status><appStatusGroupI18Ns/><auditModel><auditDate>2013-11-20T16:24:20-05:00</auditDate><auditID>ADMIN</auditID><auditStatus>A</auditStatus></auditModel><statusType>VOID</statusType></appStatusGroupModel></appStatusGroupModels></applicationStatusGroup>
<applicationStatusGroup><appStatusGroupCode>LIC_BUS_LICENSE</appStatusGroupCode><serviceProviderCode>PORTCHESTER</serviceProviderCode><appStatusGroupModels><appStatusGroupModel refId="1@AppStatusGroupModel"><serviceProviderCode>PORTCHESTER</serviceProviderCode><appStatusGroupCode>LIC_BUS_LICENSE</appStatusGroupCode><status>Active</status><appStatusGroupI18Ns/><auditModel><auditDate>2013-11-20T17:19:57-05:00</auditDate><auditID>ADMIN</auditID><auditStatus>A</auditStatus></auditModel><statusType>APPROVED</statusType></appStatusGroupModel><appStatusGroupModel refId="2@AppStatusGroupModel"><serviceProviderCode>PORTCHESTER</serviceProviderCode><appStatusGroupCode>LIC_BUS_LICENSE</appStatusGroupCode><status>Delinquent</status><appStatusGroupI18Ns/><auditModel><auditDate>2013-11-22T10:49:50-05:00</auditDate><auditID>ADMIN</auditID><auditStatus>A</auditStatus></auditModel><statusType>OPEN</statusType></appStatusGroupModel><appStatusGroupModel refId="3@AppStatusGroupModel"><serviceProviderCode>PORTCHESTER</serviceProviderCode><appStatusGroupCode>LIC_BUS_LICENSE</appStatusGroupCode><status>Expired</status><appStatusGroupI18Ns/><auditModel><auditDate>2014-07-02T16:12:34-04:00</auditDate><auditID>ADMIN</auditID><auditStatus>A</auditStatus></auditModel><statusType>CLOSED</statusType></appStatusGroupModel><appStatusGroupModel refId="4@AppStatusGroupModel"><serviceProviderCode>PORTCHESTER</serviceProviderCode><appStatusGroupCode>LIC_BUS_LICENSE</appStatusGroupCode><status>Pending</status><appStatusGroupI18Ns/><auditModel><auditDate>2013-11-20T17:18:31-05:00</auditDate><auditID>ADMIN</auditID><auditStatus>A</auditStatus></auditModel><statusType>PENDING</statusType></appStatusGroupModel><appStatusGroupModel refId="5@AppStatusGroupModel"><serviceProviderCode>PORTCHESTER</serviceProviderCode><appStatusGroupCode>LIC_BUS_LICENSE</appStatusGroupCode><status>Revoked</status><appStatusGroupI18Ns/><auditModel><auditDate>2013-11-20T17:20:22-05:00</auditDate><auditID>ADMIN</auditID><auditStatus>A</auditStatus></auditModel><statusType>CLOSED</statusType></appStatusGroupModel><appStatusGroupModel refId="6@AppStatusGroupModel"><serviceProviderCode>PORTCHESTER</serviceProviderCode><appStatusGroupCode>LIC_BUS_LICENSE</appStatusGroupCode><status>Suspended</status><appStatusGroupI18Ns/><auditModel><auditDate>2013-11-20T17:19:49-05:00</auditDate><auditID>ADMIN</auditID><auditStatus>A</auditStatus></auditModel><statusType>OPEN</statusType></appStatusGroupModel><appStatusGroupModel refId="7@AppStatusGroupModel"><serviceProviderCode>PORTCHESTER</serviceProviderCode><appStatusGroupCode>LIC_BUS_LICENSE</appStatusGroupCode><status>Void</status><appStatusGroupI18Ns/><auditModel><auditDate>2013-11-20T17:20:10-05:00</auditDate><auditID>ADMIN</auditID><auditStatus>A</auditStatus></auditModel><statusType>VOID</statusType></appStatusGroupModel><appStatusGroupModel refId="8@AppStatusGroupModel"><serviceProviderCode>PORTCHESTER</serviceProviderCode><appStatusGroupCode>LIC_BUS_LICENSE</appStatusGroupCode><status>Withdrawn</status><appStatusGroupI18Ns/><auditModel><auditDate>2015-07-28T15:02:05-04:00</auditDate><auditID>ADMIN</auditID><auditStatus>A</auditStatus></auditModel><statusType>VOID</statusType></appStatusGroupModel></appStatusGroupModels></applicationStatusGroup>
<applicationStatusGroup><appStatusGroupCode>LIC_MJ_LIC</appStatusGroupCode><serviceProviderCode>PORTCHESTER</serviceProviderCode><appStatusGroupModels><appStatusGroupModel refId="1@AppStatusGroupModel"><serviceProviderCode>PORTCHESTER</serviceProviderCode><appStatusGroupCode>LIC_MJ_LIC</appStatusGroupCode><status>Active</status><appStatusGroupI18Ns/><auditModel><auditDate>2015-11-01T03:39:16-05:00</auditDate><auditID>ADMIN</auditID><auditStatus>A</auditStatus></auditModel><statusType>DENIED</statusType></appStatusGroupModel><appStatusGroupModel refId="2@AppStatusGroupModel"><serviceProviderCode>PORTCHESTER</serviceProviderCode><appStatusGroupCode>LIC_MJ_LIC</appStatusGroupCode><status>Delinquent</status><appStatusGroupI18Ns/><auditModel><auditDate>2015-11-01T03:39:29-05:00</auditDate><auditID>ADMIN</auditID><auditStatus>A</auditStatus></auditModel><statusType>OPEN</statusType></appStatusGroupModel><appStatusGroupModel refId="3@AppStatusGroupModel"><serviceProviderCode>PORTCHESTER</serviceProviderCode><appStatusGroupCode>LIC_MJ_LIC</appStatusGroupCode><status>Expired</status><appStatusGroupI18Ns/><auditModel><auditDate>2015-11-01T03:39:36-05:00</auditDate><auditID>ADMIN</auditID><auditStatus>A</auditStatus></auditModel><statusType>CLOSED</statusType></appStatusGroupModel><appStatusGroupModel refId="4@AppStatusGroupModel"><serviceProviderCode>PORTCHESTER</serviceProviderCode><appStatusGroupCode>LIC_MJ_LIC</appStatusGroupCode><status>Pending</status><appStatusGroupI18Ns/><auditModel><auditDate>2015-11-01T03:40:20-05:00</auditDate><auditID>ADMIN</auditID><auditStatus>A</auditStatus></auditModel><statusType>PENDING</statusType></appStatusGroupModel><appStatusGroupModel refId="5@AppStatusGroupModel"><serviceProviderCode>PORTCHESTER</serviceProviderCode><appStatusGroupCode>LIC_MJ_LIC</appStatusGroupCode><status>Revoked</status><appStatusGroupI18Ns/><auditModel><auditDate>2015-11-01T03:40:00-05:00</auditDate><auditID>ADMIN</auditID><auditStatus>A</auditStatus></auditModel><statusType>CLOSED</statusType></appStatusGroupModel><appStatusGroupModel refId="6@AppStatusGroupModel"><serviceProviderCode>PORTCHESTER</serviceProviderCode><appStatusGroupCode>LIC_MJ_LIC</appStatusGroupCode><status>Suspended</status><appStatusGroupI18Ns/><auditModel><auditDate>2015-11-01T03:40:26-05:00</auditDate><auditID>ADMIN</auditID><auditStatus>A</auditStatus></auditModel><statusType>OPEN</statusType></appStatusGroupModel><appStatusGroupModel refId="7@AppStatusGroupModel"><serviceProviderCode>PORTCHESTER</serviceProviderCode><appStatusGroupCode>LIC_MJ_LIC</appStatusGroupCode><status>Void</status><appStatusGroupI18Ns/><auditModel><auditDate>2015-11-01T03:40:33-05:00</auditDate><auditID>ADMIN</auditID><auditStatus>A</auditStatus></auditModel><statusType>VOID</statusType></appStatusGroupModel><appStatusGroupModel refId="8@AppStatusGroupModel"><serviceProviderCode>PORTCHESTER</serviceProviderCode><appStatusGroupCode>LIC_MJ_LIC</appStatusGroupCode><status>Withdrawn</status><appStatusGroupI18Ns/><auditModel><auditDate>2015-11-01T03:40:39-05:00</auditDate><auditID>ADMIN</auditID><auditStatus>A</auditStatus></auditModel><statusType>VOID</statusType></appStatusGroupModel></appStatusGroupModels></applicationStatusGroup>
<applicationStatusGroup><appStatusGroupCode>LIC_BUS_APPLICATION</appStatusGroupCode><serviceProviderCode>PORTCHESTER</serviceProviderCode><appStatusGroupModels><appStatusGroupModel refId="1@AppStatusGroupModel"><serviceProviderCode>PORTCHESTER</serviceProviderCode><appStatusGroupCode>LIC_BUS_APPLICATION</appStatusGroupCode><status>Approved for Issuance</status><appStatusGroupI18Ns/><auditModel><auditDate>2013-11-20T17:17:42-05:00</auditDate><auditID>ADMIN</auditID><auditStatus>A</auditStatus></auditModel><statusType>COMPLETE</statusType></appStatusGroupModel><appStatusGroupModel refId="2@AppStatusGroupModel"><serviceProviderCode>PORTCHESTER</serviceProviderCode><appStatusGroupCode>LIC_BUS_APPLICATION</appStatusGroupCode><status>Denied</status><appStatusGroupI18Ns/><auditModel><auditDate>2013-11-20T17:17:49-05:00</auditDate><auditID>ADMIN</auditID><auditStatus>A</auditStatus></auditModel><statusType>DENIED</statusType></appStatusGroupModel><appStatusGroupModel refId="3@AppStatusGroupModel"><serviceProviderCode>PORTCHESTER</serviceProviderCode><appStatusGroupCode>LIC_BUS_APPLICATION</appStatusGroupCode><status>Issued</status><appStatusGroupI18Ns/><auditModel><auditDate>2013-11-20T17:18:00-05:00</auditDate><auditID>ADMIN</auditID><auditStatus>A</auditStatus></auditModel><statusType>CLOSED</statusType></appStatusGroupModel><appStatusGroupModel refId="4@AppStatusGroupModel"><serviceProviderCode>PORTCHESTER</serviceProviderCode><appStatusGroupCode>LIC_BUS_APPLICATION</appStatusGroupCode><status>Pending</status><appStatusGroupI18Ns/><auditModel><auditDate>2013-11-20T17:17:08-05:00</auditDate><auditID>ADMIN</auditID><auditStatus>A</auditStatus></auditModel><statusType>PENDING</statusType></appStatusGroupModel><appStatusGroupModel refId="5@AppStatusGroupModel"><serviceProviderCode>PORTCHESTER</serviceProviderCode><appStatusGroupCode>LIC_BUS_APPLICATION</appStatusGroupCode><status>Void</status><appStatusGroupI18Ns/><auditModel><auditDate>2013-11-20T17:18:08-05:00</auditDate><auditID>ADMIN</auditID><auditStatus>A</auditStatus></auditModel><statusType>VOID</statusType></appStatusGroupModel><appStatusGroupModel refId="6@AppStatusGroupModel"><serviceProviderCode>PORTCHESTER</serviceProviderCode><appStatusGroupCode>LIC_BUS_APPLICATION</appStatusGroupCode><status>Withdrawn</status><appStatusGroupI18Ns/><auditModel><auditDate>2015-07-28T15:01:47-04:00</auditDate><auditID>ADMIN</auditID><auditStatus>A</auditStatus></auditModel><statusType>VOID</statusType></appStatusGroupModel></appStatusGroupModels></applicationStatusGroup>
<applicationStatusGroup><appStatusGroupCode>EH_REN</appStatusGroupCode><serviceProviderCode>PORTCHESTER</serviceProviderCode><appStatusGroupModels><appStatusGroupModel refId="1@AppStatusGroupModel"><serviceProviderCode>PORTCHESTER</serviceProviderCode><appStatusGroupCode>EH_REN</appStatusGroupCode><status>Delinquent</status><appStatusGroupI18Ns/><auditModel><auditDate>2016-11-04T10:47:33-04:00</auditDate><auditID>ADMIN</auditID><auditStatus>A</auditStatus></auditModel><statusType>OPEN</statusType></appStatusGroupModel><appStatusGroupModel refId="2@AppStatusGroupModel"><serviceProviderCode>PORTCHESTER</serviceProviderCode><appStatusGroupCode>EH_REN</appStatusGroupCode><status>Expired</status><appStatusGroupI18Ns/><auditModel><auditDate>2016-11-04T10:47:57-04:00</auditDate><auditID>ADMIN</auditID><auditStatus>A</auditStatus></auditModel><statusType>CLOSED</statusType></appStatusGroupModel><appStatusGroupModel refId="3@AppStatusGroupModel"><serviceProviderCode>PORTCHESTER</serviceProviderCode><appStatusGroupCode>EH_REN</appStatusGroupCode><status>Fees Paid</status><appStatusGroupI18Ns/><auditModel><auditDate>2016-11-04T10:48:24-04:00</auditDate><auditID>ADMIN</auditID><auditStatus>A</auditStatus></auditModel><statusType>OPEN</statusType></appStatusGroupModel><appStatusGroupModel refId="4@AppStatusGroupModel"><serviceProviderCode>PORTCHESTER</serviceProviderCode><appStatusGroupCode>EH_REN</appStatusGroupCode><status>Pending</status><appStatusGroupI18Ns/><auditModel><auditDate>2016-11-04T10:50:29-04:00</auditDate><auditID>ADMIN</auditID><auditStatus>A</auditStatus></auditModel><statusType>OPEN</statusType></appStatusGroupModel><appStatusGroupModel refId="5@AppStatusGroupModel"><serviceProviderCode>PORTCHESTER</serviceProviderCode><appStatusGroupCode>EH_REN</appStatusGroupCode><status>Renewed</status><appStatusGroupI18Ns/><auditModel><auditDate>2016-11-04T10:49:16-04:00</auditDate><auditID>ADMIN</auditID><auditStatus>A</auditStatus></auditModel><statusType>COMPLETE</statusType></appStatusGroupModel><appStatusGroupModel refId="6@AppStatusGroupModel"><serviceProviderCode>PORTCHESTER</serviceProviderCode><appStatusGroupCode>EH_REN</appStatusGroupCode><status>Revoked</status><appStatusGroupI18Ns/><auditModel><auditDate>2016-11-04T10:49:47-04:00</auditDate><auditID>ADMIN</auditID><auditStatus>A</auditStatus></auditModel><statusType>CLOSED</statusType></appStatusGroupModel><appStatusGroupModel refId="7@AppStatusGroupModel"><serviceProviderCode>PORTCHESTER</serviceProviderCode><appStatusGroupCode>EH_REN</appStatusGroupCode><status>Void</status><appStatusGroupI18Ns/><auditModel><auditDate>2016-11-04T10:50:08-04:00</auditDate><auditID>ADMIN</auditID><auditStatus>A</auditStatus></auditModel><statusType>VOID</statusType></appStatusGroupModel><appStatusGroupModel refId="8@AppStatusGroupModel"><serviceProviderCode>PORTCHESTER</serviceProviderCode><appStatusGroupCode>EH_REN</appStatusGroupCode><status>Withdrawn</status><appStatusGroupI18Ns/><auditModel><auditDate>2016-11-04T10:48:49-04:00</auditDate><auditID>ADMIN</auditID><auditStatus>A</auditStatus></auditModel><statusType>VOID</statusType></appStatusGroupModel></appStatusGroupModels></applicationStatusGroup>
<applicationStatusGroup><appStatusGroupCode>LIC_BUS_RENEW</appStatusGroupCode><serviceProviderCode>PORTCHESTER</serviceProviderCode><appStatusGroupModels><appStatusGroupModel refId="1@AppStatusGroupModel"><serviceProviderCode>PORTCHESTER</serviceProviderCode><appStatusGroupCode>LIC_BUS_RENEW</appStatusGroupCode><status>Delinquent</status><appStatusGroupI18Ns/><auditModel><auditDate>2013-11-22T10:50:25-05:00</auditDate><auditID>ADMIN</auditID><auditStatus>A</auditStatus></auditModel><statusType>OPEN</statusType></appStatusGroupModel><appStatusGroupModel refId="2@AppStatusGroupModel"><serviceProviderCode>PORTCHESTER</serviceProviderCode><appStatusGroupCode>LIC_BUS_RENEW</appStatusGroupCode><status>Expired</status><appStatusGroupI18Ns/><auditModel><auditDate>2014-07-02T16:11:48-04:00</auditDate><auditID>ADMIN</auditID><auditStatus>D</auditStatus></auditModel><statusType>CLOSED</statusType></appStatusGroupModel><appStatusGroupModel refId="3@AppStatusGroupModel"><serviceProviderCode>PORTCHESTER</serviceProviderCode><appStatusGroupCode>LIC_BUS_RENEW</appStatusGroupCode><status>Fees Paid</status><appStatusGroupI18Ns/><auditModel><auditDate>2014-07-17T10:55:19-04:00</auditDate><auditID>ADMIN</auditID><auditStatus>A</auditStatus></auditModel><statusType>OPEN</statusType></appStatusGroupModel><appStatusGroupModel refId="4@AppStatusGroupModel"><serviceProviderCode>PORTCHESTER</serviceProviderCode><appStatusGroupCode>LIC_BUS_RENEW</appStatusGroupCode><status>Pending</status><appStatusGroupI18Ns/><auditModel><auditDate>2013-11-20T17:21:12-05:00</auditDate><auditID>ADMIN</auditID><auditStatus>A</auditStatus></auditModel><statusType>OPEN</statusType></appStatusGroupModel><appStatusGroupModel refId="5@AppStatusGroupModel"><serviceProviderCode>PORTCHESTER</serviceProviderCode><appStatusGroupCode>LIC_BUS_RENEW</appStatusGroupCode><status>Renewed</status><appStatusGroupI18Ns/><auditModel><auditDate>2013-11-20T17:21:48-05:00</auditDate><auditID>ADMIN</auditID><auditStatus>A</auditStatus></auditModel><statusType>COMPLETE</statusType></appStatusGroupModel><appStatusGroupModel refId="6@AppStatusGroupModel"><serviceProviderCode>PORTCHESTER</serviceProviderCode><appStatusGroupCode>LIC_BUS_RENEW</appStatusGroupCode><status>Revoked</status><appStatusGroupI18Ns/><auditModel><auditDate>2013-11-20T17:21:24-05:00</auditDate><auditID>ADMIN</auditID><auditStatus>A</auditStatus></auditModel><statusType>CLOSED</statusType></appStatusGroupModel><appStatusGroupModel refId="7@AppStatusGroupModel"><serviceProviderCode>PORTCHESTER</serviceProviderCode><appStatusGroupCode>LIC_BUS_RENEW</appStatusGroupCode><status>Void</status><appStatusGroupI18Ns/><auditModel><auditDate>2013-11-20T17:22:02-05:00</auditDate><auditID>ADMIN</auditID><auditStatus>A</auditStatus></auditModel><statusType>VOID</statusType></appStatusGroupModel><appStatusGroupModel refId="8@AppStatusGroupModel"><serviceProviderCode>PORTCHESTER</serviceProviderCode><appStatusGroupCode>LIC_BUS_RENEW</appStatusGroupCode><status>Withdrawn</status><appStatusGroupI18Ns/><auditModel><auditDate>2015-07-28T15:02:28-04:00</auditDate><auditID>ADMIN</auditID><auditStatus>A</auditStatus></auditModel><statusType>VOID</statusType></appStatusGroupModel></appStatusGroupModels></applicationStatusGroup>
<applicationStatusGroup><appStatusGroupCode>LIC_MJ_REN</appStatusGroupCode><serviceProviderCode>PORTCHESTER</serviceProviderCode><appStatusGroupModels><appStatusGroupModel refId="1@AppStatusGroupModel"><serviceProviderCode>PORTCHESTER</serviceProviderCode><appStatusGroupCode>LIC_MJ_REN</appStatusGroupCode><status>Delinquent</status><appStatusGroupI18Ns/><auditModel><auditDate>2015-11-02T08:02:40-05:00</auditDate><auditID>ADMIN</auditID><auditStatus>A</auditStatus></auditModel><statusType>OPEN</statusType></appStatusGroupModel><appStatusGroupModel refId="2@AppStatusGroupModel"><serviceProviderCode>PORTCHESTER</serviceProviderCode><appStatusGroupCode>LIC_MJ_REN</appStatusGroupCode><status>Expired</status><appStatusGroupI18Ns/><auditModel><auditDate>2015-11-02T08:02:47-05:00</auditDate><auditID>ADMIN</auditID><auditStatus>A</auditStatus></auditModel><statusType>CLOSED</statusType></appStatusGroupModel><appStatusGroupModel refId="3@AppStatusGroupModel"><serviceProviderCode>PORTCHESTER</serviceProviderCode><appStatusGroupCode>LIC_MJ_REN</appStatusGroupCode><status>Pending</status><appStatusGroupI18Ns/><auditModel><auditDate>2015-11-02T08:02:54-05:00</auditDate><auditID>ADMIN</auditID><auditStatus>A</auditStatus></auditModel><statusType>PENDING</statusType></appStatusGroupModel><appStatusGroupModel refId="4@AppStatusGroupModel"><serviceProviderCode>PORTCHESTER</serviceProviderCode><appStatusGroupCode>LIC_MJ_REN</appStatusGroupCode><status>Renewed</status><appStatusGroupI18Ns/><auditModel><auditDate>2015-11-02T08:02:33-05:00</auditDate><auditID>ADMIN</auditID><auditStatus>A</auditStatus></auditModel><statusType>COMPLETE</statusType></appStatusGroupModel><appStatusGroupModel refId="5@AppStatusGroupModel"><serviceProviderCode>PORTCHESTER</serviceProviderCode><appStatusGroupCode>LIC_MJ_REN</appStatusGroupCode><status>Revoked</status><appStatusGroupI18Ns/><auditModel><auditDate>2015-11-02T08:03:00-05:00</auditDate><auditID>ADMIN</auditID><auditStatus>A</auditStatus></auditModel><statusType>CLOSED</statusType></appStatusGroupModel><appStatusGroupModel refId="6@AppStatusGroupModel"><serviceProviderCode>PORTCHESTER</serviceProviderCode><appStatusGroupCode>LIC_MJ_REN</appStatusGroupCode><status>Suspended</status><appStatusGroupI18Ns/><auditModel><auditDate>2015-11-02T08:03:06-05:00</auditDate><auditID>ADMIN</auditID><auditStatus>A</auditStatus></auditModel><statusType>OPEN</statusType></appStatusGroupModel><appStatusGroupModel refId="7@AppStatusGroupModel"><serviceProviderCode>PORTCHESTER</serviceProviderCode><appStatusGroupCode>LIC_MJ_REN</appStatusGroupCode><status>Void</status><appStatusGroupI18Ns/><auditModel><auditDate>2015-11-02T08:03:12-05:00</auditDate><auditID>ADMIN</auditID><auditStatus>A</auditStatus></auditModel><statusType>VOID</statusType></appStatusGroupModel><appStatusGroupModel refId="8@AppStatusGroupModel"><serviceProviderCode>PORTCHESTER</serviceProviderCode><appStatusGroupCode>LIC_MJ_REN</appStatusGroupCode><status>Withdrawn</status><appStatusGroupI18Ns/><auditModel><auditDate>2015-11-02T08:03:18-05:00</auditDate><auditID>ADMIN</auditID><auditStatus>A</auditStatus></auditModel><statusType>VOID</statusType></appStatusGroupModel></appStatusGroupModels></applicationStatusGroup>
</list>