<?xml version="1.0" encoding="UTF-8" standalone="yes"?>
<list  version="9.0.0" minorVersion="26" exportUser="ADMIN" exportDateTime="08/16/2019 11:56 AM" description="null"><checklistGroup><guideGroup>EH Food Pre-Operational</guideGroup><serviceProviderCode>PORTCHESTER</serviceProviderCode><guideSheetGroupModels><guideSheetGroupModel><serviceProviderCode>PORTCHESTER</serviceProviderCode><guideGroup>EH Food Pre-Operational</guideGroup><guideType>EH Food Pre-Operational</guideType><auditModel><auditDate>2016-04-14T03:22:37-04:00</auditDate><auditID>ADMIN</auditID><auditStatus>A</auditStatus></auditModel><guideAutoCreate>Y</guideAutoCreate><guideItemDisplayOrder>1</guideItemDisplayOrder><guideSheetGroupI18ns/></guideSheetGroupModel></guideSheetGroupModels></checklistGroup>
<checklistGroup><guideGroup>EH Food Routine</guideGroup><serviceProviderCode>PORTCHESTER</serviceProviderCode><guideSheetGroupModels><guideSheetGroupModel><serviceProviderCode>PORTCHESTER</serviceProviderCode><guideGroup>EH Food Routine</guideGroup><guideType>EH Food Routine</guideType><auditModel><auditDate>2016-04-14T03:22:54-04:00</auditDate><auditID>ADMIN</auditID><auditStatus>A</auditStatus></auditModel><guideAutoCreate>Y</guideAutoCreate><guideItemDisplayOrder>1</guideItemDisplayOrder><guideSheetGroupI18ns/></guideSheetGroupModel></guideSheetGroupModels></checklistGroup>
</list>