<?xml version="1.0" encoding="UTF-8" standalone="yes"?>
<list  version="9.0.0" minorVersion="26" exportUser="ADMIN" exportDateTime="08/16/2019 11:56 AM" description="null"><snoteContents><contentsCode>BLD_READY</contentsCode><serviceProviderCode>PORTCHESTER</serviceProviderCode><contentsBody>Your permit application $PERMITID$ has been approved and is ready to be issued.  You can view the status of your application and find out if any additional fees are due online. &#xD;
&#xD;
Comment:  $TASKCOMMENTS$&#xD;
Address:  $PERMITADDR$&#xD;
Description:  $PERMITWRKDESC$&#xD;
&#xD;
</contentsBody><contentsSubject>Your permit application $PERMITID$ has been approved</contentsSubject><contentsType>PMT_READY</contentsType><recDate>2013-04-18T13:57:57-04:00</recDate><recFulNam>ADMIN</recFulNam><recStatus>A</recStatus><refEmailMessageI18NModels/></snoteContents>
<snoteContents><contentsCode>BLD_ACCEPTED</contentsCode><serviceProviderCode>PORTCHESTER</serviceProviderCode><contentsBody>Your application $PERMITID$ has been received and accepted for review.  You can track the progress of your application online. &#xD;
&#xD;
Comment:  $TASKCOMMENTS$&#xD;
Address:  $PERMITADDR$&#xD;
Description:  $PERMITWRKDESC$&#xD;
&#xD;
</contentsBody><contentsSubject>Application $PERMITID$ accepted for review</contentsSubject><contentsType>PMT_ACCEPTED</contentsType><recDate>2013-04-18T13:48:58-04:00</recDate><recFulNam>ADMIN</recFulNam><recStatus>A</recStatus><refEmailMessageI18NModels/></snoteContents>
<snoteContents><contentsCode>BLD_ISSUED</contentsCode><serviceProviderCode>PORTCHESTER</serviceProviderCode><contentsBody>Your permit application $PERMITID$ has been issued.  You can view the details and schedule inspections online. &#xD;
&#xD;
Comment:  $TASKCOMMENTS$&#xD;
Address:  $PERMITADDR$&#xD;
Description:  $PERMITWRKDESC$&#xD;
</contentsBody><contentsSubject>Your permit $PERMITID$ has been issued</contentsSubject><contentsType>PMT_ISSUED</contentsType><recDate>2014-05-19T12:16:58-04:00</recDate><recFulNam>ADMIN</recFulNam><recStatus>A</recStatus><refEmailMessageI18NModels/></snoteContents>
<snoteContents><contentsCode>BLD_REVISIONS</contentsCode><serviceProviderCode>PORTCHESTER</serviceProviderCode><contentsBody>Your plans related to permit application $PERMITID$ have been returned for revisions.  You can review comments online.&#xD;
&#xD;
Comment:  $TASKCOMMENTS$&#xD;
Address:  $PERMITADDR$&#xD;
Description:  $PERMITWRKDESC$&#xD;
&#xD;
</contentsBody><contentsSubject>Permit Application $PERMITID$ - Revisions required</contentsSubject><contentsType>PMT_REVISIONS</contentsType><recDate>2014-05-19T12:17:13-04:00</recDate><recFulNam>ADMIN</recFulNam><recStatus>A</recStatus><refEmailMessageI18NModels/></snoteContents>
<snoteContents><contentsCode>BLD_FINALED</contentsCode><serviceProviderCode>PORTCHESTER</serviceProviderCode><contentsBody>The final inspection on your permit $PERMITID$ has been Approved.  You can view the details online. &#xD;
&#xD;
Comment:  $TASKCOMMENTS$&#xD;
Address:  $PERMITADDR$&#xD;
Description:  $PERMITWRKDESC$&#xD;
</contentsBody><contentsSubject>Your permit $PERMITID$ has been finaled</contentsSubject><contentsType>PMT_FINALED</contentsType><recDate>2014-05-27T15:34:12-04:00</recDate><recFulNam>ADMIN</recFulNam><recStatus>A</recStatus><refEmailMessageI18NModels/></snoteContents>
<snoteContents><contentsCode>BLD_EXPIRED</contentsCode><serviceProviderCode>PORTCHESTER</serviceProviderCode><contentsBody>Your permit $PERMITID$ has Expired.  Please contact us for information on how to proceed. &#xD;
&#xD;
Comment:  $TASKCOMMENTS$&#xD;
Address:  $PERMITADDR$&#xD;
Description:  $PERMITWRKDESC$&#xD;
</contentsBody><contentsSubject>Your permit $PERMITID$ has expired</contentsSubject><contentsType>PMT_EXPIRED</contentsType><recDate>2014-05-27T15:35:38-04:00</recDate><recFulNam>ADMIN</recFulNam><recStatus>A</recStatus><refEmailMessageI18NModels/></snoteContents>
<snoteContents><contentsCode>BLD_TCO</contentsCode><serviceProviderCode>PORTCHESTER</serviceProviderCode><contentsBody>Your Temp Certificate of Occupancy has been issued for permit $PERMITID$.  You can view the details online. &#xD;
&#xD;
Comment:  $TASKCOMMENTS$&#xD;
Address:  $PERMITADDR$&#xD;
Description:  $PERMITWRKDESC$&#xD;
</contentsBody><contentsSubject>Your Temp Certificate of Occupancy has been issued</contentsSubject><contentsType>PMT_TCO</contentsType><recDate>2014-05-27T16:27:22-04:00</recDate><recFulNam>ADMIN</recFulNam><recStatus>A</recStatus><refEmailMessageI18NModels/></snoteContents>
<snoteContents><contentsCode>BLD_CO</contentsCode><serviceProviderCode>PORTCHESTER</serviceProviderCode><contentsBody>Your Certificate of Occupancy has been issued for permit $PERMITID$.  You can view the details online. &#xD;
&#xD;
Comment:  $TASKCOMMENTS$&#xD;
Address:  $PERMITADDR$&#xD;
Description:  $PERMITWRKDESC$&#xD;
</contentsBody><contentsSubject>Your Certificate of Occupancy has been issued</contentsSubject><contentsType>PMT_CO</contentsType><recDate>2014-05-27T16:29:06-04:00</recDate><recFulNam>ADMIN</recFulNam><recStatus>A</recStatus><refEmailMessageI18NModels/></snoteContents>
<snoteContents><contentsCode>LIC_ISSUED</contentsCode><serviceProviderCode>PORTCHESTER</serviceProviderCode><contentsBody>This is to notify you that your license application has been approved for issuance.  </contentsBody><contentsSubject>Your application $PERMITID$ has been approved</contentsSubject><contentsType>LIC_ISSUED</contentsType><recDate>2014-03-11T11:36:28-04:00</recDate><recFulNam>ADMIN</recFulNam><recStatus>A</recStatus><refEmailMessageI18NModels/></snoteContents>
<snoteContents><contentsCode>LIC_ACCEPTED</contentsCode><serviceProviderCode>PORTCHESTER</serviceProviderCode><contentsBody>Your license application $PERMITID$ has been received and accepted for review.  You can track the progress of your license application online. &#xD;
&#xD;
Comment:  $TASKCOMMENTS$&#xD;
Address:  $PERMITADDR$&#xD;
</contentsBody><contentsSubject>License Application $PERMITID$ accepted for review</contentsSubject><contentsType>LIC_ACCEPTED</contentsType><recDate>2014-05-20T10:15:51-04:00</recDate><recFulNam>ADMIN</recFulNam><recStatus>A</recStatus><refEmailMessageI18NModels/></snoteContents>
<snoteContents><contentsCode>LIC_DENIED</contentsCode><serviceProviderCode>PORTCHESTER</serviceProviderCode><contentsBody>Your license application $PERMITID$ has been received and has been denied.  Please contact our office if you would like to discuss further.&#xD;
&#xD;
  </contentsBody><contentsSubject>License Application $PERMITID$ has been denied</contentsSubject><contentsType>LIC_DENIED</contentsType><recDate>2014-05-09T15:18:35-04:00</recDate><recFulNam>ADMIN</recFulNam><recStatus>A</recStatus><refEmailMessageI18NModels/></snoteContents>
<snoteContents><contentsCode>LIC_ADDL_INFO_REQ</contentsCode><serviceProviderCode>PORTCHESTER</serviceProviderCode><contentsBody>Your license application $PERMITID$ has been received and determined to require additional information. You can track the progress of your license application online.&#xD;
&#xD;
</contentsBody><contentsSubject>License Application $PERMITID$ - Additional Information Required</contentsSubject><contentsType>LIC_ADDL_INFO_REQ</contentsType><recDate>2014-05-20T10:15:02-04:00</recDate><recFulNam>ADMIN</recFulNam><recStatus>A</recStatus><refEmailMessageI18NModels/></snoteContents>
</list>