<?xml version="1.0" encoding="UTF-8" standalone="yes"?>
<list  version="9.0.0" minorVersion="26" exportUser="ADMIN" exportDateTime="08/16/2019 11:56 AM" description="null"><guideSheet refId="1@GuideSheetModel"><serviceProviderCode>PORTCHESTER</serviceProviderCode><guideType>EH Food Pre-Operational</guideType><auditModel><auditDate>2016-03-21T20:18:45-04:00</auditDate><auditID>ADMIN</auditID><auditStatus>A</auditStatus></auditModel><guideSheetI18Ns/><GuideSheetItems><GuideSheetItem refId="2@GuideSheetItemModel"><serviceProviderCode>PORTCHESTER</serviceProviderCode><guideItemSeqNbr>50911</guideItemSeqNbr><asiGroupName>EH_BAF_APP</asiGroupName><auditModel><auditDate>2019-08-16T11:50:40-04:00</auditDate><auditID>ADMIN</auditID><auditStatus>A</auditStatus></auditModel><guideItemAsiVisible>Y</guideItemAsiVisible><guideItemCommentVisible>Y</guideItemCommentVisible><guideItemDisplay_order>1</guideItemDisplay_order><guideItemStatus>In</guideItemStatus><statusGroupModels><statusGroup refId="3@GuideSheetItemStatusGroupModel"><serviceProviderCode>PORTCHESTER</serviceProviderCode><statusGroup>EH_FOOD_IN_OUT</statusGroup><ststus>&lt;Select&gt;</ststus><auditModel><auditDate>2016-03-22T11:21:59-04:00</auditDate><auditID>ADMIN</auditID><auditStatus>A</auditStatus></auditModel><guideItemStatusDispOrder>10</guideItemStatusDispOrder><guideItemStatusResultType>INFORMATIONAL</guideItemStatusResultType><guideSheetItemStatusGroupI18NModels/><majorViolation>N</majorViolation></statusGroup><statusGroup refId="4@GuideSheetItemStatusGroupModel"><serviceProviderCode>PORTCHESTER</serviceProviderCode><statusGroup>EH_FOOD_IN_OUT</statusGroup><ststus>In</ststus><auditModel><auditDate>2016-03-22T11:21:59-04:00</auditDate><auditID>ADMIN</auditID><auditStatus>A</auditStatus></auditModel><guideItemStatusDispOrder>20</guideItemStatusDispOrder><guideItemStatusResultType>APPROVED</guideItemStatusResultType><guideSheetItemStatusGroupI18NModels/><majorViolation>N</majorViolation></statusGroup><statusGroup refId="5@GuideSheetItemStatusGroupModel"><serviceProviderCode>PORTCHESTER</serviceProviderCode><statusGroup>EH_FOOD_IN_OUT</statusGroup><ststus>Out</ststus><auditModel><auditDate>2016-03-22T11:21:59-04:00</auditDate><auditID>ADMIN</auditID><auditStatus>A</auditStatus></auditModel><guideItemStatusDispOrder>30</guideItemStatusDispOrder><guideItemStatusResultType>DENIED</guideItemStatusResultType><guideSheetItemStatusGroupI18NModels/><majorViolation>N</majorViolation></statusGroup></statusGroupModels><guideItemStatusGroupName>EH_FOOD_IN_OUT</guideItemStatusGroupName><guideItemStatusVisible>Y</guideItemStatusVisible><guideItemText>No food or food storage, food preparation, or food service on premise.</guideItemText><guideItemTextVisible>Y</guideItemTextVisible><guideSheetItemI18N/><guideType>EH Food Pre-Operational</guideType><isCritical>N</isCritical><isRequired>Y</isRequired></GuideSheetItem><GuideSheetItem refId="6@GuideSheetItemModel"><serviceProviderCode>PORTCHESTER</serviceProviderCode><guideItemSeqNbr>50912</guideItemSeqNbr><auditModel><auditDate>2019-08-16T11:50:40-04:00</auditDate><auditID>ADMIN</auditID><auditStatus>A</auditStatus></auditModel><guideItemAsiVisible>Y</guideItemAsiVisible><guideItemCommentVisible>Y</guideItemCommentVisible><guideItemDisplay_order>4</guideItemDisplay_order><guideItemStatus>In</guideItemStatus><statusGroupModels><statusGroup refFlag="Y" refId="3@GuideSheetItemStatusGroupModel"/><statusGroup refFlag="Y" refId="4@GuideSheetItemStatusGroupModel"/><statusGroup refFlag="Y" refId="5@GuideSheetItemStatusGroupModel"/></statusGroupModels><guideItemStatusGroupName>EH_FOOD_IN_OUT</guideItemStatusGroupName><guideItemStatusVisible>Y</guideItemStatusVisible><guideItemText>Metal stem thermometer or thermocouple available (range 0-220 Fahrenheit).</guideItemText><guideItemTextVisible>Y</guideItemTextVisible><guideSheetItemI18N/><guideType>EH Food Pre-Operational</guideType><isCritical>N</isCritical><isRequired>Y</isRequired></GuideSheetItem><GuideSheetItem refId="7@GuideSheetItemModel"><serviceProviderCode>PORTCHESTER</serviceProviderCode><guideItemSeqNbr>50913</guideItemSeqNbr><asiGroupName>EH_FOOD_CK28</asiGroupName><auditModel><auditDate>2019-08-16T11:50:40-04:00</auditDate><auditID>ADMIN</auditID><auditStatus>A</auditStatus></auditModel><guideItemAsiVisible>Y</guideItemAsiVisible><guideItemCommentVisible>Y</guideItemCommentVisible><guideItemDisplay_order>2</guideItemDisplay_order><guideItemStatus>In</guideItemStatus><statusGroupModels><statusGroup refFlag="Y" refId="3@GuideSheetItemStatusGroupModel"/><statusGroup refFlag="Y" refId="4@GuideSheetItemStatusGroupModel"/><statusGroup refFlag="Y" refId="5@GuideSheetItemStatusGroupModel"/></statusGroupModels><guideItemStatusGroupName>EH_FOOD_IN_OUT</guideItemStatusGroupName><guideItemStatusVisible>Y</guideItemStatusVisible><guideItemText>All kitchen equipment must be fully operational, including rangehood.</guideItemText><guideItemTextVisible>Y</guideItemTextVisible><guideSheetItemI18N/><guideType>EH Food Pre-Operational</guideType><isCritical>N</isCritical><isRequired>Y</isRequired></GuideSheetItem><GuideSheetItem refId="8@GuideSheetItemModel"><serviceProviderCode>PORTCHESTER</serviceProviderCode><guideItemSeqNbr>50914</guideItemSeqNbr><asiGroupName>EH_FOOD_CK5</asiGroupName><auditModel><auditDate>2019-08-16T11:50:40-04:00</auditDate><auditID>ADMIN</auditID><auditStatus>A</auditStatus></auditModel><guideItemAsiVisible>Y</guideItemAsiVisible><guideItemCommentVisible>Y</guideItemCommentVisible><guideItemDisplay_order>3</guideItemDisplay_order><guideItemStatus>In</guideItemStatus><statusGroupModels><statusGroup refFlag="Y" refId="3@GuideSheetItemStatusGroupModel"/><statusGroup refFlag="Y" refId="4@GuideSheetItemStatusGroupModel"/><statusGroup refFlag="Y" refId="5@GuideSheetItemStatusGroupModel"/></statusGroupModels><guideItemStatusGroupName>EH_FOOD_IN_OUT</guideItemStatusGroupName><guideItemStatusVisible>Y</guideItemStatusVisible><guideItemText>All sinks must have fully functioning and running hot and cold water.</guideItemText><guideItemTextVisible>Y</guideItemTextVisible><guideSheetItemI18N/><guideType>EH Food Pre-Operational</guideType><isCritical>N</isCritical><isRequired>Y</isRequired></GuideSheetItem><GuideSheetItem refId="9@GuideSheetItemModel"><serviceProviderCode>PORTCHESTER</serviceProviderCode><guideItemSeqNbr>50915</guideItemSeqNbr><auditModel><auditDate>2019-08-16T11:50:40-04:00</auditDate><auditID>ADMIN</auditID><auditStatus>A</auditStatus></auditModel><guideItemAsiVisible>Y</guideItemAsiVisible><guideItemCommentVisible>Y</guideItemCommentVisible><guideItemDisplay_order>5</guideItemDisplay_order><guideItemStatus>In</guideItemStatus><statusGroupModels><statusGroup refFlag="Y" refId="3@GuideSheetItemStatusGroupModel"/><statusGroup refFlag="Y" refId="4@GuideSheetItemStatusGroupModel"/><statusGroup refFlag="Y" refId="5@GuideSheetItemStatusGroupModel"/></statusGroupModels><guideItemStatusGroupName>EH_FOOD_IN_OUT</guideItemStatusGroupName><guideItemStatusVisible>Y</guideItemStatusVisible><guideItemText>Accurate thermometers placed inside refrigerators and hot holding units.</guideItemText><guideItemTextVisible>Y</guideItemTextVisible><guideSheetItemI18N/><guideType>EH Food Pre-Operational</guideType><isCritical>N</isCritical><isRequired>Y</isRequired></GuideSheetItem><GuideSheetItem refId="10@GuideSheetItemModel"><serviceProviderCode>PORTCHESTER</serviceProviderCode><guideItemSeqNbr>50916</guideItemSeqNbr><auditModel><auditDate>2019-08-16T11:50:40-04:00</auditDate><auditID>ADMIN</auditID><auditStatus>A</auditStatus></auditModel><guideItemAsiVisible>Y</guideItemAsiVisible><guideItemCommentVisible>Y</guideItemCommentVisible><guideItemDisplay_order>6</guideItemDisplay_order><guideItemStatus>In</guideItemStatus><statusGroupModels><statusGroup refFlag="Y" refId="3@GuideSheetItemStatusGroupModel"/><statusGroup refFlag="Y" refId="4@GuideSheetItemStatusGroupModel"/><statusGroup refFlag="Y" refId="5@GuideSheetItemStatusGroupModel"/></statusGroupModels><guideItemStatusGroupName>EH_FOOD_IN_OUT</guideItemStatusGroupName><guideItemStatusVisible>Y</guideItemStatusVisible><guideItemText>Required signs on display (e.g. smoking prohibited, choking posters, food allergy posters and, if alcohol is served, then signs warning about the dangers of alcoholic beverages consumed during pregnancy).</guideItemText><guideItemTextVisible>Y</guideItemTextVisible><guideSheetItemI18N/><guideType>EH Food Pre-Operational</guideType><isCritical>N</isCritical><isRequired>Y</isRequired></GuideSheetItem><GuideSheetItem refId="11@GuideSheetItemModel"><serviceProviderCode>PORTCHESTER</serviceProviderCode><guideItemSeqNbr>50917</guideItemSeqNbr><auditModel><auditDate>2019-08-16T11:50:40-04:00</auditDate><auditID>ADMIN</auditID><auditStatus>A</auditStatus></auditModel><guideItemAsiVisible>Y</guideItemAsiVisible><guideItemCommentVisible>Y</guideItemCommentVisible><guideItemDisplay_order>7</guideItemDisplay_order><guideItemStatus>In</guideItemStatus><statusGroupModels><statusGroup refFlag="Y" refId="3@GuideSheetItemStatusGroupModel"/><statusGroup refFlag="Y" refId="4@GuideSheetItemStatusGroupModel"/><statusGroup refFlag="Y" refId="5@GuideSheetItemStatusGroupModel"/></statusGroupModels><guideItemStatusGroupName>EH_FOOD_IN_OUT</guideItemStatusGroupName><guideItemStatusVisible>Y</guideItemStatusVisible><guideItemText>Construction must be complete.</guideItemText><guideItemTextVisible>Y</guideItemTextVisible><guideSheetItemI18N/><guideType>EH Food Pre-Operational</guideType><isCritical>N</isCritical><isRequired>Y</isRequired></GuideSheetItem></GuideSheetItems></guideSheet>
<guideSheet refId="1@GuideSheetModel"><serviceProviderCode>PORTCHESTER</serviceProviderCode><guideType>EH Food Routine</guideType><auditModel><auditDate>2016-03-22T20:44:22-04:00</auditDate><auditID>ADMIN</auditID><auditStatus>A</auditStatus></auditModel><guideSheetI18Ns/><GuideSheetItems><GuideSheetItem refId="2@GuideSheetItemModel"><serviceProviderCode>PORTCHESTER</serviceProviderCode><guideItemSeqNbr>50971</guideItemSeqNbr><asiGroupName>EH_FOOD_CK54</asiGroupName><auditModel><auditDate>2016-10-20T21:44:19-04:00</auditDate><auditID>ADMIN</auditID><auditStatus>A</auditStatus></auditModel><guideItemAsiVisible>Y</guideItemAsiVisible><guideItemCommentVisible>Y</guideItemCommentVisible><guideItemDisplay_order>54</guideItemDisplay_order><guideItemStatus>&lt;Select&gt;</guideItemStatus><statusGroupModels><statusGroup refId="3@GuideSheetItemStatusGroupModel"><serviceProviderCode>PORTCHESTER</serviceProviderCode><statusGroup>EH_FOOD_OUT</statusGroup><ststus>&lt;Select&gt;</ststus><auditModel><auditDate>2016-03-23T11:51:47-04:00</auditDate><auditID>ADMIN</auditID><auditStatus>A</auditStatus></auditModel><guideItemStatusDispOrder>10</guideItemStatusDispOrder><guideItemStatusResultType>INFORMATIONAL</guideItemStatusResultType><guideSheetItemStatusGroupI18NModels/><majorViolation>N</majorViolation></statusGroup><statusGroup refId="4@GuideSheetItemStatusGroupModel"><serviceProviderCode>PORTCHESTER</serviceProviderCode><statusGroup>EH_FOOD_OUT</statusGroup><ststus>Out</ststus><auditModel><auditDate>2016-03-23T11:51:47-04:00</auditDate><auditID>ADMIN</auditID><auditStatus>A</auditStatus></auditModel><guideItemStatusDispOrder>20</guideItemStatusDispOrder><guideItemStatusResultType>DENIED</guideItemStatusResultType><guideSheetItemStatusGroupI18NModels/><majorViolation>N</majorViolation></statusGroup></statusGroupModels><guideItemStatusGroupName>EH_FOOD_OUT</guideItemStatusGroupName><guideItemStatusVisible>Y</guideItemStatusVisible><guideItemText>Adequate ventilation and lighting; designated areas use</guideItemText><guideItemTextVisible>Y</guideItemTextVisible><guideSheetItemI18N/><guideType>EH Food Routine</guideType><isCritical>N</isCritical><isRequired>N</isRequired></GuideSheetItem><GuideSheetItem refId="5@GuideSheetItemModel"><serviceProviderCode>PORTCHESTER</serviceProviderCode><guideItemSeqNbr>50918</guideItemSeqNbr><asiGroupName>EH_FOOD_CK2</asiGroupName><auditModel><auditDate>2016-10-20T21:44:19-04:00</auditDate><auditID>ADMIN</auditID><auditStatus>A</auditStatus></auditModel><guideItemAsiVisible>Y</guideItemAsiVisible><guideItemCommentVisible>Y</guideItemCommentVisible><guideItemDisplay_order>2</guideItemDisplay_order><guideItemStatus>In</guideItemStatus><statusGroupModels><statusGroup refId="6@GuideSheetItemStatusGroupModel"><serviceProviderCode>PORTCHESTER</serviceProviderCode><statusGroup>EH_FOOD_IN_OUT</statusGroup><ststus>&lt;Select&gt;</ststus><auditModel><auditDate>2016-03-22T11:21:59-04:00</auditDate><auditID>ADMIN</auditID><auditStatus>A</auditStatus></auditModel><guideItemStatusDispOrder>10</guideItemStatusDispOrder><guideItemStatusResultType>INFORMATIONAL</guideItemStatusResultType><guideSheetItemStatusGroupI18NModels/><majorViolation>N</majorViolation></statusGroup><statusGroup refId="7@GuideSheetItemStatusGroupModel"><serviceProviderCode>PORTCHESTER</serviceProviderCode><statusGroup>EH_FOOD_IN_OUT</statusGroup><ststus>In</ststus><auditModel><auditDate>2016-03-22T11:21:59-04:00</auditDate><auditID>ADMIN</auditID><auditStatus>A</auditStatus></auditModel><guideItemStatusDispOrder>20</guideItemStatusDispOrder><guideItemStatusResultType>APPROVED</guideItemStatusResultType><guideSheetItemStatusGroupI18NModels/><majorViolation>N</majorViolation></statusGroup><statusGroup refId="8@GuideSheetItemStatusGroupModel"><serviceProviderCode>PORTCHESTER</serviceProviderCode><statusGroup>EH_FOOD_IN_OUT</statusGroup><ststus>Out</ststus><auditModel><auditDate>2016-03-22T11:21:59-04:00</auditDate><auditID>ADMIN</auditID><auditStatus>A</auditStatus></auditModel><guideItemStatusDispOrder>30</guideItemStatusDispOrder><guideItemStatusResultType>DENIED</guideItemStatusResultType><guideSheetItemStatusGroupI18NModels/><majorViolation>N</majorViolation></statusGroup></statusGroupModels><guideItemStatusGroupName>EH_FOOD_IN_OUT</guideItemStatusGroupName><guideItemStatusVisible>Y</guideItemStatusVisible><guideItemText>Management awareness; policy present</guideItemText><guideItemTextVisible>Y</guideItemTextVisible><guideSheetItemI18N/><guideType>EH Food Routine</guideType><isCritical>N</isCritical><isRequired>Y</isRequired></GuideSheetItem><GuideSheetItem refId="9@GuideSheetItemModel"><serviceProviderCode>PORTCHESTER</serviceProviderCode><guideItemSeqNbr>50919</guideItemSeqNbr><asiGroupName>EH_FOOD_CK3</asiGroupName><auditModel><auditDate>2016-10-20T21:44:19-04:00</auditDate><auditID>ADMIN</auditID><auditStatus>A</auditStatus></auditModel><guideItemAsiVisible>Y</guideItemAsiVisible><guideItemCommentVisible>Y</guideItemCommentVisible><guideItemDisplay_order>3</guideItemDisplay_order><guideItemStatus>In</guideItemStatus><statusGroupModels><statusGroup refFlag="Y" refId="6@GuideSheetItemStatusGroupModel"/><statusGroup refFlag="Y" refId="7@GuideSheetItemStatusGroupModel"/><statusGroup refFlag="Y" refId="8@GuideSheetItemStatusGroupModel"/></statusGroupModels><guideItemStatusGroupName>EH_FOOD_IN_OUT</guideItemStatusGroupName><guideItemStatusVisible>Y</guideItemStatusVisible><guideItemText>Proper use of reporting, restriction and exclusion</guideItemText><guideItemTextVisible>Y</guideItemTextVisible><guideSheetItemI18N/><guideType>EH Food Routine</guideType><isCritical>N</isCritical><isRequired>Y</isRequired></GuideSheetItem><GuideSheetItem refId="10@GuideSheetItemModel"><serviceProviderCode>PORTCHESTER</serviceProviderCode><guideItemSeqNbr>50920</guideItemSeqNbr><asiGroupName>EH_FOOD_CK6</asiGroupName><auditModel><auditDate>2016-10-20T21:44:19-04:00</auditDate><auditID>ADMIN</auditID><auditStatus>A</auditStatus></auditModel><guideItemAsiVisible>Y</guideItemAsiVisible><guideItemCommentVisible>Y</guideItemCommentVisible><guideItemDisplay_order>6</guideItemDisplay_order><guideItemStatus>In</guideItemStatus><statusGroupModels><statusGroup refId="11@GuideSheetItemStatusGroupModel"><serviceProviderCode>PORTCHESTER</serviceProviderCode><statusGroup>EH_FOOD_IN_OUT_NO</statusGroup><ststus>&lt;Select&gt;</ststus><auditModel><auditDate>2016-03-23T11:49:03-04:00</auditDate><auditID>ADMIN</auditID><auditStatus>A</auditStatus></auditModel><guideItemStatusDispOrder>10</guideItemStatusDispOrder><guideItemStatusResultType>INFORMATIONAL</guideItemStatusResultType><guideSheetItemStatusGroupI18NModels/><majorViolation>N</majorViolation></statusGroup><statusGroup refId="12@GuideSheetItemStatusGroupModel"><serviceProviderCode>PORTCHESTER</serviceProviderCode><statusGroup>EH_FOOD_IN_OUT_NO</statusGroup><ststus>In</ststus><auditModel><auditDate>2016-03-23T11:49:03-04:00</auditDate><auditID>ADMIN</auditID><auditStatus>A</auditStatus></auditModel><guideItemStatusDispOrder>20</guideItemStatusDispOrder><guideItemStatusResultType>APPROVED</guideItemStatusResultType><guideSheetItemStatusGroupI18NModels/><majorViolation>N</majorViolation></statusGroup><statusGroup refId="13@GuideSheetItemStatusGroupModel"><serviceProviderCode>PORTCHESTER</serviceProviderCode><statusGroup>EH_FOOD_IN_OUT_NO</statusGroup><ststus>NO</ststus><auditModel><auditDate>2016-03-23T11:49:03-04:00</auditDate><auditID>ADMIN</auditID><auditStatus>A</auditStatus></auditModel><guideItemStatusDispOrder>40</guideItemStatusDispOrder><guideItemStatusResultType>APPROVED</guideItemStatusResultType><guideSheetItemStatusGroupI18NModels/><majorViolation>N</majorViolation></statusGroup><statusGroup refId="14@GuideSheetItemStatusGroupModel"><serviceProviderCode>PORTCHESTER</serviceProviderCode><statusGroup>EH_FOOD_IN_OUT_NO</statusGroup><ststus>Out</ststus><auditModel><auditDate>2016-03-23T11:49:03-04:00</auditDate><auditID>ADMIN</auditID><auditStatus>A</auditStatus></auditModel><guideItemStatusDispOrder>30</guideItemStatusDispOrder><guideItemStatusResultType>DENIED</guideItemStatusResultType><guideSheetItemStatusGroupI18NModels/><majorViolation>N</majorViolation></statusGroup></statusGroupModels><guideItemStatusGroupName>EH_FOOD_IN_OUT_NO</guideItemStatusGroupName><guideItemStatusVisible>Y</guideItemStatusVisible><guideItemText>Hands clean and properly washed</guideItemText><guideItemTextVisible>Y</guideItemTextVisible><guideSheetItemI18N/><guideType>EH Food Routine</guideType><isCritical>N</isCritical><isRequired>Y</isRequired></GuideSheetItem><GuideSheetItem refId="15@GuideSheetItemModel"><serviceProviderCode>PORTCHESTER</serviceProviderCode><guideItemSeqNbr>50921</guideItemSeqNbr><asiGroupName>EH_FOOD_CK8</asiGroupName><auditModel><auditDate>2016-10-20T21:44:19-04:00</auditDate><auditID>ADMIN</auditID><auditStatus>A</auditStatus></auditModel><guideItemAsiVisible>Y</guideItemAsiVisible><guideItemCommentVisible>Y</guideItemCommentVisible><guideItemDisplay_order>8</guideItemDisplay_order><guideItemStatus>In</guideItemStatus><statusGroupModels><statusGroup refFlag="Y" refId="6@GuideSheetItemStatusGroupModel"/><statusGroup refFlag="Y" refId="7@GuideSheetItemStatusGroupModel"/><statusGroup refFlag="Y" refId="8@GuideSheetItemStatusGroupModel"/></statusGroupModels><guideItemStatusGroupName>EH_FOOD_IN_OUT</guideItemStatusGroupName><guideItemStatusVisible>Y</guideItemStatusVisible><guideItemText>Adequate handwashing facilities supplied &amp; accessible</guideItemText><guideItemTextVisible>Y</guideItemTextVisible><guideSheetItemI18N/><guideType>EH Food Routine</guideType><isCritical>N</isCritical><isRequired>Y</isRequired></GuideSheetItem><GuideSheetItem refId="16@GuideSheetItemModel"><serviceProviderCode>PORTCHESTER</serviceProviderCode><guideItemSeqNbr>50922</guideItemSeqNbr><asiGroupName>EH_FOOD_CK11</asiGroupName><auditModel><auditDate>2016-10-20T21:44:19-04:00</auditDate><auditID>ADMIN</auditID><auditStatus>A</auditStatus></auditModel><guideItemAsiVisible>Y</guideItemAsiVisible><guideItemCommentVisible>Y</guideItemCommentVisible><guideItemDisplay_order>11</guideItemDisplay_order><guideItemStatus>In</guideItemStatus><statusGroupModels><statusGroup refFlag="Y" refId="6@GuideSheetItemStatusGroupModel"/><statusGroup refFlag="Y" refId="7@GuideSheetItemStatusGroupModel"/><statusGroup refFlag="Y" refId="8@GuideSheetItemStatusGroupModel"/></statusGroupModels><guideItemStatusGroupName>EH_FOOD_IN_OUT</guideItemStatusGroupName><guideItemStatusVisible>Y</guideItemStatusVisible><guideItemText>Food in good condition, safe, and unadulterated</guideItemText><guideItemTextVisible>Y</guideItemTextVisible><guideSheetItemI18N/><guideType>EH Food Routine</guideType><isCritical>N</isCritical><isRequired>Y</isRequired></GuideSheetItem><GuideSheetItem refId="17@GuideSheetItemModel"><serviceProviderCode>PORTCHESTER</serviceProviderCode><guideItemSeqNbr>50923</guideItemSeqNbr><asiGroupName>EH_FOOD_CK12</asiGroupName><auditModel><auditDate>2016-10-20T21:44:19-04:00</auditDate><auditID>ADMIN</auditID><auditStatus>A</auditStatus></auditModel><guideItemAsiVisible>Y</guideItemAsiVisible><guideItemCommentVisible>Y</guideItemCommentVisible><guideItemDisplay_order>12</guideItemDisplay_order><guideItemStatus>In</guideItemStatus><statusGroupModels><statusGroup refId="18@GuideSheetItemStatusGroupModel"><serviceProviderCode>PORTCHESTER</serviceProviderCode><statusGroup>EH_FOOD_IN_OUT_NO_NA</statusGroup><ststus>&lt;Select&gt;</ststus><auditModel><auditDate>2016-03-11T17:44:38-05:00</auditDate><auditID>ADMIN</auditID><auditStatus>A</auditStatus></auditModel><guideItemStatusDispOrder>10</guideItemStatusDispOrder><guideItemStatusResultType>INFORMATIONAL</guideItemStatusResultType><guideSheetItemStatusGroupI18NModels/><majorViolation>N</majorViolation></statusGroup><statusGroup refId="19@GuideSheetItemStatusGroupModel"><serviceProviderCode>PORTCHESTER</serviceProviderCode><statusGroup>EH_FOOD_IN_OUT_NO_NA</statusGroup><ststus>In</ststus><auditModel><auditDate>2016-03-11T17:44:38-05:00</auditDate><auditID>ADMIN</auditID><auditStatus>A</auditStatus></auditModel><guideItemStatusDispOrder>20</guideItemStatusDispOrder><guideItemStatusResultType>APPROVED</guideItemStatusResultType><guideSheetItemStatusGroupI18NModels/><majorViolation>N</majorViolation></statusGroup><statusGroup refId="20@GuideSheetItemStatusGroupModel"><serviceProviderCode>PORTCHESTER</serviceProviderCode><statusGroup>EH_FOOD_IN_OUT_NO_NA</statusGroup><ststus>NA</ststus><auditModel><auditDate>2016-03-11T17:44:38-05:00</auditDate><auditID>ADMIN</auditID><auditStatus>A</auditStatus></auditModel><guideItemStatusDispOrder>50</guideItemStatusDispOrder><guideItemStatusResultType>APPROVED</guideItemStatusResultType><guideSheetItemStatusGroupI18NModels/><majorViolation>N</majorViolation></statusGroup><statusGroup refId="21@GuideSheetItemStatusGroupModel"><serviceProviderCode>PORTCHESTER</serviceProviderCode><statusGroup>EH_FOOD_IN_OUT_NO_NA</statusGroup><ststus>NO</ststus><auditModel><auditDate>2016-03-11T17:44:38-05:00</auditDate><auditID>ADMIN</auditID><auditStatus>A</auditStatus></auditModel><guideItemStatusDispOrder>40</guideItemStatusDispOrder><guideItemStatusResultType>APPROVED</guideItemStatusResultType><guideSheetItemStatusGroupI18NModels/><majorViolation>N</majorViolation></statusGroup><statusGroup refId="22@GuideSheetItemStatusGroupModel"><serviceProviderCode>PORTCHESTER</serviceProviderCode><statusGroup>EH_FOOD_IN_OUT_NO_NA</statusGroup><ststus>Out</ststus><auditModel><auditDate>2016-03-11T17:44:38-05:00</auditDate><auditID>ADMIN</auditID><auditStatus>A</auditStatus></auditModel><guideItemStatusDispOrder>30</guideItemStatusDispOrder><guideItemStatusResultType>DENIED</guideItemStatusResultType><guideSheetItemStatusGroupI18NModels/><majorViolation>N</majorViolation></statusGroup></statusGroupModels><guideItemStatusGroupName>EH_FOOD_IN_OUT_NO_NA</guideItemStatusGroupName><guideItemStatusVisible>Y</guideItemStatusVisible><guideItemText>Required records available: shellstock tags, parasite destruction</guideItemText><guideItemTextVisible>Y</guideItemTextVisible><guideSheetItemI18N/><guideType>EH Food Routine</guideType><isCritical>N</isCritical><isRequired>Y</isRequired></GuideSheetItem><GuideSheetItem refId="23@GuideSheetItemModel"><serviceProviderCode>PORTCHESTER</serviceProviderCode><guideItemSeqNbr>50924</guideItemSeqNbr><asiGroupName>EH_FOOD_CK13</asiGroupName><auditModel><auditDate>2016-10-20T21:44:19-04:00</auditDate><auditID>ADMIN</auditID><auditStatus>A</auditStatus></auditModel><guideItemAsiVisible>Y</guideItemAsiVisible><guideItemCommentVisible>Y</guideItemCommentVisible><guideItemDisplay_order>13</guideItemDisplay_order><guideItemStatus>In</guideItemStatus><statusGroupModels><statusGroup refId="24@GuideSheetItemStatusGroupModel"><serviceProviderCode>PORTCHESTER</serviceProviderCode><statusGroup>EH_FOOD_IN_OUT_NA</statusGroup><ststus>&lt;Select&gt;</ststus><auditModel><auditDate>2016-03-23T11:50:44-04:00</auditDate><auditID>ADMIN</auditID><auditStatus>A</auditStatus></auditModel><guideItemStatusDispOrder>10</guideItemStatusDispOrder><guideItemStatusResultType>INFORMATIONAL</guideItemStatusResultType><guideSheetItemStatusGroupI18NModels/><majorViolation>N</majorViolation></statusGroup><statusGroup refId="25@GuideSheetItemStatusGroupModel"><serviceProviderCode>PORTCHESTER</serviceProviderCode><statusGroup>EH_FOOD_IN_OUT_NA</statusGroup><ststus>In</ststus><auditModel><auditDate>2016-03-23T11:50:44-04:00</auditDate><auditID>ADMIN</auditID><auditStatus>A</auditStatus></auditModel><guideItemStatusDispOrder>20</guideItemStatusDispOrder><guideItemStatusResultType>APPROVED</guideItemStatusResultType><guideSheetItemStatusGroupI18NModels/><majorViolation>N</majorViolation></statusGroup><statusGroup refId="26@GuideSheetItemStatusGroupModel"><serviceProviderCode>PORTCHESTER</serviceProviderCode><statusGroup>EH_FOOD_IN_OUT_NA</statusGroup><ststus>NA</ststus><auditModel><auditDate>2016-03-23T11:50:44-04:00</auditDate><auditID>ADMIN</auditID><auditStatus>A</auditStatus></auditModel><guideItemStatusDispOrder>40</guideItemStatusDispOrder><guideItemStatusResultType>APPROVED</guideItemStatusResultType><guideSheetItemStatusGroupI18NModels/><majorViolation>N</majorViolation></statusGroup><statusGroup refId="27@GuideSheetItemStatusGroupModel"><serviceProviderCode>PORTCHESTER</serviceProviderCode><statusGroup>EH_FOOD_IN_OUT_NA</statusGroup><ststus>Out</ststus><auditModel><auditDate>2016-03-23T11:50:44-04:00</auditDate><auditID>ADMIN</auditID><auditStatus>A</auditStatus></auditModel><guideItemStatusDispOrder>30</guideItemStatusDispOrder><guideItemStatusResultType>DENIED</guideItemStatusResultType><guideSheetItemStatusGroupI18NModels/><majorViolation>N</majorViolation></statusGroup></statusGroupModels><guideItemStatusGroupName>EH_FOOD_IN_OUT_NA</guideItemStatusGroupName><guideItemStatusVisible>Y</guideItemStatusVisible><guideItemText>Food separated and protected</guideItemText><guideItemTextVisible>Y</guideItemTextVisible><guideSheetItemI18N/><guideType>EH Food Routine</guideType><isCritical>N</isCritical><isRequired>Y</isRequired></GuideSheetItem><GuideSheetItem refId="28@GuideSheetItemModel"><serviceProviderCode>PORTCHESTER</serviceProviderCode><guideItemSeqNbr>50925</guideItemSeqNbr><asiGroupName>EH_FOOD_CK14</asiGroupName><auditModel><auditDate>2016-10-20T21:44:19-04:00</auditDate><auditID>ADMIN</auditID><auditStatus>A</auditStatus></auditModel><guideItemAsiVisible>Y</guideItemAsiVisible><guideItemCommentVisible>Y</guideItemCommentVisible><guideItemDisplay_order>14</guideItemDisplay_order><guideItemStatus>In</guideItemStatus><statusGroupModels><statusGroup refFlag="Y" refId="24@GuideSheetItemStatusGroupModel"/><statusGroup refFlag="Y" refId="25@GuideSheetItemStatusGroupModel"/><statusGroup refFlag="Y" refId="26@GuideSheetItemStatusGroupModel"/><statusGroup refFlag="Y" refId="27@GuideSheetItemStatusGroupModel"/></statusGroupModels><guideItemStatusGroupName>EH_FOOD_IN_OUT_NA</guideItemStatusGroupName><guideItemStatusVisible>Y</guideItemStatusVisible><guideItemText>Food-contact surfaces: cleaned &amp; sanitizedod separated and protected</guideItemText><guideItemTextVisible>Y</guideItemTextVisible><guideSheetItemI18N/><guideType>EH Food Routine</guideType><isCritical>N</isCritical><isRequired>Y</isRequired></GuideSheetItem><GuideSheetItem refId="29@GuideSheetItemModel"><serviceProviderCode>PORTCHESTER</serviceProviderCode><guideItemSeqNbr>50926</guideItemSeqNbr><asiGroupName>EH_FOOD_CK15</asiGroupName><auditModel><auditDate>2016-10-20T21:44:19-04:00</auditDate><auditID>ADMIN</auditID><auditStatus>A</auditStatus></auditModel><guideItemAsiVisible>Y</guideItemAsiVisible><guideItemCommentVisible>Y</guideItemCommentVisible><guideItemDisplay_order>15</guideItemDisplay_order><guideItemStatus>In</guideItemStatus><statusGroupModels><statusGroup refFlag="Y" refId="6@GuideSheetItemStatusGroupModel"/><statusGroup refFlag="Y" refId="7@GuideSheetItemStatusGroupModel"/><statusGroup refFlag="Y" refId="8@GuideSheetItemStatusGroupModel"/></statusGroupModels><guideItemStatusGroupName>EH_FOOD_IN_OUT</guideItemStatusGroupName><guideItemStatusVisible>Y</guideItemStatusVisible><guideItemText>Proper disposition of returned, previously served, reconditioned, and unsafe food</guideItemText><guideItemTextVisible>Y</guideItemTextVisible><guideSheetItemI18N/><guideType>EH Food Routine</guideType><isCritical>N</isCritical><isRequired>Y</isRequired></GuideSheetItem><GuideSheetItem refId="30@GuideSheetItemModel"><serviceProviderCode>PORTCHESTER</serviceProviderCode><guideItemSeqNbr>50927</guideItemSeqNbr><asiGroupName>EH_FOOD_CK17</asiGroupName><auditModel><auditDate>2016-10-20T21:44:19-04:00</auditDate><auditID>ADMIN</auditID><auditStatus>A</auditStatus></auditModel><guideItemAsiVisible>Y</guideItemAsiVisible><guideItemCommentVisible>Y</guideItemCommentVisible><guideItemDisplay_order>17</guideItemDisplay_order><guideItemStatus>In</guideItemStatus><statusGroupModels><statusGroup refFlag="Y" refId="18@GuideSheetItemStatusGroupModel"/><statusGroup refFlag="Y" refId="19@GuideSheetItemStatusGroupModel"/><statusGroup refFlag="Y" refId="20@GuideSheetItemStatusGroupModel"/><statusGroup refFlag="Y" refId="21@GuideSheetItemStatusGroupModel"/><statusGroup refFlag="Y" refId="22@GuideSheetItemStatusGroupModel"/></statusGroupModels><guideItemStatusGroupName>EH_FOOD_IN_OUT_NO_NA</guideItemStatusGroupName><guideItemStatusVisible>Y</guideItemStatusVisible><guideItemText>Proper reheating procedures for hot holding</guideItemText><guideItemTextVisible>Y</guideItemTextVisible><guideSheetItemI18N/><guideType>EH Food Routine</guideType><isCritical>N</isCritical><isRequired>Y</isRequired></GuideSheetItem><GuideSheetItem refId="31@GuideSheetItemModel"><serviceProviderCode>PORTCHESTER</serviceProviderCode><guideItemSeqNbr>50928</guideItemSeqNbr><asiGroupName>EH_FOOD_CK18</asiGroupName><auditModel><auditDate>2016-10-20T21:44:19-04:00</auditDate><auditID>ADMIN</auditID><auditStatus>A</auditStatus></auditModel><guideItemAsiVisible>Y</guideItemAsiVisible><guideItemCommentVisible>Y</guideItemCommentVisible><guideItemDisplay_order>18</guideItemDisplay_order><guideItemStatus>In</guideItemStatus><statusGroupModels><statusGroup refFlag="Y" refId="18@GuideSheetItemStatusGroupModel"/><statusGroup refFlag="Y" refId="19@GuideSheetItemStatusGroupModel"/><statusGroup refFlag="Y" refId="20@GuideSheetItemStatusGroupModel"/><statusGroup refFlag="Y" refId="21@GuideSheetItemStatusGroupModel"/><statusGroup refFlag="Y" refId="22@GuideSheetItemStatusGroupModel"/></statusGroupModels><guideItemStatusGroupName>EH_FOOD_IN_OUT_NO_NA</guideItemStatusGroupName><guideItemStatusVisible>Y</guideItemStatusVisible><guideItemText>Proper cooling time and temperatures</guideItemText><guideItemTextVisible>Y</guideItemTextVisible><guideSheetItemI18N/><guideType>EH Food Routine</guideType><isCritical>N</isCritical><isRequired>Y</isRequired></GuideSheetItem><GuideSheetItem refId="32@GuideSheetItemModel"><serviceProviderCode>PORTCHESTER</serviceProviderCode><guideItemSeqNbr>50929</guideItemSeqNbr><asiGroupName>EH_FOOD_CK19</asiGroupName><auditModel><auditDate>2016-10-20T21:44:19-04:00</auditDate><auditID>ADMIN</auditID><auditStatus>A</auditStatus></auditModel><guideItemAsiVisible>Y</guideItemAsiVisible><guideItemCommentVisible>Y</guideItemCommentVisible><guideItemDisplay_order>19</guideItemDisplay_order><guideItemStatus>In</guideItemStatus><statusGroupModels><statusGroup refFlag="Y" refId="18@GuideSheetItemStatusGroupModel"/><statusGroup refFlag="Y" refId="19@GuideSheetItemStatusGroupModel"/><statusGroup refFlag="Y" refId="20@GuideSheetItemStatusGroupModel"/><statusGroup refFlag="Y" refId="21@GuideSheetItemStatusGroupModel"/><statusGroup refFlag="Y" refId="22@GuideSheetItemStatusGroupModel"/></statusGroupModels><guideItemStatusGroupName>EH_FOOD_IN_OUT_NO_NA</guideItemStatusGroupName><guideItemStatusVisible>Y</guideItemStatusVisible><guideItemText>Proper hot holding temperatures</guideItemText><guideItemTextVisible>Y</guideItemTextVisible><guideSheetItemI18N/><guideType>EH Food Routine</guideType><isCritical>N</isCritical><isRequired>Y</isRequired></GuideSheetItem><GuideSheetItem refId="33@GuideSheetItemModel"><serviceProviderCode>PORTCHESTER</serviceProviderCode><guideItemSeqNbr>50930</guideItemSeqNbr><asiGroupName>EH_FOOD_CK20</asiGroupName><auditModel><auditDate>2016-10-20T21:44:19-04:00</auditDate><auditID>ADMIN</auditID><auditStatus>A</auditStatus></auditModel><guideItemAsiVisible>Y</guideItemAsiVisible><guideItemCommentVisible>Y</guideItemCommentVisible><guideItemDisplay_order>20</guideItemDisplay_order><guideItemStatus>In</guideItemStatus><statusGroupModels><statusGroup refFlag="Y" refId="24@GuideSheetItemStatusGroupModel"/><statusGroup refFlag="Y" refId="25@GuideSheetItemStatusGroupModel"/><statusGroup refFlag="Y" refId="26@GuideSheetItemStatusGroupModel"/><statusGroup refFlag="Y" refId="27@GuideSheetItemStatusGroupModel"/></statusGroupModels><guideItemStatusGroupName>EH_FOOD_IN_OUT_NA</guideItemStatusGroupName><guideItemStatusVisible>Y</guideItemStatusVisible><guideItemText>Proper cold holding temperatures</guideItemText><guideItemTextVisible>Y</guideItemTextVisible><guideSheetItemI18N/><guideType>EH Food Routine</guideType><isCritical>N</isCritical><isRequired>Y</isRequired></GuideSheetItem><GuideSheetItem refId="34@GuideSheetItemModel"><serviceProviderCode>PORTCHESTER</serviceProviderCode><guideItemSeqNbr>50931</guideItemSeqNbr><asiGroupName>EH_FOOD_CK21</asiGroupName><auditModel><auditDate>2016-10-20T21:44:19-04:00</auditDate><auditID>ADMIN</auditID><auditStatus>A</auditStatus></auditModel><guideItemAsiVisible>Y</guideItemAsiVisible><guideItemCommentVisible>Y</guideItemCommentVisible><guideItemDisplay_order>21</guideItemDisplay_order><guideItemStatus>In</guideItemStatus><statusGroupModels><statusGroup refFlag="Y" refId="18@GuideSheetItemStatusGroupModel"/><statusGroup refFlag="Y" refId="19@GuideSheetItemStatusGroupModel"/><statusGroup refFlag="Y" refId="20@GuideSheetItemStatusGroupModel"/><statusGroup refFlag="Y" refId="21@GuideSheetItemStatusGroupModel"/><statusGroup refFlag="Y" refId="22@GuideSheetItemStatusGroupModel"/></statusGroupModels><guideItemStatusGroupName>EH_FOOD_IN_OUT_NO_NA</guideItemStatusGroupName><guideItemStatusVisible>Y</guideItemStatusVisible><guideItemText>Proper date marking and disposition</guideItemText><guideItemTextVisible>Y</guideItemTextVisible><guideSheetItemI18N/><guideType>EH Food Routine</guideType><isCritical>N</isCritical><isRequired>Y</isRequired></GuideSheetItem><GuideSheetItem refId="35@GuideSheetItemModel"><serviceProviderCode>PORTCHESTER</serviceProviderCode><guideItemSeqNbr>50932</guideItemSeqNbr><asiGroupName>EH_FOOD_CK23</asiGroupName><auditModel><auditDate>2016-10-20T21:44:19-04:00</auditDate><auditID>ADMIN</auditID><auditStatus>A</auditStatus></auditModel><guideItemAsiVisible>Y</guideItemAsiVisible><guideItemCommentVisible>Y</guideItemCommentVisible><guideItemDisplay_order>23</guideItemDisplay_order><guideItemStatus>In</guideItemStatus><statusGroupModels><statusGroup refFlag="Y" refId="24@GuideSheetItemStatusGroupModel"/><statusGroup refFlag="Y" refId="25@GuideSheetItemStatusGroupModel"/><statusGroup refFlag="Y" refId="26@GuideSheetItemStatusGroupModel"/><statusGroup refFlag="Y" refId="27@GuideSheetItemStatusGroupModel"/></statusGroupModels><guideItemStatusGroupName>EH_FOOD_IN_OUT_NA</guideItemStatusGroupName><guideItemStatusVisible>Y</guideItemStatusVisible><guideItemText>Consumer advisory provided for raw or undercooked foods</guideItemText><guideItemTextVisible>Y</guideItemTextVisible><guideSheetItemI18N/><guideType>EH Food Routine</guideType><isCritical>N</isCritical><isRequired>Y</isRequired></GuideSheetItem><GuideSheetItem refId="36@GuideSheetItemModel"><serviceProviderCode>PORTCHESTER</serviceProviderCode><guideItemSeqNbr>50933</guideItemSeqNbr><asiGroupName>EH_FOOD_CK28</asiGroupName><auditModel><auditDate>2016-10-20T21:44:19-04:00</auditDate><auditID>ADMIN</auditID><auditStatus>A</auditStatus></auditModel><guideItemAsiVisible>Y</guideItemAsiVisible><guideItemCommentVisible>Y</guideItemCommentVisible><guideItemDisplay_order>28</guideItemDisplay_order><guideItemStatus>&lt;Select&gt;</guideItemStatus><statusGroupModels><statusGroup refFlag="Y" refId="3@GuideSheetItemStatusGroupModel"/><statusGroup refFlag="Y" refId="4@GuideSheetItemStatusGroupModel"/></statusGroupModels><guideItemStatusGroupName>EH_FOOD_OUT</guideItemStatusGroupName><guideItemStatusVisible>Y</guideItemStatusVisible><guideItemText>Pasteurized eggs used where required</guideItemText><guideItemTextVisible>Y</guideItemTextVisible><guideSheetItemI18N/><guideType>EH Food Routine</guideType><isCritical>N</isCritical><isRequired>N</isRequired></GuideSheetItem><GuideSheetItem refId="37@GuideSheetItemModel"><serviceProviderCode>PORTCHESTER</serviceProviderCode><guideItemSeqNbr>50934</guideItemSeqNbr><asiGroupName>EH_FOOD_CK29</asiGroupName><auditModel><auditDate>2016-10-20T21:44:19-04:00</auditDate><auditID>ADMIN</auditID><auditStatus>A</auditStatus></auditModel><guideItemAsiVisible>Y</guideItemAsiVisible><guideItemCommentVisible>Y</guideItemCommentVisible><guideItemDisplay_order>29</guideItemDisplay_order><guideItemStatus>&lt;Select&gt;</guideItemStatus><statusGroupModels><statusGroup refFlag="Y" refId="3@GuideSheetItemStatusGroupModel"/><statusGroup refFlag="Y" refId="4@GuideSheetItemStatusGroupModel"/></statusGroupModels><guideItemStatusGroupName>EH_FOOD_OUT</guideItemStatusGroupName><guideItemStatusVisible>Y</guideItemStatusVisible><guideItemText>Water and ice from approved source</guideItemText><guideItemTextVisible>Y</guideItemTextVisible><guideSheetItemI18N/><guideType>EH Food Routine</guideType><isCritical>N</isCritical><isRequired>N</isRequired></GuideSheetItem><GuideSheetItem refId="38@GuideSheetItemModel"><serviceProviderCode>PORTCHESTER</serviceProviderCode><guideItemSeqNbr>50935</guideItemSeqNbr><asiGroupName>EH_FOOD_CK31</asiGroupName><auditModel><auditDate>2016-10-20T21:44:19-04:00</auditDate><auditID>ADMIN</auditID><auditStatus>A</auditStatus></auditModel><guideItemAsiVisible>Y</guideItemAsiVisible><guideItemCommentVisible>Y</guideItemCommentVisible><guideItemDisplay_order>31</guideItemDisplay_order><guideItemStatus>&lt;Select&gt;</guideItemStatus><statusGroupModels><statusGroup refFlag="Y" refId="3@GuideSheetItemStatusGroupModel"/><statusGroup refFlag="Y" refId="4@GuideSheetItemStatusGroupModel"/></statusGroupModels><guideItemStatusGroupName>EH_FOOD_OUT</guideItemStatusGroupName><guideItemStatusVisible>Y</guideItemStatusVisible><guideItemText>Proper cooling methods used; adequate equipment for temperature control</guideItemText><guideItemTextVisible>Y</guideItemTextVisible><guideSheetItemI18N/><guideType>EH Food Routine</guideType><isCritical>N</isCritical><isRequired>N</isRequired></GuideSheetItem><GuideSheetItem refId="39@GuideSheetItemModel"><serviceProviderCode>PORTCHESTER</serviceProviderCode><guideItemSeqNbr>50936</guideItemSeqNbr><asiGroupName>EH_FOOD_CK32</asiGroupName><auditModel><auditDate>2016-10-20T21:44:19-04:00</auditDate><auditID>ADMIN</auditID><auditStatus>A</auditStatus></auditModel><guideItemAsiVisible>Y</guideItemAsiVisible><guideItemCommentVisible>Y</guideItemCommentVisible><guideItemDisplay_order>32</guideItemDisplay_order><guideItemStatus>&lt;Select&gt;</guideItemStatus><statusGroupModels><statusGroup refFlag="Y" refId="3@GuideSheetItemStatusGroupModel"/><statusGroup refFlag="Y" refId="4@GuideSheetItemStatusGroupModel"/></statusGroupModels><guideItemStatusGroupName>EH_FOOD_OUT</guideItemStatusGroupName><guideItemStatusVisible>Y</guideItemStatusVisible><guideItemText>Plant food properly cooked for hot holding</guideItemText><guideItemTextVisible>Y</guideItemTextVisible><guideSheetItemI18N/><guideType>EH Food Routine</guideType><isCritical>N</isCritical><isRequired>N</isRequired></GuideSheetItem><GuideSheetItem refId="40@GuideSheetItemModel"><serviceProviderCode>PORTCHESTER</serviceProviderCode><guideItemSeqNbr>50937</guideItemSeqNbr><asiGroupName>EH_FOOD_CK33</asiGroupName><auditModel><auditDate>2016-10-20T21:44:19-04:00</auditDate><auditID>ADMIN</auditID><auditStatus>A</auditStatus></auditModel><guideItemAsiVisible>Y</guideItemAsiVisible><guideItemCommentVisible>Y</guideItemCommentVisible><guideItemDisplay_order>33</guideItemDisplay_order><guideItemStatus>&lt;Select&gt;</guideItemStatus><statusGroupModels><statusGroup refFlag="Y" refId="3@GuideSheetItemStatusGroupModel"/><statusGroup refFlag="Y" refId="4@GuideSheetItemStatusGroupModel"/></statusGroupModels><guideItemStatusGroupName>EH_FOOD_OUT</guideItemStatusGroupName><guideItemStatusVisible>Y</guideItemStatusVisible><guideItemText>Approved thawing methods used</guideItemText><guideItemTextVisible>Y</guideItemTextVisible><guideSheetItemI18N/><guideType>EH Food Routine</guideType><isCritical>N</isCritical><isRequired>N</isRequired></GuideSheetItem><GuideSheetItem refId="41@GuideSheetItemModel"><serviceProviderCode>PORTCHESTER</serviceProviderCode><guideItemSeqNbr>50938</guideItemSeqNbr><asiGroupName>EH_FOOD_CK34</asiGroupName><auditModel><auditDate>2016-10-20T21:44:19-04:00</auditDate><auditID>ADMIN</auditID><auditStatus>A</auditStatus></auditModel><guideItemAsiVisible>Y</guideItemAsiVisible><guideItemCommentVisible>Y</guideItemCommentVisible><guideItemDisplay_order>34</guideItemDisplay_order><guideItemStatus>&lt;Select&gt;</guideItemStatus><statusGroupModels><statusGroup refFlag="Y" refId="3@GuideSheetItemStatusGroupModel"/><statusGroup refFlag="Y" refId="4@GuideSheetItemStatusGroupModel"/></statusGroupModels><guideItemStatusGroupName>EH_FOOD_OUT</guideItemStatusGroupName><guideItemStatusVisible>Y</guideItemStatusVisible><guideItemText>Thermometers  provided and accurate</guideItemText><guideItemTextVisible>Y</guideItemTextVisible><guideSheetItemI18N/><guideType>EH Food Routine</guideType><isCritical>N</isCritical><isRequired>N</isRequired></GuideSheetItem><GuideSheetItem refId="42@GuideSheetItemModel"><serviceProviderCode>PORTCHESTER</serviceProviderCode><guideItemSeqNbr>50939</guideItemSeqNbr><asiGroupName>EH_FOOD_CK39</asiGroupName><auditModel><auditDate>2016-10-20T21:44:19-04:00</auditDate><auditID>ADMIN</auditID><auditStatus>A</auditStatus></auditModel><guideItemAsiVisible>Y</guideItemAsiVisible><guideItemCommentVisible>Y</guideItemCommentVisible><guideItemDisplay_order>39</guideItemDisplay_order><guideItemStatus>&lt;Select&gt;</guideItemStatus><statusGroupModels><statusGroup refFlag="Y" refId="3@GuideSheetItemStatusGroupModel"/><statusGroup refFlag="Y" refId="4@GuideSheetItemStatusGroupModel"/></statusGroupModels><guideItemStatusGroupName>EH_FOOD_OUT</guideItemStatusGroupName><guideItemStatusVisible>Y</guideItemStatusVisible><guideItemText>Wiping cloths: properly used and stored</guideItemText><guideItemTextVisible>Y</guideItemTextVisible><guideSheetItemI18N/><guideType>EH Food Routine</guideType><isCritical>N</isCritical><isRequired>N</isRequired></GuideSheetItem><GuideSheetItem refId="43@GuideSheetItemModel"><serviceProviderCode>PORTCHESTER</serviceProviderCode><guideItemSeqNbr>50940</guideItemSeqNbr><asiGroupName>EH_FOOD_CK40</asiGroupName><auditModel><auditDate>2016-10-20T21:44:19-04:00</auditDate><auditID>ADMIN</auditID><auditStatus>A</auditStatus></auditModel><guideItemAsiVisible>Y</guideItemAsiVisible><guideItemCommentVisible>Y</guideItemCommentVisible><guideItemDisplay_order>40</guideItemDisplay_order><guideItemStatus>&lt;Select&gt;</guideItemStatus><statusGroupModels><statusGroup refFlag="Y" refId="3@GuideSheetItemStatusGroupModel"/><statusGroup refFlag="Y" refId="4@GuideSheetItemStatusGroupModel"/></statusGroupModels><guideItemStatusGroupName>EH_FOOD_OUT</guideItemStatusGroupName><guideItemStatusVisible>Y</guideItemStatusVisible><guideItemText>Washing fruits and vegetables</guideItemText><guideItemTextVisible>Y</guideItemTextVisible><guideSheetItemI18N/><guideType>EH Food Routine</guideType><isCritical>N</isCritical><isRequired>N</isRequired></GuideSheetItem><GuideSheetItem refId="44@GuideSheetItemModel"><serviceProviderCode>PORTCHESTER</serviceProviderCode><guideItemSeqNbr>50941</guideItemSeqNbr><asiGroupName>EH_FOOD_CK41</asiGroupName><auditModel><auditDate>2016-10-20T21:44:19-04:00</auditDate><auditID>ADMIN</auditID><auditStatus>A</auditStatus></auditModel><guideItemAsiVisible>Y</guideItemAsiVisible><guideItemCommentVisible>Y</guideItemCommentVisible><guideItemDisplay_order>41</guideItemDisplay_order><guideItemStatus>&lt;Select&gt;</guideItemStatus><statusGroupModels><statusGroup refFlag="Y" refId="3@GuideSheetItemStatusGroupModel"/><statusGroup refFlag="Y" refId="4@GuideSheetItemStatusGroupModel"/></statusGroupModels><guideItemStatusGroupName>EH_FOOD_OUT</guideItemStatusGroupName><guideItemStatusVisible>Y</guideItemStatusVisible><guideItemText>In-use utensils: properly stored</guideItemText><guideItemTextVisible>Y</guideItemTextVisible><guideSheetItemI18N/><guideType>EH Food Routine</guideType><isCritical>N</isCritical><isRequired>N</isRequired></GuideSheetItem><GuideSheetItem refId="45@GuideSheetItemModel"><serviceProviderCode>PORTCHESTER</serviceProviderCode><guideItemSeqNbr>50942</guideItemSeqNbr><asiGroupName>EH_FOOD_CK42</asiGroupName><auditModel><auditDate>2016-10-20T21:44:19-04:00</auditDate><auditID>ADMIN</auditID><auditStatus>A</auditStatus></auditModel><guideItemAsiVisible>Y</guideItemAsiVisible><guideItemCommentVisible>Y</guideItemCommentVisible><guideItemDisplay_order>42</guideItemDisplay_order><guideItemStatus>&lt;Select&gt;</guideItemStatus><statusGroupModels><statusGroup refFlag="Y" refId="3@GuideSheetItemStatusGroupModel"/><statusGroup refFlag="Y" refId="4@GuideSheetItemStatusGroupModel"/></statusGroupModels><guideItemStatusGroupName>EH_FOOD_OUT</guideItemStatusGroupName><guideItemStatusVisible>Y</guideItemStatusVisible><guideItemText>Utensils, equipment and linens: properly stored, dried, handled</guideItemText><guideItemTextVisible>Y</guideItemTextVisible><guideSheetItemI18N/><guideType>EH Food Routine</guideType><isCritical>N</isCritical><isRequired>N</isRequired></GuideSheetItem><GuideSheetItem refId="46@GuideSheetItemModel"><serviceProviderCode>PORTCHESTER</serviceProviderCode><guideItemSeqNbr>50943</guideItemSeqNbr><asiGroupName>EH_FOOD_CK43</asiGroupName><auditModel><auditDate>2016-10-20T21:44:19-04:00</auditDate><auditID>ADMIN</auditID><auditStatus>A</auditStatus></auditModel><guideItemAsiVisible>Y</guideItemAsiVisible><guideItemCommentVisible>Y</guideItemCommentVisible><guideItemDisplay_order>43</guideItemDisplay_order><guideItemStatus>&lt;Select&gt;</guideItemStatus><statusGroupModels><statusGroup refFlag="Y" refId="3@GuideSheetItemStatusGroupModel"/><statusGroup refFlag="Y" refId="4@GuideSheetItemStatusGroupModel"/></statusGroupModels><guideItemStatusGroupName>EH_FOOD_OUT</guideItemStatusGroupName><guideItemStatusVisible>Y</guideItemStatusVisible><guideItemText>Single-use/single-service articles: properly stored, used</guideItemText><guideItemTextVisible>Y</guideItemTextVisible><guideSheetItemI18N/><guideType>EH Food Routine</guideType><isCritical>N</isCritical><isRequired>N</isRequired></GuideSheetItem><GuideSheetItem refId="47@GuideSheetItemModel"><serviceProviderCode>PORTCHESTER</serviceProviderCode><guideItemSeqNbr>50944</guideItemSeqNbr><asiGroupName>EH_FOOD_CK48</asiGroupName><auditModel><auditDate>2016-10-20T21:44:19-04:00</auditDate><auditID>ADMIN</auditID><auditStatus>A</auditStatus></auditModel><guideItemAsiVisible>Y</guideItemAsiVisible><guideItemCommentVisible>Y</guideItemCommentVisible><guideItemDisplay_order>48</guideItemDisplay_order><guideItemStatus>&lt;Select&gt;</guideItemStatus><statusGroupModels><statusGroup refFlag="Y" refId="3@GuideSheetItemStatusGroupModel"/><statusGroup refFlag="Y" refId="4@GuideSheetItemStatusGroupModel"/></statusGroupModels><guideItemStatusGroupName>EH_FOOD_OUT</guideItemStatusGroupName><guideItemStatusVisible>Y</guideItemStatusVisible><guideItemText>Hot and cold water available; adequate pressure</guideItemText><guideItemTextVisible>Y</guideItemTextVisible><guideSheetItemI18N/><guideType>EH Food Routine</guideType><isCritical>N</isCritical><isRequired>N</isRequired></GuideSheetItem><GuideSheetItem refId="48@GuideSheetItemModel"><serviceProviderCode>PORTCHESTER</serviceProviderCode><guideItemSeqNbr>50945</guideItemSeqNbr><asiGroupName>EH_FOOD_CK53</asiGroupName><auditModel><auditDate>2016-10-20T21:44:19-04:00</auditDate><auditID>ADMIN</auditID><auditStatus>A</auditStatus></auditModel><guideItemAsiVisible>Y</guideItemAsiVisible><guideItemCommentVisible>Y</guideItemCommentVisible><guideItemDisplay_order>53</guideItemDisplay_order><guideItemStatus>&lt;Select&gt;</guideItemStatus><statusGroupModels><statusGroup refFlag="Y" refId="3@GuideSheetItemStatusGroupModel"/><statusGroup refFlag="Y" refId="4@GuideSheetItemStatusGroupModel"/></statusGroupModels><guideItemStatusGroupName>EH_FOOD_OUT</guideItemStatusGroupName><guideItemStatusVisible>Y</guideItemStatusVisible><guideItemText>Physical facilities installed, maintained, and clean</guideItemText><guideItemTextVisible>Y</guideItemTextVisible><guideSheetItemI18N/><guideType>EH Food Routine</guideType><isCritical>N</isCritical><isRequired>N</isRequired></GuideSheetItem><GuideSheetItem refId="49@GuideSheetItemModel"><serviceProviderCode>PORTCHESTER</serviceProviderCode><guideItemSeqNbr>50946</guideItemSeqNbr><asiGroupName>EH_FOOD_CK1</asiGroupName><auditModel><auditDate>2016-10-20T21:44:19-04:00</auditDate><auditID>ADMIN</auditID><auditStatus>A</auditStatus></auditModel><guideItemAsiVisible>Y</guideItemAsiVisible><guideItemCommentVisible>Y</guideItemCommentVisible><guideItemDisplay_order>1</guideItemDisplay_order><guideItemStatus>In</guideItemStatus><statusGroupModels><statusGroup refFlag="Y" refId="6@GuideSheetItemStatusGroupModel"/><statusGroup refFlag="Y" refId="7@GuideSheetItemStatusGroupModel"/><statusGroup refFlag="Y" refId="8@GuideSheetItemStatusGroupModel"/></statusGroupModels><guideItemStatusGroupName>EH_FOOD_IN_OUT</guideItemStatusGroupName><guideItemStatusVisible>Y</guideItemStatusVisible><guideItemText>Person in charge present, demonstrates knowledge, and performs duties</guideItemText><guideItemTextVisible>Y</guideItemTextVisible><guideSheetItemI18N/><guideType>EH Food Routine</guideType><isCritical>N</isCritical><isRequired>Y</isRequired></GuideSheetItem><GuideSheetItem refId="50@GuideSheetItemModel"><serviceProviderCode>PORTCHESTER</serviceProviderCode><guideItemSeqNbr>50947</guideItemSeqNbr><asiGroupName>EH_FOOD_CK4</asiGroupName><auditModel><auditDate>2016-10-20T21:44:19-04:00</auditDate><auditID>ADMIN</auditID><auditStatus>A</auditStatus></auditModel><guideItemAsiVisible>Y</guideItemAsiVisible><guideItemCommentVisible>Y</guideItemCommentVisible><guideItemDisplay_order>4</guideItemDisplay_order><guideItemStatus>In</guideItemStatus><statusGroupModels><statusGroup refFlag="Y" refId="11@GuideSheetItemStatusGroupModel"/><statusGroup refFlag="Y" refId="12@GuideSheetItemStatusGroupModel"/><statusGroup refFlag="Y" refId="13@GuideSheetItemStatusGroupModel"/><statusGroup refFlag="Y" refId="14@GuideSheetItemStatusGroupModel"/></statusGroupModels><guideItemStatusGroupName>EH_FOOD_IN_OUT_NO</guideItemStatusGroupName><guideItemStatusVisible>Y</guideItemStatusVisible><guideItemText>Proper eating, tasting, drinking or tabcco use</guideItemText><guideItemTextVisible>Y</guideItemTextVisible><guideSheetItemI18N/><guideType>EH Food Routine</guideType><isCritical>N</isCritical><isRequired>Y</isRequired></GuideSheetItem><GuideSheetItem refId="51@GuideSheetItemModel"><serviceProviderCode>PORTCHESTER</serviceProviderCode><guideItemSeqNbr>50948</guideItemSeqNbr><asiGroupName>EH_FOOD_CK5</asiGroupName><auditModel><auditDate>2016-10-20T21:44:19-04:00</auditDate><auditID>ADMIN</auditID><auditStatus>A</auditStatus></auditModel><guideItemAsiVisible>Y</guideItemAsiVisible><guideItemCommentVisible>Y</guideItemCommentVisible><guideItemDisplay_order>5</guideItemDisplay_order><guideItemStatus>In</guideItemStatus><statusGroupModels><statusGroup refFlag="Y" refId="11@GuideSheetItemStatusGroupModel"/><statusGroup refFlag="Y" refId="12@GuideSheetItemStatusGroupModel"/><statusGroup refFlag="Y" refId="13@GuideSheetItemStatusGroupModel"/><statusGroup refFlag="Y" refId="14@GuideSheetItemStatusGroupModel"/></statusGroupModels><guideItemStatusGroupName>EH_FOOD_IN_OUT_NO</guideItemStatusGroupName><guideItemStatusVisible>Y</guideItemStatusVisible><guideItemText>No discharge from eyes, nose, and mouth</guideItemText><guideItemTextVisible>Y</guideItemTextVisible><guideSheetItemI18N/><guideType>EH Food Routine</guideType><isCritical>N</isCritical><isRequired>Y</isRequired></GuideSheetItem><GuideSheetItem refId="52@GuideSheetItemModel"><serviceProviderCode>PORTCHESTER</serviceProviderCode><guideItemSeqNbr>50949</guideItemSeqNbr><asiGroupName>EH_FOOD_CK7</asiGroupName><auditModel><auditDate>2016-10-20T21:44:19-04:00</auditDate><auditID>ADMIN</auditID><auditStatus>A</auditStatus></auditModel><guideItemAsiVisible>Y</guideItemAsiVisible><guideItemCommentVisible>Y</guideItemCommentVisible><guideItemDisplay_order>7</guideItemDisplay_order><guideItemStatus>In</guideItemStatus><statusGroupModels><statusGroup refFlag="Y" refId="18@GuideSheetItemStatusGroupModel"/><statusGroup refFlag="Y" refId="19@GuideSheetItemStatusGroupModel"/><statusGroup refFlag="Y" refId="20@GuideSheetItemStatusGroupModel"/><statusGroup refFlag="Y" refId="21@GuideSheetItemStatusGroupModel"/><statusGroup refFlag="Y" refId="22@GuideSheetItemStatusGroupModel"/></statusGroupModels><guideItemStatusGroupName>EH_FOOD_IN_OUT_NO_NA</guideItemStatusGroupName><guideItemStatusVisible>Y</guideItemStatusVisible><guideItemText>No bare hand contact with ready-to-eat foods or approved alternate method properly followed</guideItemText><guideItemTextVisible>Y</guideItemTextVisible><guideSheetItemI18N/><guideType>EH Food Routine</guideType><isCritical>N</isCritical><isRequired>Y</isRequired></GuideSheetItem><GuideSheetItem refId="53@GuideSheetItemModel"><serviceProviderCode>PORTCHESTER</serviceProviderCode><guideItemSeqNbr>50950</guideItemSeqNbr><asiGroupName>EH_FOOD_CK9</asiGroupName><auditModel><auditDate>2016-10-20T21:44:19-04:00</auditDate><auditID>ADMIN</auditID><auditStatus>A</auditStatus></auditModel><guideItemAsiVisible>Y</guideItemAsiVisible><guideItemCommentVisible>Y</guideItemCommentVisible><guideItemDisplay_order>9</guideItemDisplay_order><guideItemStatus>In</guideItemStatus><statusGroupModels><statusGroup refFlag="Y" refId="6@GuideSheetItemStatusGroupModel"/><statusGroup refFlag="Y" refId="7@GuideSheetItemStatusGroupModel"/><statusGroup refFlag="Y" refId="8@GuideSheetItemStatusGroupModel"/></statusGroupModels><guideItemStatusGroupName>EH_FOOD_IN_OUT</guideItemStatusGroupName><guideItemStatusVisible>Y</guideItemStatusVisible><guideItemText>Food obtained from approved source</guideItemText><guideItemTextVisible>Y</guideItemTextVisible><guideSheetItemI18N/><guideType>EH Food Routine</guideType><isCritical>N</isCritical><isRequired>Y</isRequired></GuideSheetItem><GuideSheetItem refId="54@GuideSheetItemModel"><serviceProviderCode>PORTCHESTER</serviceProviderCode><guideItemSeqNbr>50951</guideItemSeqNbr><asiGroupName>EH_FOOD_CK10</asiGroupName><auditModel><auditDate>2016-10-20T21:44:19-04:00</auditDate><auditID>ADMIN</auditID><auditStatus>A</auditStatus></auditModel><guideItemAsiVisible>Y</guideItemAsiVisible><guideItemCommentVisible>Y</guideItemCommentVisible><guideItemDisplay_order>10</guideItemDisplay_order><guideItemStatus>In</guideItemStatus><statusGroupModels><statusGroup refFlag="Y" refId="18@GuideSheetItemStatusGroupModel"/><statusGroup refFlag="Y" refId="19@GuideSheetItemStatusGroupModel"/><statusGroup refFlag="Y" refId="20@GuideSheetItemStatusGroupModel"/><statusGroup refFlag="Y" refId="21@GuideSheetItemStatusGroupModel"/><statusGroup refFlag="Y" refId="22@GuideSheetItemStatusGroupModel"/></statusGroupModels><guideItemStatusGroupName>EH_FOOD_IN_OUT_NO_NA</guideItemStatusGroupName><guideItemStatusVisible>Y</guideItemStatusVisible><guideItemText>Food received at proper temperature</guideItemText><guideItemTextVisible>Y</guideItemTextVisible><guideSheetItemI18N/><guideType>EH Food Routine</guideType><isCritical>N</isCritical><isRequired>Y</isRequired></GuideSheetItem><GuideSheetItem refId="55@GuideSheetItemModel"><serviceProviderCode>PORTCHESTER</serviceProviderCode><guideItemSeqNbr>50952</guideItemSeqNbr><asiGroupName>EH_FOOD_CK16</asiGroupName><auditModel><auditDate>2016-10-20T21:44:19-04:00</auditDate><auditID>ADMIN</auditID><auditStatus>A</auditStatus></auditModel><guideItemAsiVisible>Y</guideItemAsiVisible><guideItemCommentVisible>Y</guideItemCommentVisible><guideItemDisplay_order>16</guideItemDisplay_order><guideItemStatus>In</guideItemStatus><statusGroupModels><statusGroup refFlag="Y" refId="18@GuideSheetItemStatusGroupModel"/><statusGroup refFlag="Y" refId="19@GuideSheetItemStatusGroupModel"/><statusGroup refFlag="Y" refId="20@GuideSheetItemStatusGroupModel"/><statusGroup refFlag="Y" refId="21@GuideSheetItemStatusGroupModel"/><statusGroup refFlag="Y" refId="22@GuideSheetItemStatusGroupModel"/></statusGroupModels><guideItemStatusGroupName>EH_FOOD_IN_OUT_NO_NA</guideItemStatusGroupName><guideItemStatusVisible>Y</guideItemStatusVisible><guideItemText>Proper cooking time and temperatures</guideItemText><guideItemTextVisible>Y</guideItemTextVisible><guideSheetItemI18N/><guideType>EH Food Routine</guideType><isCritical>N</isCritical><isRequired>Y</isRequired></GuideSheetItem><GuideSheetItem refId="56@GuideSheetItemModel"><serviceProviderCode>PORTCHESTER</serviceProviderCode><guideItemSeqNbr>50953</guideItemSeqNbr><asiGroupName>EH_FOOD_CK22</asiGroupName><auditModel><auditDate>2016-10-20T21:44:19-04:00</auditDate><auditID>ADMIN</auditID><auditStatus>A</auditStatus></auditModel><guideItemAsiVisible>Y</guideItemAsiVisible><guideItemCommentVisible>Y</guideItemCommentVisible><guideItemDisplay_order>22</guideItemDisplay_order><guideItemStatus>In</guideItemStatus><statusGroupModels><statusGroup refFlag="Y" refId="18@GuideSheetItemStatusGroupModel"/><statusGroup refFlag="Y" refId="19@GuideSheetItemStatusGroupModel"/><statusGroup refFlag="Y" refId="20@GuideSheetItemStatusGroupModel"/><statusGroup refFlag="Y" refId="21@GuideSheetItemStatusGroupModel"/><statusGroup refFlag="Y" refId="22@GuideSheetItemStatusGroupModel"/></statusGroupModels><guideItemStatusGroupName>EH_FOOD_IN_OUT_NO_NA</guideItemStatusGroupName><guideItemStatusVisible>Y</guideItemStatusVisible><guideItemText>Time as a public health control: procedures &amp; records</guideItemText><guideItemTextVisible>Y</guideItemTextVisible><guideSheetItemI18N/><guideType>EH Food Routine</guideType><isCritical>N</isCritical><isRequired>Y</isRequired></GuideSheetItem><GuideSheetItem refId="57@GuideSheetItemModel"><serviceProviderCode>PORTCHESTER</serviceProviderCode><guideItemSeqNbr>50954</guideItemSeqNbr><asiGroupName>EH_FOOD_CK24</asiGroupName><auditModel><auditDate>2016-10-20T21:44:19-04:00</auditDate><auditID>ADMIN</auditID><auditStatus>A</auditStatus></auditModel><guideItemAsiVisible>Y</guideItemAsiVisible><guideItemCommentVisible>Y</guideItemCommentVisible><guideItemDisplay_order>24</guideItemDisplay_order><guideItemStatus>In</guideItemStatus><statusGroupModels><statusGroup refFlag="Y" refId="24@GuideSheetItemStatusGroupModel"/><statusGroup refFlag="Y" refId="25@GuideSheetItemStatusGroupModel"/><statusGroup refFlag="Y" refId="26@GuideSheetItemStatusGroupModel"/><statusGroup refFlag="Y" refId="27@GuideSheetItemStatusGroupModel"/></statusGroupModels><guideItemStatusGroupName>EH_FOOD_IN_OUT_NA</guideItemStatusGroupName><guideItemStatusVisible>Y</guideItemStatusVisible><guideItemText>Pasteurized foods used; prohibited foods not offered</guideItemText><guideItemTextVisible>Y</guideItemTextVisible><guideSheetItemI18N/><guideType>EH Food Routine</guideType><isCritical>N</isCritical><isRequired>Y</isRequired></GuideSheetItem><GuideSheetItem refId="58@GuideSheetItemModel"><serviceProviderCode>PORTCHESTER</serviceProviderCode><guideItemSeqNbr>50955</guideItemSeqNbr><asiGroupName>EH_FOOD_CK25</asiGroupName><auditModel><auditDate>2016-10-20T21:44:19-04:00</auditDate><auditID>ADMIN</auditID><auditStatus>A</auditStatus></auditModel><guideItemAsiVisible>Y</guideItemAsiVisible><guideItemCommentVisible>Y</guideItemCommentVisible><guideItemDisplay_order>25</guideItemDisplay_order><guideItemStatus>In</guideItemStatus><statusGroupModels><statusGroup refFlag="Y" refId="24@GuideSheetItemStatusGroupModel"/><statusGroup refFlag="Y" refId="25@GuideSheetItemStatusGroupModel"/><statusGroup refFlag="Y" refId="26@GuideSheetItemStatusGroupModel"/><statusGroup refFlag="Y" refId="27@GuideSheetItemStatusGroupModel"/></statusGroupModels><guideItemStatusGroupName>EH_FOOD_IN_OUT_NA</guideItemStatusGroupName><guideItemStatusVisible>Y</guideItemStatusVisible><guideItemText>Food additives: approved and properly used</guideItemText><guideItemTextVisible>Y</guideItemTextVisible><guideSheetItemI18N/><guideType>EH Food Routine</guideType><isCritical>N</isCritical><isRequired>Y</isRequired></GuideSheetItem><GuideSheetItem refId="59@GuideSheetItemModel"><serviceProviderCode>PORTCHESTER</serviceProviderCode><guideItemSeqNbr>50956</guideItemSeqNbr><asiGroupName>EH_FOOD_CK26</asiGroupName><auditModel><auditDate>2016-10-20T21:44:19-04:00</auditDate><auditID>ADMIN</auditID><auditStatus>A</auditStatus></auditModel><guideItemAsiVisible>Y</guideItemAsiVisible><guideItemCommentVisible>Y</guideItemCommentVisible><guideItemDisplay_order>26</guideItemDisplay_order><guideItemStatus>In</guideItemStatus><statusGroupModels><statusGroup refFlag="Y" refId="6@GuideSheetItemStatusGroupModel"/><statusGroup refFlag="Y" refId="7@GuideSheetItemStatusGroupModel"/><statusGroup refFlag="Y" refId="8@GuideSheetItemStatusGroupModel"/></statusGroupModels><guideItemStatusGroupName>EH_FOOD_IN_OUT</guideItemStatusGroupName><guideItemStatusVisible>Y</guideItemStatusVisible><guideItemText>Toxic substances properly identified, stored, used</guideItemText><guideItemTextVisible>Y</guideItemTextVisible><guideSheetItemI18N/><guideType>EH Food Routine</guideType><isCritical>N</isCritical><isRequired>Y</isRequired></GuideSheetItem><GuideSheetItem refId="60@GuideSheetItemModel"><serviceProviderCode>PORTCHESTER</serviceProviderCode><guideItemSeqNbr>50957</guideItemSeqNbr><asiGroupName>EH_FOOD_CK27</asiGroupName><auditModel><auditDate>2016-10-20T21:44:19-04:00</auditDate><auditID>ADMIN</auditID><auditStatus>A</auditStatus></auditModel><guideItemAsiVisible>Y</guideItemAsiVisible><guideItemCommentVisible>Y</guideItemCommentVisible><guideItemDisplay_order>27</guideItemDisplay_order><guideItemStatus>In</guideItemStatus><statusGroupModels><statusGroup refFlag="Y" refId="24@GuideSheetItemStatusGroupModel"/><statusGroup refFlag="Y" refId="25@GuideSheetItemStatusGroupModel"/><statusGroup refFlag="Y" refId="26@GuideSheetItemStatusGroupModel"/><statusGroup refFlag="Y" refId="27@GuideSheetItemStatusGroupModel"/></statusGroupModels><guideItemStatusGroupName>EH_FOOD_IN_OUT_NA</guideItemStatusGroupName><guideItemStatusVisible>Y</guideItemStatusVisible><guideItemText>Compliance with variance, specialized process, and HACCP plan</guideItemText><guideItemTextVisible>Y</guideItemTextVisible><guideSheetItemI18N/><guideType>EH Food Routine</guideType><isCritical>N</isCritical><isRequired>Y</isRequired></GuideSheetItem><GuideSheetItem refId="61@GuideSheetItemModel"><serviceProviderCode>PORTCHESTER</serviceProviderCode><guideItemSeqNbr>50958</guideItemSeqNbr><asiGroupName>EH_FOOD_CK30</asiGroupName><auditModel><auditDate>2016-10-20T21:44:19-04:00</auditDate><auditID>ADMIN</auditID><auditStatus>A</auditStatus></auditModel><guideItemAsiVisible>Y</guideItemAsiVisible><guideItemCommentVisible>Y</guideItemCommentVisible><guideItemDisplay_order>30</guideItemDisplay_order><guideItemStatus>&lt;Select&gt;</guideItemStatus><statusGroupModels><statusGroup refFlag="Y" refId="3@GuideSheetItemStatusGroupModel"/><statusGroup refFlag="Y" refId="4@GuideSheetItemStatusGroupModel"/></statusGroupModels><guideItemStatusGroupName>EH_FOOD_OUT</guideItemStatusGroupName><guideItemStatusVisible>Y</guideItemStatusVisible><guideItemText>Variance obtained for specialized processing methods</guideItemText><guideItemTextVisible>Y</guideItemTextVisible><guideSheetItemI18N/><guideType>EH Food Routine</guideType><isCritical>N</isCritical><isRequired>N</isRequired></GuideSheetItem><GuideSheetItem refId="62@GuideSheetItemModel"><serviceProviderCode>PORTCHESTER</serviceProviderCode><guideItemSeqNbr>50959</guideItemSeqNbr><asiGroupName>EH_FOOD_CK35</asiGroupName><auditModel><auditDate>2016-10-20T21:44:19-04:00</auditDate><auditID>ADMIN</auditID><auditStatus>A</auditStatus></auditModel><guideItemAsiVisible>Y</guideItemAsiVisible><guideItemCommentVisible>Y</guideItemCommentVisible><guideItemDisplay_order>35</guideItemDisplay_order><guideItemStatus>&lt;Select&gt;</guideItemStatus><statusGroupModels><statusGroup refFlag="Y" refId="3@GuideSheetItemStatusGroupModel"/><statusGroup refFlag="Y" refId="4@GuideSheetItemStatusGroupModel"/></statusGroupModels><guideItemStatusGroupName>EH_FOOD_OUT</guideItemStatusGroupName><guideItemStatusVisible>Y</guideItemStatusVisible><guideItemText>Food properly labeled; original container</guideItemText><guideItemTextVisible>Y</guideItemTextVisible><guideSheetItemI18N/><guideType>EH Food Routine</guideType><isCritical>N</isCritical><isRequired>N</isRequired></GuideSheetItem><GuideSheetItem refId="63@GuideSheetItemModel"><serviceProviderCode>PORTCHESTER</serviceProviderCode><guideItemSeqNbr>50960</guideItemSeqNbr><asiGroupName>EH_FOOD_CK36</asiGroupName><auditModel><auditDate>2016-10-20T21:44:19-04:00</auditDate><auditID>ADMIN</auditID><auditStatus>A</auditStatus></auditModel><guideItemAsiVisible>Y</guideItemAsiVisible><guideItemCommentVisible>Y</guideItemCommentVisible><guideItemDisplay_order>36</guideItemDisplay_order><guideItemStatus>&lt;Select&gt;</guideItemStatus><statusGroupModels><statusGroup refFlag="Y" refId="3@GuideSheetItemStatusGroupModel"/><statusGroup refFlag="Y" refId="4@GuideSheetItemStatusGroupModel"/></statusGroupModels><guideItemStatusGroupName>EH_FOOD_OUT</guideItemStatusGroupName><guideItemStatusVisible>Y</guideItemStatusVisible><guideItemText>Insects, rodents, and animals not present</guideItemText><guideItemTextVisible>Y</guideItemTextVisible><guideSheetItemI18N/><guideType>EH Food Routine</guideType><isCritical>N</isCritical><isRequired>N</isRequired></GuideSheetItem><GuideSheetItem refId="64@GuideSheetItemModel"><serviceProviderCode>PORTCHESTER</serviceProviderCode><guideItemSeqNbr>50961</guideItemSeqNbr><asiGroupName>EH_FOOD_CK37</asiGroupName><auditModel><auditDate>2016-10-20T21:44:19-04:00</auditDate><auditID>ADMIN</auditID><auditStatus>A</auditStatus></auditModel><guideItemAsiVisible>Y</guideItemAsiVisible><guideItemCommentVisible>Y</guideItemCommentVisible><guideItemDisplay_order>37</guideItemDisplay_order><guideItemStatus>&lt;Select&gt;</guideItemStatus><statusGroupModels><statusGroup refFlag="Y" refId="3@GuideSheetItemStatusGroupModel"/><statusGroup refFlag="Y" refId="4@GuideSheetItemStatusGroupModel"/></statusGroupModels><guideItemStatusGroupName>EH_FOOD_OUT</guideItemStatusGroupName><guideItemStatusVisible>Y</guideItemStatusVisible><guideItemText>Contamination prevented during food preparation, storage &amp; display</guideItemText><guideItemTextVisible>Y</guideItemTextVisible><guideSheetItemI18N/><guideType>EH Food Routine</guideType><isCritical>N</isCritical><isRequired>N</isRequired></GuideSheetItem><GuideSheetItem refId="65@GuideSheetItemModel"><serviceProviderCode>PORTCHESTER</serviceProviderCode><guideItemSeqNbr>50962</guideItemSeqNbr><asiGroupName>EH_FOOD_CK38</asiGroupName><auditModel><auditDate>2016-10-20T21:44:19-04:00</auditDate><auditID>ADMIN</auditID><auditStatus>A</auditStatus></auditModel><guideItemAsiVisible>Y</guideItemAsiVisible><guideItemCommentVisible>Y</guideItemCommentVisible><guideItemDisplay_order>38</guideItemDisplay_order><guideItemStatus>&lt;Select&gt;</guideItemStatus><statusGroupModels><statusGroup refFlag="Y" refId="3@GuideSheetItemStatusGroupModel"/><statusGroup refFlag="Y" refId="4@GuideSheetItemStatusGroupModel"/></statusGroupModels><guideItemStatusGroupName>EH_FOOD_OUT</guideItemStatusGroupName><guideItemStatusVisible>Y</guideItemStatusVisible><guideItemText>Personal cleanliness</guideItemText><guideItemTextVisible>Y</guideItemTextVisible><guideSheetItemI18N/><guideType>EH Food Routine</guideType><isCritical>N</isCritical><isRequired>N</isRequired></GuideSheetItem><GuideSheetItem refId="66@GuideSheetItemModel"><serviceProviderCode>PORTCHESTER</serviceProviderCode><guideItemSeqNbr>50963</guideItemSeqNbr><asiGroupName>EH_FOOD_CK44</asiGroupName><auditModel><auditDate>2016-10-20T21:44:19-04:00</auditDate><auditID>ADMIN</auditID><auditStatus>A</auditStatus></auditModel><guideItemAsiVisible>Y</guideItemAsiVisible><guideItemCommentVisible>Y</guideItemCommentVisible><guideItemDisplay_order>44</guideItemDisplay_order><guideItemStatus>&lt;Select&gt;</guideItemStatus><statusGroupModels><statusGroup refFlag="Y" refId="3@GuideSheetItemStatusGroupModel"/><statusGroup refFlag="Y" refId="4@GuideSheetItemStatusGroupModel"/></statusGroupModels><guideItemStatusGroupName>EH_FOOD_OUT</guideItemStatusGroupName><guideItemStatusVisible>Y</guideItemStatusVisible><guideItemText>Gloves used properly</guideItemText><guideItemTextVisible>Y</guideItemTextVisible><guideSheetItemI18N/><guideType>EH Food Routine</guideType><isCritical>N</isCritical><isRequired>N</isRequired></GuideSheetItem><GuideSheetItem refId="67@GuideSheetItemModel"><serviceProviderCode>PORTCHESTER</serviceProviderCode><guideItemSeqNbr>50964</guideItemSeqNbr><asiGroupName>EH_FOOD_CK45</asiGroupName><auditModel><auditDate>2016-10-20T21:44:19-04:00</auditDate><auditID>ADMIN</auditID><auditStatus>A</auditStatus></auditModel><guideItemAsiVisible>Y</guideItemAsiVisible><guideItemCommentVisible>Y</guideItemCommentVisible><guideItemDisplay_order>45</guideItemDisplay_order><guideItemStatus>&lt;Select&gt;</guideItemStatus><statusGroupModels><statusGroup refFlag="Y" refId="3@GuideSheetItemStatusGroupModel"/><statusGroup refFlag="Y" refId="4@GuideSheetItemStatusGroupModel"/></statusGroupModels><guideItemStatusGroupName>EH_FOOD_OUT</guideItemStatusGroupName><guideItemStatusVisible>Y</guideItemStatusVisible><guideItemText>Food and nonfood-contact  surfaces cleanable, properly designed, constructed, and used</guideItemText><guideItemTextVisible>Y</guideItemTextVisible><guideSheetItemI18N/><guideType>EH Food Routine</guideType><isCritical>N</isCritical><isRequired>N</isRequired></GuideSheetItem><GuideSheetItem refId="68@GuideSheetItemModel"><serviceProviderCode>PORTCHESTER</serviceProviderCode><guideItemSeqNbr>50965</guideItemSeqNbr><asiGroupName>EH_FOOD_CK46</asiGroupName><auditModel><auditDate>2016-10-20T21:44:19-04:00</auditDate><auditID>ADMIN</auditID><auditStatus>A</auditStatus></auditModel><guideItemAsiVisible>Y</guideItemAsiVisible><guideItemCommentVisible>Y</guideItemCommentVisible><guideItemDisplay_order>46</guideItemDisplay_order><guideItemStatus>&lt;Select&gt;</guideItemStatus><statusGroupModels><statusGroup refFlag="Y" refId="3@GuideSheetItemStatusGroupModel"/><statusGroup refFlag="Y" refId="4@GuideSheetItemStatusGroupModel"/></statusGroupModels><guideItemStatusGroupName>EH_FOOD_OUT</guideItemStatusGroupName><guideItemStatusVisible>Y</guideItemStatusVisible><guideItemText>Warewashing facilities: installed, maintained, used; test strips</guideItemText><guideItemTextVisible>Y</guideItemTextVisible><guideSheetItemI18N/><guideType>EH Food Routine</guideType><isCritical>N</isCritical><isRequired>N</isRequired></GuideSheetItem><GuideSheetItem refId="69@GuideSheetItemModel"><serviceProviderCode>PORTCHESTER</serviceProviderCode><guideItemSeqNbr>50966</guideItemSeqNbr><asiGroupName>EH_FOOD_CK47</asiGroupName><auditModel><auditDate>2016-10-20T21:44:19-04:00</auditDate><auditID>ADMIN</auditID><auditStatus>A</auditStatus></auditModel><guideItemAsiVisible>Y</guideItemAsiVisible><guideItemCommentVisible>Y</guideItemCommentVisible><guideItemDisplay_order>47</guideItemDisplay_order><guideItemStatus>&lt;Select&gt;</guideItemStatus><statusGroupModels><statusGroup refFlag="Y" refId="3@GuideSheetItemStatusGroupModel"/><statusGroup refFlag="Y" refId="4@GuideSheetItemStatusGroupModel"/></statusGroupModels><guideItemStatusGroupName>EH_FOOD_OUT</guideItemStatusGroupName><guideItemStatusVisible>Y</guideItemStatusVisible><guideItemText>Nonfood-contact surfaces clean</guideItemText><guideItemTextVisible>Y</guideItemTextVisible><guideSheetItemI18N/><guideType>EH Food Routine</guideType><isCritical>N</isCritical><isRequired>N</isRequired></GuideSheetItem><GuideSheetItem refId="70@GuideSheetItemModel"><serviceProviderCode>PORTCHESTER</serviceProviderCode><guideItemSeqNbr>50967</guideItemSeqNbr><asiGroupName>EH_FOOD_CK49</asiGroupName><auditModel><auditDate>2016-10-20T21:44:19-04:00</auditDate><auditID>ADMIN</auditID><auditStatus>A</auditStatus></auditModel><guideItemAsiVisible>Y</guideItemAsiVisible><guideItemCommentVisible>Y</guideItemCommentVisible><guideItemDisplay_order>49</guideItemDisplay_order><guideItemStatus>&lt;Select&gt;</guideItemStatus><statusGroupModels><statusGroup refFlag="Y" refId="3@GuideSheetItemStatusGroupModel"/><statusGroup refFlag="Y" refId="4@GuideSheetItemStatusGroupModel"/></statusGroupModels><guideItemStatusGroupName>EH_FOOD_OUT</guideItemStatusGroupName><guideItemStatusVisible>Y</guideItemStatusVisible><guideItemText>Plumbing installed; proper backflow devices</guideItemText><guideItemTextVisible>Y</guideItemTextVisible><guideSheetItemI18N/><guideType>EH Food Routine</guideType><isCritical>N</isCritical><isRequired>N</isRequired></GuideSheetItem><GuideSheetItem refId="71@GuideSheetItemModel"><serviceProviderCode>PORTCHESTER</serviceProviderCode><guideItemSeqNbr>50968</guideItemSeqNbr><asiGroupName>EH_FOOD_CK50</asiGroupName><auditModel><auditDate>2016-10-20T21:44:19-04:00</auditDate><auditID>ADMIN</auditID><auditStatus>A</auditStatus></auditModel><guideItemAsiVisible>Y</guideItemAsiVisible><guideItemCommentVisible>Y</guideItemCommentVisible><guideItemDisplay_order>50</guideItemDisplay_order><guideItemStatus>&lt;Select&gt;</guideItemStatus><statusGroupModels><statusGroup refFlag="Y" refId="3@GuideSheetItemStatusGroupModel"/><statusGroup refFlag="Y" refId="4@GuideSheetItemStatusGroupModel"/></statusGroupModels><guideItemStatusGroupName>EH_FOOD_OUT</guideItemStatusGroupName><guideItemStatusVisible>Y</guideItemStatusVisible><guideItemText>Sewage and waste water properly disposed</guideItemText><guideItemTextVisible>Y</guideItemTextVisible><guideSheetItemI18N/><guideType>EH Food Routine</guideType><isCritical>N</isCritical><isRequired>N</isRequired></GuideSheetItem><GuideSheetItem refId="72@GuideSheetItemModel"><serviceProviderCode>PORTCHESTER</serviceProviderCode><guideItemSeqNbr>50969</guideItemSeqNbr><asiGroupName>EH_FOOD_CK51</asiGroupName><auditModel><auditDate>2016-10-20T21:44:19-04:00</auditDate><auditID>ADMIN</auditID><auditStatus>A</auditStatus></auditModel><guideItemAsiVisible>Y</guideItemAsiVisible><guideItemCommentVisible>Y</guideItemCommentVisible><guideItemDisplay_order>51</guideItemDisplay_order><guideItemStatus>&lt;Select&gt;</guideItemStatus><statusGroupModels><statusGroup refFlag="Y" refId="3@GuideSheetItemStatusGroupModel"/><statusGroup refFlag="Y" refId="4@GuideSheetItemStatusGroupModel"/></statusGroupModels><guideItemStatusGroupName>EH_FOOD_OUT</guideItemStatusGroupName><guideItemStatusVisible>Y</guideItemStatusVisible><guideItemText>Toilet facilities: properly constructed, supplied, cleaned</guideItemText><guideItemTextVisible>Y</guideItemTextVisible><guideSheetItemI18N/><guideType>EH Food Routine</guideType><isCritical>N</isCritical><isRequired>N</isRequired></GuideSheetItem><GuideSheetItem refId="73@GuideSheetItemModel"><serviceProviderCode>PORTCHESTER</serviceProviderCode><guideItemSeqNbr>50970</guideItemSeqNbr><asiGroupName>EH_FOOD_CK52</asiGroupName><auditModel><auditDate>2016-10-20T21:44:19-04:00</auditDate><auditID>ADMIN</auditID><auditStatus>A</auditStatus></auditModel><guideItemAsiVisible>Y</guideItemAsiVisible><guideItemCommentVisible>Y</guideItemCommentVisible><guideItemDisplay_order>52</guideItemDisplay_order><guideItemStatus>&lt;Select&gt;</guideItemStatus><statusGroupModels><statusGroup refFlag="Y" refId="3@GuideSheetItemStatusGroupModel"/><statusGroup refFlag="Y" refId="4@GuideSheetItemStatusGroupModel"/></statusGroupModels><guideItemStatusGroupName>EH_FOOD_OUT</guideItemStatusGroupName><guideItemStatusVisible>Y</guideItemStatusVisible><guideItemText>Garbage/refuse  properly disposed; facilities maintained</guideItemText><guideItemTextVisible>Y</guideItemTextVisible><guideSheetItemI18N/><guideType>EH Food Routine</guideType><isCritical>N</isCritical><isRequired>N</isRequired></GuideSheetItem></GuideSheetItems></guideSheet>
</list>