<?xml version="1.0" encoding="UTF-8" standalone="yes"?>
<list  version="9.0.0" minorVersion="26" exportUser="ADMIN" exportDateTime="08/16/2019 11:56 AM" description="null"><inspectionGroup><inspCode>EH_FOOD_APP</inspCode><servProvCode>PORTCHESTER</servProvCode><inspGroupName>Food Program Application</inspGroupName><inspectionSec>EH_FOOD_APP/%</inspectionSec><inspectionTypeModels><inspectionTypeModel><inspSeqNbr>84020827</inspSeqNbr><servProvCode>PORTCHESTER</servProvCode><allowFailedGuidesheet>Y</allowFailedGuidesheet><allowMultiInspInAca>N</allowMultiInspInAca><autoAssign>N</autoAssign><displayInAca>Y</displayInAca><flowEnabled>N</flowEnabled><guideGroup>EH Food Pre-Operational</guideGroup><inspCode>EH_FOOD_APP</inspCode><inspEditable>Y</inspEditable><inspGroupName>Food Program Application</inspGroupName><inspPriority>10</inspPriority><inspRequired>N</inspRequired><inspResultGroup>EH_GEN</inspResultGroup><inspType>Pre-Operational Inspection</inspType><inspectionRequiredCheckListModels/><inspectionTypeI18ns/><recDate>2016-06-10T16:16:32-04:00</recDate><recFulNam>ADMIN</recFulNam><recStatus>A</recStatus><refInspectionDisciplines/><totalScoreOption>SUM(list)</totalScoreOption><xinspectionTypeCategorys/></inspectionTypeModel><inspectionTypeModel><inspSeqNbr>84020828</inspSeqNbr><servProvCode>PORTCHESTER</servProvCode><allowFailedGuidesheet>Y</allowFailedGuidesheet><allowMultiInspInAca>N</allowMultiInspInAca><autoAssign>N</autoAssign><displayInAca>Y</displayInAca><flowEnabled>N</flowEnabled><guideGroup>EH Food Pre-Operational</guideGroup><inspCode>EH_FOOD_APP</inspCode><inspEditable>Y</inspEditable><inspGroupName>Food Program Application</inspGroupName><inspRequired>N</inspRequired><inspResultGroup>EH_GEN</inspResultGroup><inspType>Follow-up Inspection</inspType><inspectionRequiredCheckListModels/><inspectionTypeI18ns/><recDate>2016-06-10T16:16:32-04:00</recDate><recFulNam>ADMIN</recFulNam><recStatus>A</recStatus><refInspectionDisciplines/><totalScoreOption>SUM(list)</totalScoreOption><xinspectionTypeCategorys/></inspectionTypeModel></inspectionTypeModels><inspectionTypeSecurityModels/><isDepartmentSelected>Y</isDepartmentSelected><isGradeGroupSelected>Y</isGradeGroupSelected><isGuideSheetSelected>Y</isGuideSheetSelected><isRelatedInspSelected>Y</isRelatedInspSelected><isResultGroupSelected>Y</isResultGroupSelected><isSecutirySelected>Y</isSecutirySelected></inspectionGroup>
<inspectionGroup><inspCode>EH_FOOD_PMT</inspCode><servProvCode>PORTCHESTER</servProvCode><inspGroupName>Food Program Permit</inspGroupName><inspectionSec>EH_FOOD_PMT/%</inspectionSec><inspectionTypeModels><inspectionTypeModel><inspSeqNbr>84020829</inspSeqNbr><servProvCode>PORTCHESTER</servProvCode><allowFailedGuidesheet>Y</allowFailedGuidesheet><allowMultiInspInAca>N</allowMultiInspInAca><autoAssign>N</autoAssign><displayInAca>Y</displayInAca><flowEnabled>N</flowEnabled><inspCode>EH_FOOD_PMT</inspCode><inspEditable>Y</inspEditable><inspGroupName>Food Program Permit</inspGroupName><inspPriority>40</inspPriority><inspRequired>N</inspRequired><inspResultGroup>EH_GEN</inspResultGroup><inspType>Follow-up Inspection</inspType><inspectionRequiredCheckListModels/><inspectionTypeI18ns/><recDate>2016-06-01T17:15:26-04:00</recDate><recFulNam>ADMIN</recFulNam><recStatus>A</recStatus><refInspectionDisciplines/><totalScoreOption>SUM(list)</totalScoreOption><xinspectionTypeCategorys/></inspectionTypeModel><inspectionTypeModel><inspSeqNbr>84020830</inspSeqNbr><servProvCode>PORTCHESTER</servProvCode><allowFailedGuidesheet>Y</allowFailedGuidesheet><allowMultiInspInAca>N</allowMultiInspInAca><autoAssign>N</autoAssign><displayInAca>Y</displayInAca><flowEnabled>N</flowEnabled><inspCode>EH_FOOD_PMT</inspCode><inspEditable>Y</inspEditable><inspGroupName>Food Program Permit</inspGroupName><inspPriority>30</inspPriority><inspRequired>N</inspRequired><inspResultGroup>EH_GEN</inspResultGroup><inspType>Complaint Investigation</inspType><inspectionRequiredCheckListModels/><inspectionTypeI18ns/><recDate>2016-06-01T17:15:26-04:00</recDate><recFulNam>ADMIN</recFulNam><recStatus>A</recStatus><refInspectionDisciplines/><totalScoreOption>SUM(list)</totalScoreOption><xinspectionTypeCategorys/></inspectionTypeModel><inspectionTypeModel><inspSeqNbr>84020831</inspSeqNbr><servProvCode>PORTCHESTER</servProvCode><allowFailedGuidesheet>Y</allowFailedGuidesheet><allowMultiInspInAca>N</allowMultiInspInAca><autoAssign>N</autoAssign><displayInAca>Y</displayInAca><flowEnabled>N</flowEnabled><inspCode>EH_FOOD_PMT</inspCode><inspEditable>Y</inspEditable><inspGroupName>Food Program Permit</inspGroupName><inspPriority>10</inspPriority><inspRequired>N</inspRequired><inspResultGroup>EH_GEN</inspResultGroup><inspType>Observational Inspection</inspType><inspectionRequiredCheckListModels/><inspectionTypeI18ns/><recDate>2016-06-01T17:15:26-04:00</recDate><recFulNam>ADMIN</recFulNam><recStatus>A</recStatus><refInspectionDisciplines/><totalScoreOption>SUM(list)</totalScoreOption><xinspectionTypeCategorys/></inspectionTypeModel><inspectionTypeModel><inspSeqNbr>84020832</inspSeqNbr><servProvCode>PORTCHESTER</servProvCode><allowFailedGuidesheet>Y</allowFailedGuidesheet><allowMultiInspInAca>N</allowMultiInspInAca><autoAssign>N</autoAssign><displayInAca>Y</displayInAca><flowEnabled>N</flowEnabled><guideGroup>EH Food Routine</guideGroup><inspCode>EH_FOOD_PMT</inspCode><inspEditable>Y</inspEditable><inspGroupName>Food Program Permit</inspGroupName><inspPriority>20</inspPriority><inspRequired>N</inspRequired><inspResultGroup>EH_GEN</inspResultGroup><inspType>Routine Inspection</inspType><inspectionRequiredCheckListModels/><inspectionTypeI18ns/><recDate>2016-06-01T17:15:26-04:00</recDate><recFulNam>ADMIN</recFulNam><recStatus>A</recStatus><refInspectionDisciplines/><totalScoreOption>SUM(list)</totalScoreOption><xinspectionTypeCategorys/></inspectionTypeModel></inspectionTypeModels><inspectionTypeSecurityModels/><isDepartmentSelected>Y</isDepartmentSelected><isGradeGroupSelected>Y</isGradeGroupSelected><isGuideSheetSelected>Y</isGuideSheetSelected><isRelatedInspSelected>Y</isRelatedInspSelected><isResultGroupSelected>Y</isResultGroupSelected><isSecutirySelected>Y</isSecutirySelected></inspectionGroup>
<inspectionGroup><inspCode>BLD_COMM_RRF</inspCode><servProvCode>PORTCHESTER</servProvCode><inspGroupName>BLD Commercial Re-Roof</inspGroupName><inspectionSec>BLD_COMM_RRF/%</inspectionSec><inspectionTypeModels><inspectionTypeModel><inspSeqNbr>292</inspSeqNbr><servProvCode>PORTCHESTER</servProvCode><allowFailedGuidesheet>Y</allowFailedGuidesheet><allowMultiInspInAca>Y</allowMultiInspInAca><autoAssign>N</autoAssign><displayInAca>Y</displayInAca><flowEnabled>N</flowEnabled><inspCode>BLD_COMM_RRF</inspCode><inspEditable>Y</inspEditable><inspGroupName>BLD Commercial Re-Roof</inspGroupName><inspPriority>1</inspPriority><inspRequired>N</inspRequired><inspResultGroup>BLD_STANDARD</inspResultGroup><inspType>Frame</inspType><inspectionRequiredCheckListModels/><inspectionTypeI18ns/><recDate>2013-03-27T09:38:46-04:00</recDate><recFulNam>ADMIN</recFulNam><recStatus>A</recStatus><refInspectionDisciplines/><totalScoreOption>SUM(list)</totalScoreOption><xinspectionTypeCategorys/></inspectionTypeModel><inspectionTypeModel><inspSeqNbr>293</inspSeqNbr><servProvCode>PORTCHESTER</servProvCode><allowFailedGuidesheet>Y</allowFailedGuidesheet><allowMultiInspInAca>N</allowMultiInspInAca><autoAssign>N</autoAssign><displayInAca>Y</displayInAca><flowEnabled>N</flowEnabled><inspCode>BLD_COMM_RRF</inspCode><inspEditable>Y</inspEditable><inspGroupName>BLD Commercial Re-Roof</inspGroupName><inspPriority>2</inspPriority><inspRequired>N</inspRequired><inspResultGroup>BLD_STANDARD</inspResultGroup><inspType>Roof Final</inspType><inspectionRequiredCheckListModels/><inspectionTypeI18ns/><recDate>2013-03-27T09:38:46-04:00</recDate><recFulNam>ADMIN</recFulNam><recStatus>A</recStatus><refInspectionDisciplines/><totalScoreOption>SUM(list)</totalScoreOption><xinspectionTypeCategorys/></inspectionTypeModel><inspectionTypeModel><inspSeqNbr>294</inspSeqNbr><servProvCode>PORTCHESTER</servProvCode><allowFailedGuidesheet>Y</allowFailedGuidesheet><allowMultiInspInAca>N</allowMultiInspInAca><autoAssign>N</autoAssign><displayInAca>Y</displayInAca><flowEnabled>N</flowEnabled><inspCode>BLD_COMM_RRF</inspCode><inspEditable>Y</inspEditable><inspGroupName>BLD Commercial Re-Roof</inspGroupName><inspPriority>3</inspPriority><inspRequired>N</inspRequired><inspResultGroup>BLD_STANDARD</inspResultGroup><inspType>Progress Check</inspType><inspectionRequiredCheckListModels/><inspectionTypeI18ns/><recDate>2013-03-27T09:38:46-04:00</recDate><recFulNam>ADMIN</recFulNam><recStatus>A</recStatus><refInspectionDisciplines/><totalScoreOption>SUM(list)</totalScoreOption><xinspectionTypeCategorys/></inspectionTypeModel></inspectionTypeModels><inspectionTypeSecurityModels/><isDepartmentSelected>Y</isDepartmentSelected><isGradeGroupSelected>Y</isGradeGroupSelected><isGuideSheetSelected>Y</isGuideSheetSelected><isRelatedInspSelected>Y</isRelatedInspSelected><isResultGroupSelected>Y</isResultGroupSelected><isSecutirySelected>Y</isSecutirySelected></inspectionGroup>
<inspectionGroup><inspCode>BLD_RES</inspCode><servProvCode>PORTCHESTER</servProvCode><inspGroupName>BLD Residential</inspGroupName><inspectionSec>BLD_RES/%</inspectionSec><inspectionTypeModels><inspectionTypeModel><inspSeqNbr>78</inspSeqNbr><servProvCode>PORTCHESTER</servProvCode><allowFailedGuidesheet>Y</allowFailedGuidesheet><allowMultiInspInAca>Y</allowMultiInspInAca><autoAssign>N</autoAssign><displayInAca>Y</displayInAca><flowEnabled>N</flowEnabled><inspCode>BLD_RES</inspCode><inspEditable>Y</inspEditable><inspGroupName>BLD Residential</inspGroupName><inspPriority>4</inspPriority><inspRequired>N</inspRequired><inspResultGroup>BLD_STANDARD</inspResultGroup><inspType>Foundation</inspType><inspectionRequiredCheckListModels/><inspectionTypeI18ns/><recDate>2013-03-13T16:33:41-04:00</recDate><recFulNam>ADMIN</recFulNam><recStatus>A</recStatus><refInspectionDisciplines/><totalScoreOption>SUM(list)</totalScoreOption><xinspectionTypeCategorys/></inspectionTypeModel><inspectionTypeModel><inspSeqNbr>79</inspSeqNbr><servProvCode>PORTCHESTER</servProvCode><allowFailedGuidesheet>Y</allowFailedGuidesheet><allowMultiInspInAca>Y</allowMultiInspInAca><autoAssign>N</autoAssign><displayInAca>Y</displayInAca><flowEnabled>N</flowEnabled><inspCode>BLD_RES</inspCode><inspEditable>Y</inspEditable><inspGroupName>BLD Residential</inspGroupName><inspPriority>6</inspPriority><inspRequired>N</inspRequired><inspResultGroup>BLD_STANDARD</inspResultGroup><inspType>Frame</inspType><inspectionRequiredCheckListModels/><inspectionTypeI18ns/><recDate>2013-03-13T16:33:41-04:00</recDate><recFulNam>ADMIN</recFulNam><recStatus>A</recStatus><refInspectionDisciplines/><totalScoreOption>SUM(list)</totalScoreOption><xinspectionTypeCategorys/></inspectionTypeModel><inspectionTypeModel><inspSeqNbr>80</inspSeqNbr><servProvCode>PORTCHESTER</servProvCode><allowFailedGuidesheet>Y</allowFailedGuidesheet><allowMultiInspInAca>Y</allowMultiInspInAca><autoAssign>N</autoAssign><displayInAca>Y</displayInAca><flowEnabled>N</flowEnabled><inspCode>BLD_RES</inspCode><inspEditable>Y</inspEditable><inspGroupName>BLD Residential</inspGroupName><inspPriority>9</inspPriority><inspRequired>N</inspRequired><inspResultGroup>BLD_STANDARD</inspResultGroup><inspType>Partial/Temp Building Final</inspType><inspectionRequiredCheckListModels/><inspectionTypeI18ns/><recDate>2013-03-13T16:33:41-04:00</recDate><recFulNam>ADMIN</recFulNam><recStatus>A</recStatus><refInspectionDisciplines/><totalScoreOption>SUM(list)</totalScoreOption><xinspectionTypeCategorys/></inspectionTypeModel><inspectionTypeModel><inspSeqNbr>87</inspSeqNbr><servProvCode>PORTCHESTER</servProvCode><allowFailedGuidesheet>Y</allowFailedGuidesheet><allowMultiInspInAca>Y</allowMultiInspInAca><autoAssign>N</autoAssign><displayInAca>Y</displayInAca><flowEnabled>N</flowEnabled><inspCode>BLD_RES</inspCode><inspEditable>Y</inspEditable><inspGroupName>BLD Residential</inspGroupName><inspPriority>5</inspPriority><inspRequired>N</inspRequired><inspResultGroup>BLD_STANDARD</inspResultGroup><inspType>Rough Frame</inspType><inspectionRequiredCheckListModels/><inspectionTypeI18ns/><recDate>2013-03-13T16:33:41-04:00</recDate><recFulNam>ADMIN</recFulNam><recStatus>A</recStatus><refInspectionDisciplines/><totalScoreOption>SUM(list)</totalScoreOption><xinspectionTypeCategorys/></inspectionTypeModel><inspectionTypeModel><inspSeqNbr>88</inspSeqNbr><servProvCode>PORTCHESTER</servProvCode><allowFailedGuidesheet>Y</allowFailedGuidesheet><allowMultiInspInAca>Y</allowMultiInspInAca><autoAssign>N</autoAssign><displayInAca>Y</displayInAca><flowEnabled>N</flowEnabled><inspCode>BLD_RES</inspCode><inspEditable>Y</inspEditable><inspGroupName>BLD Residential</inspGroupName><inspPriority>1</inspPriority><inspRequired>N</inspRequired><inspResultGroup>BLD_STANDARD</inspResultGroup><inspType>Set Backs</inspType><inspectionRequiredCheckListModels/><inspectionTypeI18ns/><recDate>2013-03-13T16:33:41-04:00</recDate><recFulNam>ADMIN</recFulNam><recStatus>A</recStatus><refInspectionDisciplines/><totalScoreOption>SUM(list)</totalScoreOption><xinspectionTypeCategorys/></inspectionTypeModel><inspectionTypeModel><inspSeqNbr>89</inspSeqNbr><servProvCode>PORTCHESTER</servProvCode><allowFailedGuidesheet>Y</allowFailedGuidesheet><allowMultiInspInAca>Y</allowMultiInspInAca><autoAssign>N</autoAssign><displayInAca>Y</displayInAca><flowEnabled>N</flowEnabled><inspCode>BLD_RES</inspCode><inspEditable>Y</inspEditable><inspGroupName>BLD Residential</inspGroupName><inspPriority>3</inspPriority><inspRequired>N</inspRequired><inspResultGroup>BLD_STANDARD</inspResultGroup><inspType>Footings &amp; Forms</inspType><inspectionRequiredCheckListModels/><inspectionTypeI18ns/><recDate>2013-03-13T16:33:41-04:00</recDate><recFulNam>ADMIN</recFulNam><recStatus>A</recStatus><refInspectionDisciplines/><totalScoreOption>SUM(list)</totalScoreOption><xinspectionTypeCategorys/></inspectionTypeModel><inspectionTypeModel><inspSeqNbr>90</inspSeqNbr><servProvCode>PORTCHESTER</servProvCode><allowFailedGuidesheet>Y</allowFailedGuidesheet><allowMultiInspInAca>Y</allowMultiInspInAca><autoAssign>N</autoAssign><displayInAca>Y</displayInAca><flowEnabled>N</flowEnabled><inspCode>BLD_RES</inspCode><inspEditable>Y</inspEditable><inspGroupName>BLD Residential</inspGroupName><inspPriority>7</inspPriority><inspRequired>Y</inspRequired><inspResultGroup>BLD_STANDARD</inspResultGroup><inspType>Floor Deck</inspType><inspectionRequiredCheckListModels/><inspectionTypeI18ns/><recDate>2013-03-13T16:33:41-04:00</recDate><recFulNam>ADMIN</recFulNam><recStatus>A</recStatus><refInspectionDisciplines/><totalScoreOption>SUM(list)</totalScoreOption><xinspectionTypeCategorys/></inspectionTypeModel><inspectionTypeModel><inspSeqNbr>91</inspSeqNbr><servProvCode>PORTCHESTER</servProvCode><allowFailedGuidesheet>Y</allowFailedGuidesheet><allowMultiInspInAca>Y</allowMultiInspInAca><autoAssign>N</autoAssign><displayInAca>Y</displayInAca><flowEnabled>N</flowEnabled><inspCode>BLD_RES</inspCode><inspEditable>Y</inspEditable><inspGroupName>BLD Residential</inspGroupName><inspPriority>8</inspPriority><inspRequired>N</inspRequired><inspResultGroup>BLD_STANDARD</inspResultGroup><inspType>Roof Deck</inspType><inspectionRequiredCheckListModels/><inspectionTypeI18ns/><recDate>2013-03-13T16:33:41-04:00</recDate><recFulNam>ADMIN</recFulNam><recStatus>A</recStatus><refInspectionDisciplines/><totalScoreOption>SUM(list)</totalScoreOption><xinspectionTypeCategorys/></inspectionTypeModel><inspectionTypeModel><inspSeqNbr>92</inspSeqNbr><servProvCode>PORTCHESTER</servProvCode><allowFailedGuidesheet>Y</allowFailedGuidesheet><allowMultiInspInAca>Y</allowMultiInspInAca><autoAssign>N</autoAssign><displayInAca>Y</displayInAca><flowEnabled>N</flowEnabled><inspCode>BLD_RES</inspCode><inspEditable>Y</inspEditable><inspGroupName>BLD Residential</inspGroupName><inspPriority>10</inspPriority><inspRequired>N</inspRequired><inspResultGroup>BLD_STANDARD</inspResultGroup><inspType>Building Final</inspType><inspectionRequiredCheckListModels/><inspectionTypeI18ns/><recDate>2013-03-13T16:33:41-04:00</recDate><recFulNam>ADMIN</recFulNam><recStatus>A</recStatus><refInspectionDisciplines/><totalScoreOption>SUM(list)</totalScoreOption><xinspectionTypeCategorys/></inspectionTypeModel><inspectionTypeModel><inspSeqNbr>93</inspSeqNbr><servProvCode>PORTCHESTER</servProvCode><allowFailedGuidesheet>Y</allowFailedGuidesheet><allowMultiInspInAca>Y</allowMultiInspInAca><autoAssign>N</autoAssign><displayInAca>Y</displayInAca><flowEnabled>N</flowEnabled><inspCode>BLD_RES</inspCode><inspEditable>Y</inspEditable><inspGroupName>BLD Residential</inspGroupName><inspPriority>12</inspPriority><inspRequired>N</inspRequired><inspResultGroup>BLD_STANDARD</inspResultGroup><inspType>Zoning Final</inspType><inspectionRequiredCheckListModels/><inspectionTypeI18ns/><recDate>2013-03-13T16:33:41-04:00</recDate><recFulNam>ADMIN</recFulNam><recStatus>A</recStatus><refInspectionDisciplines/><totalScoreOption>SUM(list)</totalScoreOption><xinspectionTypeCategorys/></inspectionTypeModel><inspectionTypeModel><inspSeqNbr>94</inspSeqNbr><servProvCode>PORTCHESTER</servProvCode><allowFailedGuidesheet>Y</allowFailedGuidesheet><allowMultiInspInAca>Y</allowMultiInspInAca><autoAssign>N</autoAssign><displayInAca>Y</displayInAca><flowEnabled>N</flowEnabled><inspCode>BLD_RES</inspCode><inspEditable>Y</inspEditable><inspGroupName>BLD Residential</inspGroupName><inspPriority>11</inspPriority><inspRequired>N</inspRequired><inspResultGroup>BLD_STANDARD</inspResultGroup><inspType>Fire Final</inspType><inspectionRequiredCheckListModels/><inspectionTypeI18ns/><recDate>2013-03-13T16:33:41-04:00</recDate><recFulNam>ADMIN</recFulNam><recStatus>A</recStatus><refInspectionDisciplines/><totalScoreOption>SUM(list)</totalScoreOption><xinspectionTypeCategorys/></inspectionTypeModel><inspectionTypeModel><inspSeqNbr>95</inspSeqNbr><servProvCode>PORTCHESTER</servProvCode><allowFailedGuidesheet>Y</allowFailedGuidesheet><allowMultiInspInAca>Y</allowMultiInspInAca><autoAssign>N</autoAssign><displayInAca>Y</displayInAca><flowEnabled>N</flowEnabled><inspCode>BLD_RES</inspCode><inspEditable>Y</inspEditable><inspGroupName>BLD Residential</inspGroupName><inspPriority>2</inspPriority><inspRequired>N</inspRequired><inspResultGroup>BLD_STANDARD</inspResultGroup><inspType>Temp Power</inspType><inspectionRequiredCheckListModels/><inspectionTypeI18ns/><recDate>2013-03-13T16:33:41-04:00</recDate><recFulNam>ADMIN</recFulNam><recStatus>A</recStatus><refInspectionDisciplines/><totalScoreOption>SUM(list)</totalScoreOption><xinspectionTypeCategorys/></inspectionTypeModel><inspectionTypeModel><inspSeqNbr>96</inspSeqNbr><servProvCode>PORTCHESTER</servProvCode><allowFailedGuidesheet>Y</allowFailedGuidesheet><allowMultiInspInAca>Y</allowMultiInspInAca><autoAssign>N</autoAssign><displayInAca>Y</displayInAca><flowEnabled>N</flowEnabled><inspCode>BLD_RES</inspCode><inspEditable>Y</inspEditable><inspGroupName>BLD Residential</inspGroupName><inspPriority>13</inspPriority><inspRequired>N</inspRequired><inspResultGroup>BLD_STANDARD</inspResultGroup><inspType>Progress Check</inspType><inspectionRequiredCheckListModels/><inspectionTypeI18ns/><recDate>2013-03-13T16:33:41-04:00</recDate><recFulNam>ADMIN</recFulNam><recStatus>A</recStatus><refInspectionDisciplines/><totalScoreOption>SUM(list)</totalScoreOption><xinspectionTypeCategorys/></inspectionTypeModel></inspectionTypeModels><inspectionTypeSecurityModels/><isDepartmentSelected>Y</isDepartmentSelected><isGradeGroupSelected>Y</isGradeGroupSelected><isGuideSheetSelected>Y</isGuideSheetSelected><isRelatedInspSelected>Y</isRelatedInspSelected><isResultGroupSelected>Y</isResultGroupSelected><isSecutirySelected>Y</isSecutirySelected></inspectionGroup>
<inspectionGroup><inspCode>LIC_MJ_GEN</inspCode><servProvCode>PORTCHESTER</servProvCode><inspGroupName>Excise and Licenses Inspection</inspGroupName><inspectionSec>LIC_MJ_GEN/%</inspectionSec><inspectionTypeModels><inspectionTypeModel><inspSeqNbr>84020732</inspSeqNbr><servProvCode>PORTCHESTER</servProvCode><allowFailedGuidesheet>Y</allowFailedGuidesheet><allowMultiInspInAca>N</allowMultiInspInAca><autoAssign>N</autoAssign><displayInAca>Y</displayInAca><flowEnabled>N</flowEnabled><inspCode>LIC_MJ_GEN</inspCode><inspEditable>Y</inspEditable><inspGroupName>Excise and Licenses Inspection</inspGroupName><inspPriority>10</inspPriority><inspRequired>Y</inspRequired><inspResultGroup>LIC_STANDARD</inspResultGroup><inspType>Excise and Licenses Inspection</inspType><inspectionRequiredCheckListModels/><inspectionTypeI18ns/><recDate>2015-10-29T06:00:19-04:00</recDate><recFulNam>ADMIN</recFulNam><recStatus>A</recStatus><refInspectionDisciplines/><totalScoreOption>SUM(list)</totalScoreOption><xinspectionTypeCategorys/></inspectionTypeModel><inspectionTypeModel><inspSeqNbr>84020742</inspSeqNbr><servProvCode>PORTCHESTER</servProvCode><allowFailedGuidesheet>Y</allowFailedGuidesheet><allowMultiInspInAca>N</allowMultiInspInAca><autoAssign>N</autoAssign><displayInAca>Y</displayInAca><flowEnabled>N</flowEnabled><inspCode>LIC_MJ_GEN</inspCode><inspEditable>Y</inspEditable><inspGroupName>Excise and Licenses Inspection</inspGroupName><inspPriority>20</inspPriority><inspRequired>Y</inspRequired><inspResultGroup>LIC_STANDARD</inspResultGroup><inspType>Posting Inspection</inspType><inspectionRequiredCheckListModels/><inspectionTypeI18ns/><recDate>2016-01-21T04:24:38-05:00</recDate><recFulNam>ADMIN</recFulNam><recStatus>A</recStatus><refInspectionDisciplines/><totalScoreOption>SUM(list)</totalScoreOption><xinspectionTypeCategorys/></inspectionTypeModel></inspectionTypeModels><inspectionTypeSecurityModels/><isDepartmentSelected>Y</isDepartmentSelected><isGradeGroupSelected>Y</isGradeGroupSelected><isGuideSheetSelected>Y</isGuideSheetSelected><isRelatedInspSelected>Y</isRelatedInspSelected><isResultGroupSelected>Y</isResultGroupSelected><isSecutirySelected>Y</isSecutirySelected></inspectionGroup>
</list>