<?xml version="1.0" encoding="UTF-8" standalone="yes"?>
<list  version="9.0.0" minorVersion="26" exportUser="ADMIN" exportDateTime="08/16/2019 11:56 AM" description="null"><organizationagency refId="1@OrganizationAgencyModel"><serviceProviderCode>PORTCHESTER</serviceProviderCode><agencyCode>ADMIN</agencyCode><agencyI18NModels/><agencyName>Admin</agencyName><auditModel><auditDate>2012-02-13T11:26:03-05:00</auditDate><auditID>ADMIN</auditID><auditStatus>A</auditStatus></auditModel></organizationagency>
<organizationagency refId="1@OrganizationAgencyModel"><serviceProviderCode>PORTCHESTER</serviceProviderCode><agencyCode>BUILDING</agencyCode><agencyI18NModels/><agencyName>Building</agencyName><auditModel><auditDate>2011-06-08T14:01:09-04:00</auditDate><auditID>ADMIN</auditID><auditStatus>A</auditStatus></auditModel></organizationagency>
</list>