<?xml version="1.0" encoding="UTF-8" standalone="yes"?>
<list  version="9.0.0" minorVersion="26" exportUser="ADMIN" exportDateTime="08/16/2019 11:56 AM" description="null"><refDocument refId="1@RefDocumentModel"><docCode>EH_FOOD</docCode><docSeqNumber>233436</docSeqNumber><serviceProviderCode>PORTCHESTER</serviceProviderCode><auditModel><auditDate>2016-05-18T17:37:41-04:00</auditDate><auditID>ADMIN</auditID><auditStatus>A</auditStatus></auditModel><autoDownload>N</autoDownload><deleteRole>0101000000</deleteRole><XDocEntityTypes/><docStatusGroup>DOCUMENT STATUS</docStatusGroup><documentComment> </documentComment><refDocumentI18NModels/><documentType>Correspondence</documentType><documentsecurityModels/><restrictDocTypeForACA>Y</restrictDocTypeForACA><reviewStatusGroup>DOCUMENT REVIEW STATUS</reviewStatusGroup><titleRestrictRole>0101000000</titleRestrictRole><uploadRole>0101000000</uploadRole><viewRole>0101000000</viewRole></refDocument>
<refDocument refId="1@RefDocumentModel"><docCode>EH_FOOD</docCode><docSeqNumber>233437</docSeqNumber><serviceProviderCode>PORTCHESTER</serviceProviderCode><auditModel><auditDate>2016-05-18T17:37:31-04:00</auditDate><auditID>ADMIN</auditID><auditStatus>A</auditStatus></auditModel><autoDownload>N</autoDownload><deleteRole>0101000000</deleteRole><XDocEntityTypes/><docStatusGroup>DOCUMENT STATUS</docStatusGroup><documentComment> </documentComment><refDocumentI18NModels/><documentType>Compliance Forms</documentType><documentsecurityModels/><restrictDocTypeForACA>Y</restrictDocTypeForACA><reviewStatusGroup>DOCUMENT REVIEW STATUS</reviewStatusGroup><titleRestrictRole>0101000000</titleRestrictRole><uploadRole>0101000000</uploadRole><viewRole>0101000000</viewRole></refDocument>
<refDocument refId="1@RefDocumentModel"><docCode>EH_FOOD</docCode><docSeqNumber>233438</docSeqNumber><serviceProviderCode>PORTCHESTER</serviceProviderCode><auditModel><auditDate>2016-05-18T17:37:12-04:00</auditDate><auditID>ADMIN</auditID><auditStatus>A</auditStatus></auditModel><autoDownload>N</autoDownload><deleteRole>0101000000</deleteRole><XDocEntityTypes/><docStatusGroup>DOCUMENT STATUS</docStatusGroup><documentComment> </documentComment><refDocumentI18NModels/><documentType>Plans</documentType><documentsecurityModels/><restrictDocTypeForACA>Y</restrictDocTypeForACA><reviewStatusGroup>DOCUMENT REVIEW STATUS</reviewStatusGroup><titleRestrictRole>0101000000</titleRestrictRole><uploadRole>0101000000</uploadRole><viewRole>0101000000</viewRole></refDocument>
<refDocument refId="1@RefDocumentModel"><docCode>BLD_NEW</docCode><docSeqNumber>252805</docSeqNumber><serviceProviderCode>PORTCHESTER</serviceProviderCode><auditModel><auditDate>2019-06-14T09:08:12-04:00</auditDate><auditID>ADMIN</auditID><auditStatus>A</auditStatus></auditModel><autoDownload>N</autoDownload><deleteRole>0110000000</deleteRole><XDocEntityTypes/><documentComment> </documentComment><refDocumentI18NModels/><documentType>Construction Drawings</documentType><documentsecurityModels/><restrictDocTypeForACA>Y</restrictDocTypeForACA><titleRestrictRole>1111110000</titleRestrictRole><uploadRole>0110000000</uploadRole><viewRole>0110000000</viewRole></refDocument>
<refDocument refId="1@RefDocumentModel"><docCode>BLD_NEW</docCode><docSeqNumber>252806</docSeqNumber><serviceProviderCode>PORTCHESTER</serviceProviderCode><auditModel><auditDate>2019-06-14T09:09:09-04:00</auditDate><auditID>ADMIN</auditID><auditStatus>A</auditStatus></auditModel><autoDownload>N</autoDownload><deleteRole>0110000000</deleteRole><XDocEntityTypes/><documentComment> </documentComment><refDocumentI18NModels/><documentType>ABR</documentType><documentsecurityModels/><restrictDocTypeForACA>Y</restrictDocTypeForACA><titleRestrictRole>1111110000</titleRestrictRole><uploadRole>0110000000</uploadRole><viewRole>0110000000</viewRole></refDocument>
<refDocument refId="1@RefDocumentModel"><docCode>BLD_NEW</docCode><docSeqNumber>252807</docSeqNumber><serviceProviderCode>PORTCHESTER</serviceProviderCode><auditModel><auditDate>2019-06-14T09:09:25-04:00</auditDate><auditID>ADMIN</auditID><auditStatus>A</auditStatus></auditModel><autoDownload>N</autoDownload><deleteRole>0110000000</deleteRole><XDocEntityTypes/><documentComment> </documentComment><refDocumentI18NModels/><documentType>Survey</documentType><documentsecurityModels/><restrictDocTypeForACA>Y</restrictDocTypeForACA><titleRestrictRole>1111110000</titleRestrictRole><uploadRole>0110000000</uploadRole><viewRole>0110000000</viewRole></refDocument>
<refDocument refId="1@RefDocumentModel"><docCode>BLD_NEW</docCode><docSeqNumber>252808</docSeqNumber><serviceProviderCode>PORTCHESTER</serviceProviderCode><auditModel><auditDate>2019-06-14T09:09:41-04:00</auditDate><auditID>ADMIN</auditID><auditStatus>A</auditStatus></auditModel><autoDownload>N</autoDownload><deleteRole>0110000000</deleteRole><XDocEntityTypes/><documentComment> </documentComment><refDocumentI18NModels/><documentType>Site Plan</documentType><documentsecurityModels/><restrictDocTypeForACA>Y</restrictDocTypeForACA><titleRestrictRole>0110000000</titleRestrictRole><uploadRole>0110000000</uploadRole><viewRole>0110000000</viewRole></refDocument>
<refDocument refId="1@RefDocumentModel"><docCode>BLD_NEW</docCode><docSeqNumber>252809</docSeqNumber><serviceProviderCode>PORTCHESTER</serviceProviderCode><auditModel><auditDate>2019-06-14T09:09:57-04:00</auditDate><auditID>ADMIN</auditID><auditStatus>A</auditStatus></auditModel><autoDownload>N</autoDownload><deleteRole>0110000000</deleteRole><XDocEntityTypes/><documentComment> </documentComment><refDocumentI18NModels/><documentType>Workers Compensation Insurance</documentType><documentsecurityModels/><restrictDocTypeForACA>Y</restrictDocTypeForACA><titleRestrictRole>0110000000</titleRestrictRole><uploadRole>0110000000</uploadRole><viewRole>0110000000</viewRole></refDocument>
<refDocument refId="1@RefDocumentModel"><docCode>BLD_NEW</docCode><docSeqNumber>252810</docSeqNumber><serviceProviderCode>PORTCHESTER</serviceProviderCode><auditModel><auditDate>2019-06-14T09:10:18-04:00</auditDate><auditID>ADMIN</auditID><auditStatus>A</auditStatus></auditModel><autoDownload>N</autoDownload><deleteRole>0110000000</deleteRole><XDocEntityTypes/><documentComment> </documentComment><refDocumentI18NModels/><documentType>Disability Insurance</documentType><documentsecurityModels/><restrictDocTypeForACA>Y</restrictDocTypeForACA><titleRestrictRole>1111110000</titleRestrictRole><uploadRole>0110000000</uploadRole><viewRole>0110000000</viewRole></refDocument>
<refDocument refId="1@RefDocumentModel"><docCode>BLD_NEW</docCode><docSeqNumber>252811</docSeqNumber><serviceProviderCode>PORTCHESTER</serviceProviderCode><auditModel><auditDate>2019-06-14T09:10:48-04:00</auditDate><auditID>ADMIN</auditID><auditStatus>A</auditStatus></auditModel><autoDownload>N</autoDownload><deleteRole>0110000000</deleteRole><XDocEntityTypes/><documentComment> </documentComment><refDocumentI18NModels/><documentType>Affidavit of Cost</documentType><documentsecurityModels/><restrictDocTypeForACA>Y</restrictDocTypeForACA><titleRestrictRole>0110000000</titleRestrictRole><uploadRole>0110000000</uploadRole><viewRole>0110000000</viewRole></refDocument>
<refDocument refId="1@RefDocumentModel"><docCode>BLD</docCode><docSeqNumber>4981</docSeqNumber><serviceProviderCode>PORTCHESTER</serviceProviderCode><auditModel><auditDate>2013-04-09T15:23:18-04:00</auditDate><auditID>ADMIN</auditID><auditStatus>A</auditStatus></auditModel><autoDownload>N</autoDownload><deleteRole>0000000000</deleteRole><XDocEntityTypes/><docStatusGroup>DOCUMENT STATUS</docStatusGroup><documentComment> </documentComment><refDocumentI18NModels/><documentType>Construction Plans</documentType><documentsecurityModels/><restrictDocTypeForACA>Y</restrictDocTypeForACA><reviewStatusGroup>DOCUMENT REVIEW STATUS</reviewStatusGroup><titleRestrictRole>0111000000</titleRestrictRole><uploadRole>0000000000</uploadRole><viewRole>0111000000</viewRole></refDocument>
<refDocument refId="1@RefDocumentModel"><docCode>BLD</docCode><docSeqNumber>4982</docSeqNumber><serviceProviderCode>PORTCHESTER</serviceProviderCode><auditModel><auditDate>2013-04-09T15:23:34-04:00</auditDate><auditID>ADMIN</auditID><auditStatus>A</auditStatus></auditModel><autoDownload>N</autoDownload><deleteRole>0000000000</deleteRole><XDocEntityTypes/><docStatusGroup>DOCUMENT STATUS</docStatusGroup><documentComment> </documentComment><refDocumentI18NModels/><documentType>Plans</documentType><documentsecurityModels/><restrictDocTypeForACA>Y</restrictDocTypeForACA><reviewStatusGroup>DOCUMENT REVIEW STATUS</reviewStatusGroup><titleRestrictRole>0111000000</titleRestrictRole><uploadRole>0000000000</uploadRole><viewRole>0111000000</viewRole></refDocument>
<refDocument refId="1@RefDocumentModel"><docCode>BLD</docCode><docSeqNumber>4983</docSeqNumber><serviceProviderCode>PORTCHESTER</serviceProviderCode><auditModel><auditDate>2013-04-02T16:58:43-04:00</auditDate><auditID>ADMIN</auditID><auditStatus>A</auditStatus></auditModel><autoDownload>N</autoDownload><deleteRole>0000000000</deleteRole><XDocEntityTypes/><documentComment> </documentComment><refDocumentI18NModels/><documentType>Photos</documentType><documentsecurityModels/><restrictDocTypeForACA>Y</restrictDocTypeForACA><titleRestrictRole>0111000000</titleRestrictRole><uploadRole>0000000000</uploadRole><viewRole>0111000000</viewRole></refDocument>
<refDocument refId="1@RefDocumentModel"><docCode>BLD</docCode><docSeqNumber>4984</docSeqNumber><serviceProviderCode>PORTCHESTER</serviceProviderCode><auditModel><auditDate>2013-04-02T16:58:52-04:00</auditDate><auditID>ADMIN</auditID><auditStatus>A</auditStatus></auditModel><autoDownload>N</autoDownload><deleteRole>0000000000</deleteRole><XDocEntityTypes/><documentComment> </documentComment><refDocumentI18NModels/><documentType>Correspondence</documentType><documentsecurityModels/><restrictDocTypeForACA>Y</restrictDocTypeForACA><titleRestrictRole>0111000000</titleRestrictRole><uploadRole>0000000000</uploadRole><viewRole>0111000000</viewRole></refDocument>
<refDocument refId="1@RefDocumentModel"><docCode>BLD</docCode><docSeqNumber>4985</docSeqNumber><serviceProviderCode>PORTCHESTER</serviceProviderCode><auditModel><auditDate>2013-04-02T16:59:01-04:00</auditDate><auditID>ADMIN</auditID><auditStatus>A</auditStatus></auditModel><autoDownload>N</autoDownload><deleteRole>0000000000</deleteRole><XDocEntityTypes/><documentComment> </documentComment><refDocumentI18NModels/><documentType>Document</documentType><documentsecurityModels/><restrictDocTypeForACA>Y</restrictDocTypeForACA><titleRestrictRole>0111000000</titleRestrictRole><uploadRole>0000000000</uploadRole><viewRole>0111000000</viewRole></refDocument>
<refDocument refId="1@RefDocumentModel"><docCode>BLD</docCode><docSeqNumber>4990</docSeqNumber><serviceProviderCode>PORTCHESTER</serviceProviderCode><auditModel><auditDate>2013-04-02T15:37:39-04:00</auditDate><auditID>ADMIN</auditID><auditStatus>A</auditStatus></auditModel><autoDownload>N</autoDownload><deleteRole>0000000000</deleteRole><XDocEntityTypes/><documentComment> </documentComment><refDocumentI18NModels/><documentType>Permit</documentType><documentsecurityModels/><restrictDocTypeForACA>Y</restrictDocTypeForACA><titleRestrictRole>0111000000</titleRestrictRole><uploadRole>0000000000</uploadRole><viewRole>0111000000</viewRole></refDocument>
<refDocument refId="1@RefDocumentModel"><docCode>BLD</docCode><docSeqNumber>4991</docSeqNumber><serviceProviderCode>PORTCHESTER</serviceProviderCode><auditModel><auditDate>2013-04-02T16:47:03-04:00</auditDate><auditID>ADMIN</auditID><auditStatus>A</auditStatus></auditModel><autoDownload>N</autoDownload><deleteRole>0000000000</deleteRole><XDocEntityTypes/><documentComment> </documentComment><refDocumentI18NModels/><documentType>Certificate of Occupancy</documentType><documentsecurityModels/><restrictDocTypeForACA>Y</restrictDocTypeForACA><titleRestrictRole>0111000000</titleRestrictRole><uploadRole>0000000000</uploadRole><viewRole>0111000000</viewRole></refDocument>
<refDocument refId="1@RefDocumentModel"><docCode>BLD</docCode><docSeqNumber>4992</docSeqNumber><serviceProviderCode>PORTCHESTER</serviceProviderCode><auditModel><auditDate>2013-04-09T15:23:49-04:00</auditDate><auditID>ADMIN</auditID><auditStatus>A</auditStatus></auditModel><autoDownload>N</autoDownload><deleteRole>0000000000</deleteRole><XDocEntityTypes/><docStatusGroup>DOCUMENT STATUS</docStatusGroup><documentComment> </documentComment><refDocumentI18NModels/><documentType>Site Plans</documentType><documentsecurityModels/><restrictDocTypeForACA>Y</restrictDocTypeForACA><reviewStatusGroup>DOCUMENT REVIEW STATUS</reviewStatusGroup><titleRestrictRole>0111000000</titleRestrictRole><uploadRole>0000000000</uploadRole><viewRole>0111000000</viewRole></refDocument>
<refDocument refId="1@RefDocumentModel"><docCode>BLD</docCode><docSeqNumber>5000</docSeqNumber><serviceProviderCode>PORTCHESTER</serviceProviderCode><auditModel><auditDate>2013-04-18T13:43:52-04:00</auditDate><auditID>ADMIN</auditID><auditStatus>A</auditStatus></auditModel><autoDownload>N</autoDownload><deleteRole>0000000000</deleteRole><XDocEntityTypes/><documentComment> </documentComment><refDocumentI18NModels/><documentType>Email</documentType><documentsecurityModels/><restrictDocTypeForACA>Y</restrictDocTypeForACA><titleRestrictRole>0111000000</titleRestrictRole><uploadRole>0000000000</uploadRole><viewRole>0111000000</viewRole></refDocument>
<refDocument refId="1@RefDocumentModel"><docCode>LIC_PET</docCode><docSeqNumber>5002</docSeqNumber><serviceProviderCode>PORTCHESTER</serviceProviderCode><auditModel><auditDate>2013-11-20T16:21:27-05:00</auditDate><auditID>ADMIN</auditID><auditStatus>A</auditStatus></auditModel><autoDownload>N</autoDownload><deleteRole>0101100000</deleteRole><XDocEntityTypes/><documentComment> </documentComment><refDocumentI18NModels/><documentType>Vaccination Certificate</documentType><documentsecurityModels/><restrictDocTypeForACA>Y</restrictDocTypeForACA><titleRestrictRole>0101100000</titleRestrictRole><uploadRole>0101100000</uploadRole><viewRole>0101100000</viewRole></refDocument>
<refDocument refId="1@RefDocumentModel"><docCode>LIC_PET</docCode><docSeqNumber>5003</docSeqNumber><serviceProviderCode>PORTCHESTER</serviceProviderCode><auditModel><auditDate>2013-11-20T16:21:51-05:00</auditDate><auditID>ADMIN</auditID><auditStatus>A</auditStatus></auditModel><autoDownload>N</autoDownload><deleteRole>0101100000</deleteRole><XDocEntityTypes/><documentComment> </documentComment><refDocumentI18NModels/><documentType>Proof of Spayed/Neutered</documentType><documentsecurityModels/><restrictDocTypeForACA>Y</restrictDocTypeForACA><titleRestrictRole>0101100000</titleRestrictRole><uploadRole>0101100000</uploadRole><viewRole>0101100000</viewRole></refDocument>
<refDocument refId="1@RefDocumentModel"><docCode>LIC_PET</docCode><docSeqNumber>5004</docSeqNumber><serviceProviderCode>PORTCHESTER</serviceProviderCode><auditModel><auditDate>2013-11-20T16:22:10-05:00</auditDate><auditID>ADMIN</auditID><auditStatus>A</auditStatus></auditModel><autoDownload>N</autoDownload><deleteRole>0101100000</deleteRole><XDocEntityTypes/><documentComment> </documentComment><refDocumentI18NModels/><documentType>Service Dog Certification</documentType><documentsecurityModels/><restrictDocTypeForACA>Y</restrictDocTypeForACA><titleRestrictRole>0101100000</titleRestrictRole><uploadRole>0101100000</uploadRole><viewRole>0101100000</viewRole></refDocument>
<refDocument refId="1@RefDocumentModel"><docCode>LIC_PET</docCode><docSeqNumber>5005</docSeqNumber><serviceProviderCode>PORTCHESTER</serviceProviderCode><auditModel><auditDate>2014-02-12T11:58:43-05:00</auditDate><auditID>ADMIN</auditID><auditStatus>A</auditStatus></auditModel><autoDownload>N</autoDownload><deleteRole>0111000000</deleteRole><XDocEntityTypes/><documentComment> </documentComment><refDocumentI18NModels/><documentType>Photo</documentType><documentsecurityModels/><restrictDocTypeForACA>Y</restrictDocTypeForACA><titleRestrictRole>0111000000</titleRestrictRole><uploadRole>0111000000</uploadRole><viewRole>0111000000</viewRole></refDocument>
<refDocument refId="1@RefDocumentModel"><docCode>LIC</docCode><docSeqNumber>4904</docSeqNumber><serviceProviderCode>PORTCHESTER</serviceProviderCode><auditModel><auditDate>2012-02-28T14:35:05-05:00</auditDate><auditID>ADMIN</auditID><auditStatus>A</auditStatus></auditModel><autoDownload>N</autoDownload><deleteRole>0000000000</deleteRole><XDocEntityTypes/><documentComment> </documentComment><refDocumentI18NModels/><documentType>Transcript</documentType><documentsecurityModels/><restrictDocTypeForACA>Y</restrictDocTypeForACA><reviewStatusGroup>FILE_REVIEW_STATUS</reviewStatusGroup><titleRestrictRole>0111000000</titleRestrictRole><uploadRole>0111000000</uploadRole><viewRole>0111000000</viewRole></refDocument>
<refDocument refId="1@RefDocumentModel"><docCode>LIC</docCode><docSeqNumber>4905</docSeqNumber><serviceProviderCode>PORTCHESTER</serviceProviderCode><auditModel><auditDate>2012-02-28T14:35:36-05:00</auditDate><auditID>ADMIN</auditID><auditStatus>A</auditStatus></auditModel><autoDownload>N</autoDownload><deleteRole>0000000000</deleteRole><XDocEntityTypes/><documentComment> </documentComment><refDocumentI18NModels/><documentType>Photo</documentType><documentsecurityModels/><restrictDocTypeForACA>Y</restrictDocTypeForACA><reviewStatusGroup>FILE_REVIEW_STATUS</reviewStatusGroup><titleRestrictRole>0111000000</titleRestrictRole><uploadRole>0111000000</uploadRole><viewRole>0111000000</viewRole></refDocument>
<refDocument refId="1@RefDocumentModel"><docCode>LIC</docCode><docSeqNumber>4906</docSeqNumber><serviceProviderCode>PORTCHESTER</serviceProviderCode><auditModel><auditDate>2012-02-28T14:43:19-05:00</auditDate><auditID>ADMIN</auditID><auditStatus>A</auditStatus></auditModel><autoDownload>N</autoDownload><deleteRole>0000000000</deleteRole><XDocEntityTypes/><documentComment> </documentComment><refDocumentI18NModels/><documentType>Exam Result</documentType><documentsecurityModels/><restrictDocTypeForACA>Y</restrictDocTypeForACA><reviewStatusGroup>FILE_REVIEW_STATUS</reviewStatusGroup><titleRestrictRole>0111000000</titleRestrictRole><uploadRole>0111000000</uploadRole><viewRole>0111000000</viewRole></refDocument>
<refDocument refId="1@RefDocumentModel"><docCode>LIC</docCode><docSeqNumber>4907</docSeqNumber><serviceProviderCode>PORTCHESTER</serviceProviderCode><auditModel><auditDate>2012-02-28T14:43:52-05:00</auditDate><auditID>ADMIN</auditID><auditStatus>A</auditStatus></auditModel><autoDownload>N</autoDownload><deleteRole>0000000000</deleteRole><XDocEntityTypes/><documentComment> </documentComment><refDocumentI18NModels/><documentType>Letter of Recommendation</documentType><documentsecurityModels/><restrictDocTypeForACA>Y</restrictDocTypeForACA><reviewStatusGroup>FILE_REVIEW_STATUS</reviewStatusGroup><titleRestrictRole>0111000000</titleRestrictRole><uploadRole>0111000000</uploadRole><viewRole>0111000000</viewRole></refDocument>
<refDocument refId="1@RefDocumentModel"><docCode>LIC</docCode><docSeqNumber>4908</docSeqNumber><serviceProviderCode>PORTCHESTER</serviceProviderCode><auditModel><auditDate>2012-02-28T14:44:29-05:00</auditDate><auditID>ADMIN</auditID><auditStatus>A</auditStatus></auditModel><autoDownload>N</autoDownload><deleteRole>0000000000</deleteRole><XDocEntityTypes/><documentComment> </documentComment><refDocumentI18NModels/><documentType>Public Orders</documentType><documentsecurityModels/><restrictDocTypeForACA>Y</restrictDocTypeForACA><reviewStatusGroup>FILE_REVIEW_STATUS</reviewStatusGroup><titleRestrictRole>1111110000</titleRestrictRole><uploadRole>0000000000</uploadRole><viewRole>1111110000</viewRole></refDocument>
<refDocument refId="1@RefDocumentModel"><docCode>LIC</docCode><docSeqNumber>4913</docSeqNumber><serviceProviderCode>PORTCHESTER</serviceProviderCode><auditModel><auditDate>2012-05-10T10:56:50-04:00</auditDate><auditID>ADMIN</auditID><auditStatus>A</auditStatus></auditModel><autoDownload>N</autoDownload><deleteRole>0110000000</deleteRole><XDocEntityTypes/><documentComment> </documentComment><refDocumentI18NModels/><documentType>Outgoing Email</documentType><documentsecurityModels/><restrictDocTypeForACA>Y</restrictDocTypeForACA><titleRestrictRole>0110000000</titleRestrictRole><uploadRole>0110000000</uploadRole><viewRole>0110000000</viewRole></refDocument>
<refDocument refId="1@RefDocumentModel"><docCode>LIC</docCode><docSeqNumber>5007</docSeqNumber><serviceProviderCode>PORTCHESTER</serviceProviderCode><auditModel><auditDate>2014-03-25T10:45:53-04:00</auditDate><auditID>ADMIN</auditID><auditStatus>A</auditStatus></auditModel><autoDownload>N</autoDownload><deleteRole>0000000000</deleteRole><XDocEntityTypes/><documentComment> </documentComment><refDocumentI18NModels/><documentType>Renewal Letter</documentType><documentsecurityModels/><restrictDocTypeForACA>Y</restrictDocTypeForACA><titleRestrictRole>0101000000</titleRestrictRole><uploadRole>0000000000</uploadRole><viewRole>0101000000</viewRole></refDocument>
</list>