<?xml version="1.0" encoding="UTF-8" standalone="yes"?>
<list  version="9.0.0" minorVersion="26" exportUser="ADMIN" exportDateTime="08/16/2019 11:56 AM" description="null"><mask><name>Default</name><serviceProviderCode>PORTCHESTER</serviceProviderCode><type>Cap Key</type><auditModel><auditDate>2014-03-20T13:46:14-04:00</auditDate><auditID>SYSTEM</auditID><auditStatus>A</auditStatus></auditModel><description>Default Cap Key Mask</description><maxLength>17</maxLength><minLength>17</minLength><pattern>REC$$yy$$-00000-$$SEQ05$$</pattern><radixValue>36</radixValue><seqName>Default</seqName></mask>
<mask><name>EnvHealth/Food//Application</name><serviceProviderCode>PORTCHESTER</serviceProviderCode><type>Cap ID</type><auditModel><auditDate>2017-01-09T17:27:27-05:00</auditDate><auditID>SYSTEM</auditID><auditStatus>A</auditStatus></auditModel><description> </description><maxLength>30</maxLength><minLength>1</minLength><pattern>EHA-$$YYYY$$-$$SEQ06$$</pattern><radixValue>10</radixValue><seqName>EnvHealth///Application</seqName></mask>
<mask><name>Default</name><serviceProviderCode>PORTCHESTER</serviceProviderCode><type>Partial CAP ID</type><auditModel><auditDate>2008-03-11T07:29:47-04:00</auditDate><auditID>ADMIN</auditID><auditStatus>A</auditStatus></auditModel><description>Mask Definition for Partial CAP ID</description><maxLength>30</maxLength><minLength>1</minLength><pattern>$$yy$$EST-$$SEQ06$$</pattern><radixValue>10</radixValue><seqName>Default</seqName></mask>
<mask><name>Agency-Receipt</name><serviceProviderCode>PORTCHESTER</serviceProviderCode><type>Receipt</type><auditModel><auditDate>2011-08-09T07:07:28-04:00</auditDate><auditID>SYSTEM</auditID><auditStatus>A</auditStatus></auditModel><description>Mask Definition for Receipt Number</description><maxLength>30</maxLength><minLength>1</minLength><pattern>$$SEQ12$$</pattern><radixValue>10</radixValue><seqName>Agency-Receipt</seqName></mask>
<mask><name>Default</name><serviceProviderCode>PORTCHESTER</serviceProviderCode><type>Temporary CAP ID</type><auditModel><auditDate>2008-03-11T07:29:47-04:00</auditDate><auditID>ADMIN</auditID><auditStatus>A</auditStatus></auditModel><description>Mask Definition for Temporary CAP ID</description><maxLength>30</maxLength><minLength>1</minLength><pattern>$$yy$$TMP-$$SEQ06$$</pattern><radixValue>10</radixValue><seqName>Default</seqName></mask>
<mask><name>EnvHealth/Food//Permit</name><serviceProviderCode>PORTCHESTER</serviceProviderCode><type>Cap ID</type><auditModel><auditDate>2017-01-09T17:29:59-05:00</auditDate><auditID>SYSTEM</auditID><auditStatus>A</auditStatus></auditModel><description> </description><maxLength>30</maxLength><minLength>1</minLength><pattern>EH-$$SEQ06$$</pattern><radixValue>10</radixValue><seqName>EnvHealth///Permit</seqName></mask>
<mask><name>Building/New/*/*</name><serviceProviderCode>PORTCHESTER</serviceProviderCode><type>Cap ID</type><auditModel><auditDate>2019-06-04T11:32:27-04:00</auditDate><auditID>SYSTEM</auditID><auditStatus>A</auditStatus></auditModel><description> </description><maxLength>30</maxLength><minLength>1</minLength><pattern>BLD-$$yy$$-$$SEQ05$$</pattern><radixValue>10</radixValue><seqName>Building/New/*/*</seqName></mask>
<mask><name>Building/Re-Roof/Commercial/NA</name><serviceProviderCode>PORTCHESTER</serviceProviderCode><type>Cap ID</type><auditModel><auditDate>2017-01-02T16:12:59-05:00</auditDate><auditID>SYSTEM</auditID><auditStatus>A</auditStatus></auditModel><description> </description><maxLength>30</maxLength><minLength>1</minLength><pattern>BLD-$$yyyy$$-$$SEQ05$$</pattern><radixValue>10</radixValue><seqName>Building///</seqName></mask>
<mask><name>Building/Residential/New/NA</name><serviceProviderCode>PORTCHESTER</serviceProviderCode><type>Cap ID</type><auditModel><auditDate>2017-01-02T16:14:02-05:00</auditDate><auditID>SYSTEM</auditID><auditStatus>A</auditStatus></auditModel><description> </description><maxLength>30</maxLength><minLength>1</minLength><pattern>BLD-$$yyyy$$-$$SEQ05$$</pattern><radixValue>10</radixValue><seqName>Building///</seqName></mask>
<mask><name>Licenses/Animal/Dog/Application</name><serviceProviderCode>PORTCHESTER</serviceProviderCode><type>Cap ID</type><auditModel><auditDate>2017-01-05T11:57:03-05:00</auditDate><auditID>SYSTEM</auditID><auditStatus>A</auditStatus></auditModel><description> </description><maxLength>30</maxLength><minLength>1</minLength><pattern>PETA-$$yyyy$$-$$SEQ05$$</pattern><radixValue>10</radixValue><seqName>Licenses/Animal//Application</seqName></mask>
<mask><name>Licenses/Business//License</name><serviceProviderCode>PORTCHESTER</serviceProviderCode><type>Cap ID</type><auditModel><auditDate>2015-11-11T09:58:04-05:00</auditDate><auditID>SYSTEM</auditID><auditStatus>A</auditStatus></auditModel><description> </description><maxLength>30</maxLength><minLength>1</minLength><pattern>BUS$$YY$$-$$SEQ05$$</pattern><radixValue>10</radixValue><seqName>Licenses/Business//License</seqName></mask>
<mask><name>Licenses/Business//Application</name><serviceProviderCode>PORTCHESTER</serviceProviderCode><type>Cap ID</type><auditModel><auditDate>2017-01-05T11:57:16-05:00</auditDate><auditID>SYSTEM</auditID><auditStatus>A</auditStatus></auditModel><description> </description><maxLength>30</maxLength><minLength>1</minLength><pattern>BUSA-$$yyyy$$-$$SEQ05$$</pattern><radixValue>10</radixValue><seqName>Licenses/Business//Application</seqName></mask>
<mask><name>EnvHealth/Food//Renewal</name><serviceProviderCode>PORTCHESTER</serviceProviderCode><type>Cap ID</type><auditModel><auditDate>2017-01-09T17:31:28-05:00</auditDate><auditID>SYSTEM</auditID><auditStatus>A</auditStatus></auditModel><description> </description><maxLength>30</maxLength><minLength>1</minLength><pattern>EHR-$$YYYY$$-$$SEQ06$$</pattern><radixValue>10</radixValue><seqName>EnvHealth///Renewal</seqName></mask>
<mask><name>Licenses/Business//Renewal</name><serviceProviderCode>PORTCHESTER</serviceProviderCode><type>Cap ID</type><auditModel><auditDate>2017-01-06T17:32:36-05:00</auditDate><auditID>SYSTEM</auditID><auditStatus>A</auditStatus></auditModel><description> </description><maxLength>30</maxLength><minLength>1</minLength><pattern>BUSR-$$YYYY$$-$$SEQ06$$</pattern><radixValue>10</radixValue><seqName>Licenses/Business//Renewal</seqName></mask>
</list>