<?xml version="1.0" encoding="UTF-8" standalone="yes"?>
<list  version="9.0.0" minorVersion="26" exportUser="ADMIN" exportDateTime="08/16/2019 11:56 AM" description="null"><refInspResultGroup><inspResultGroup>EH_GEN</inspResultGroup><resultCatrgory>RESULT</resultCatrgory><serviceProviderCode>PORTCHESTER</serviceProviderCode><inspectionResultGroupModels><inspectionResultGroupModel refId="1@InspectionResultGroupModel"><serviceProviderCode>PORTCHESTER</serviceProviderCode><inspResultGroup>EH_GEN</inspResultGroup><inspResult>Fails to Meet Standards</inspResult><resultCatrgory>RESULT</resultCatrgory><auditModel><auditDate>2016-05-23T20:06:00-04:00</auditDate><auditID>ADMIN</auditID><auditStatus>A</auditStatus></auditModel><inspResultDisplayOrder>30</inspResultDisplayOrder><inspResultGroupI18Ns/><inspResultType>DENIED</inspResultType></inspectionResultGroupModel><inspectionResultGroupModel refId="2@InspectionResultGroupModel"><serviceProviderCode>PORTCHESTER</serviceProviderCode><inspResultGroup>EH_GEN</inspResultGroup><inspResult>Meets Standards</inspResult><resultCatrgory>RESULT</resultCatrgory><auditModel><auditDate>2016-05-23T20:06:00-04:00</auditDate><auditID>ADMIN</auditID><auditStatus>A</auditStatus></auditModel><inspResultDisplayOrder>20</inspResultDisplayOrder><inspResultGroupI18Ns/><inspResultType>APPROVED</inspResultType></inspectionResultGroupModel><inspectionResultGroupModel refId="3@InspectionResultGroupModel"><serviceProviderCode>PORTCHESTER</serviceProviderCode><inspResultGroup>EH_GEN</inspResultGroup><inspResult>Pending</inspResult><resultCatrgory>RESULT</resultCatrgory><auditModel><auditDate>2016-05-23T20:06:00-04:00</auditDate><auditID>ADMIN</auditID><auditStatus>A</auditStatus></auditModel><inspResultDisplayOrder>10</inspResultDisplayOrder><inspResultGroupI18Ns/><inspResultType>PENDING</inspResultType></inspectionResultGroupModel></inspectionResultGroupModels></refInspResultGroup>
<refInspResultGroup><inspResultGroup>BLD_STANDARD</inspResultGroup><resultCatrgory>RESULT</resultCatrgory><serviceProviderCode>PORTCHESTER</serviceProviderCode><inspectionResultGroupModels><inspectionResultGroupModel refId="1@InspectionResultGroupModel"><serviceProviderCode>PORTCHESTER</serviceProviderCode><inspResultGroup>BLD_STANDARD</inspResultGroup><inspResult>Cancelled</inspResult><resultCatrgory>RESULT</resultCatrgory><auditModel><auditDate>2011-11-03T16:23:35-04:00</auditDate><auditID>ADMIN</auditID><auditStatus>A</auditStatus></auditModel><inspResultDisplayOrder>4</inspResultDisplayOrder><inspResultGroupI18Ns/><inspResultType>DENIED</inspResultType></inspectionResultGroupModel><inspectionResultGroupModel refId="2@InspectionResultGroupModel"><serviceProviderCode>PORTCHESTER</serviceProviderCode><inspResultGroup>BLD_STANDARD</inspResultGroup><inspResult>OK for Service</inspResult><resultCatrgory>RESULT</resultCatrgory><auditModel><auditDate>2011-11-03T16:23:35-04:00</auditDate><auditID>ADMIN</auditID><auditStatus>A</auditStatus></auditModel><inspResultDisplayOrder>5</inspResultDisplayOrder><inspResultGroupI18Ns/><inspResultType>APPROVED</inspResultType></inspectionResultGroupModel><inspectionResultGroupModel refId="3@InspectionResultGroupModel"><serviceProviderCode>PORTCHESTER</serviceProviderCode><inspResultGroup>BLD_STANDARD</inspResultGroup><inspResult>Partial</inspResult><resultCatrgory>RESULT</resultCatrgory><auditModel><auditDate>2011-11-03T16:23:35-04:00</auditDate><auditID>ADMIN</auditID><auditStatus>A</auditStatus></auditModel><inspResultDisplayOrder>3</inspResultDisplayOrder><inspResultGroupI18Ns/><inspResultType>APPROVED</inspResultType></inspectionResultGroupModel><inspectionResultGroupModel refId="4@InspectionResultGroupModel"><serviceProviderCode>PORTCHESTER</serviceProviderCode><inspResultGroup>BLD_STANDARD</inspResultGroup><inspResult>Passed</inspResult><resultCatrgory>RESULT</resultCatrgory><auditModel><auditDate>2011-11-03T16:23:35-04:00</auditDate><auditID>ADMIN</auditID><auditStatus>A</auditStatus></auditModel><inspResultDisplayOrder>1</inspResultDisplayOrder><inspResultGroupI18Ns/><inspResultType>APPROVED</inspResultType></inspectionResultGroupModel><inspectionResultGroupModel refId="5@InspectionResultGroupModel"><serviceProviderCode>PORTCHESTER</serviceProviderCode><inspResultGroup>BLD_STANDARD</inspResultGroup><inspResult>Pending</inspResult><resultCatrgory>RESULT</resultCatrgory><auditModel><auditDate>2014-10-14T12:30:21-04:00</auditDate><auditID>ADMIN</auditID><auditStatus>A</auditStatus></auditModel><inspResultDisplayOrder>6</inspResultDisplayOrder><inspResultGroupI18Ns/><inspResultType>PENDING</inspResultType></inspectionResultGroupModel><inspectionResultGroupModel refId="6@InspectionResultGroupModel"><serviceProviderCode>PORTCHESTER</serviceProviderCode><inspResultGroup>BLD_STANDARD</inspResultGroup><inspResult>Rejected</inspResult><resultCatrgory>RESULT</resultCatrgory><auditModel><auditDate>2011-11-03T16:23:35-04:00</auditDate><auditID>ADMIN</auditID><auditStatus>A</auditStatus></auditModel><inspResultDisplayOrder>2</inspResultDisplayOrder><inspResultGroupI18Ns/><inspResultType>DENIED</inspResultType></inspectionResultGroupModel></inspectionResultGroupModels></refInspResultGroup>
<refInspResultGroup><inspResultGroup>LIC_STANDARD</inspResultGroup><resultCatrgory>RESULT</resultCatrgory><serviceProviderCode>PORTCHESTER</serviceProviderCode><inspectionResultGroupModels><inspectionResultGroupModel refId="1@InspectionResultGroupModel"><serviceProviderCode>PORTCHESTER</serviceProviderCode><inspResultGroup>LIC_STANDARD</inspResultGroup><inspResult>Failed</inspResult><resultCatrgory>RESULT</resultCatrgory><auditModel><auditDate>2013-11-21T17:31:20-05:00</auditDate><auditID>ADMIN</auditID><auditStatus>A</auditStatus></auditModel><inspResultDisplayOrder>3</inspResultDisplayOrder><inspResultGroupI18Ns/><inspResultType>DENIED</inspResultType></inspectionResultGroupModel><inspectionResultGroupModel refId="2@InspectionResultGroupModel"><serviceProviderCode>PORTCHESTER</serviceProviderCode><inspResultGroup>LIC_STANDARD</inspResultGroup><inspResult>Passed</inspResult><resultCatrgory>RESULT</resultCatrgory><auditModel><auditDate>2013-11-21T17:31:20-05:00</auditDate><auditID>ADMIN</auditID><auditStatus>A</auditStatus></auditModel><inspResultDisplayOrder>2</inspResultDisplayOrder><inspResultGroupI18Ns/><inspResultType>APPROVED</inspResultType></inspectionResultGroupModel><inspectionResultGroupModel refId="3@InspectionResultGroupModel"><serviceProviderCode>PORTCHESTER</serviceProviderCode><inspResultGroup>LIC_STANDARD</inspResultGroup><inspResult>Pending</inspResult><resultCatrgory>RESULT</resultCatrgory><auditModel><auditDate>2013-11-21T17:31:20-05:00</auditDate><auditID>ADMIN</auditID><auditStatus>A</auditStatus></auditModel><inspResultDisplayOrder>1</inspResultDisplayOrder><inspResultGroupI18Ns/><inspResultType>PENDING</inspResultType></inspectionResultGroupModel></inspectionResultGroupModels></refInspResultGroup>
</list>