<?xml version="1.0" encoding="UTF-8" standalone="yes"?>
<list  version="9.0.0" minorVersion="26" exportUser="ADMIN" exportDateTime="08/16/2019 11:56 AM" description="null"><sequence refId="1@SequenceModel"><name>Default</name><serviceProviderCode>PORTCHESTER</serviceProviderCode><type>Cap Key</type><auditModel><auditDate>2011-06-06T11:25:34-04:00</auditDate><auditID>SYSTEM</auditID><auditStatus>A</auditStatus></auditModel><cacheSize>1</cacheSize><description>Default Cap Key</description><increaseValue>1</increaseValue><intervalType>CY</intervalType><minValue>1</minValue><resetAction>E</resetAction><resetValue>60466175</resetValue><sequenceIntervalModels><sequenceInterval><intervalName>CY2011</intervalName><sequenceName>Default</sequenceName><sequenceType>Cap Key</sequenceType><serviceProviderCode>PORTCHESTER</serviceProviderCode><auditModel><auditDate>2011-12-29T12:44:35-05:00</auditDate><auditID>SYSTEM@(*&amp;$@#</auditID><auditStatus>A</auditStatus></auditModel><lastSequenceNbr>0</lastSequenceNbr></sequenceInterval><sequenceInterval><intervalName>CY2012</intervalName><sequenceName>Default</sequenceName><sequenceType>Cap Key</sequenceType><serviceProviderCode>PORTCHESTER</serviceProviderCode><auditModel><auditDate>2012-09-17T09:40:48-04:00</auditDate><auditID>SYSTEM@(*&amp;$@#</auditID><auditStatus>A</auditStatus></auditModel><lastSequenceNbr>0</lastSequenceNbr></sequenceInterval><sequenceInterval><intervalName>CY2013</intervalName><sequenceName>Default</sequenceName><sequenceType>Cap Key</sequenceType><serviceProviderCode>PORTCHESTER</serviceProviderCode><auditModel><auditDate>2013-12-02T14:57:50-05:00</auditDate><auditID>SYSTEM@(*&amp;$@#</auditID><auditStatus>A</auditStatus></auditModel><lastSequenceNbr>0</lastSequenceNbr></sequenceInterval><sequenceInterval><intervalName>CY2014</intervalName><sequenceName>Default</sequenceName><sequenceType>Cap Key</sequenceType><serviceProviderCode>PORTCHESTER</serviceProviderCode><auditModel><auditDate>2014-09-22T12:54:31-04:00</auditDate><auditID>SYSTEM@(*&amp;$@#</auditID><auditStatus>A</auditStatus></auditModel><lastSequenceNbr>0</lastSequenceNbr></sequenceInterval><sequenceInterval><intervalName>CY2015</intervalName><sequenceName>Default</sequenceName><sequenceType>Cap Key</sequenceType><serviceProviderCode>PORTCHESTER</serviceProviderCode><auditModel><auditDate>2015-12-17T15:58:44-05:00</auditDate><auditID>SYSTEM@(*&amp;$@#</auditID><auditStatus>A</auditStatus></auditModel><lastSequenceNbr>0</lastSequenceNbr></sequenceInterval><sequenceInterval><intervalName>CY2016</intervalName><sequenceName>Default</sequenceName><sequenceType>Cap Key</sequenceType><serviceProviderCode>PORTCHESTER</serviceProviderCode><auditModel><auditDate>2016-12-26T17:15:54-05:00</auditDate><auditID>SYSTEM@(*&amp;$@#</auditID><auditStatus>A</auditStatus></auditModel><lastSequenceNbr>0</lastSequenceNbr></sequenceInterval><sequenceInterval><intervalName>CY2017</intervalName><sequenceName>Default</sequenceName><sequenceType>Cap Key</sequenceType><serviceProviderCode>PORTCHESTER</serviceProviderCode><auditModel><auditDate>2017-01-26T15:53:34-05:00</auditDate><auditID>SYSTEM@(*&amp;$@#</auditID><auditStatus>A</auditStatus></auditModel><lastSequenceNbr>0</lastSequenceNbr></sequenceInterval><sequenceInterval><intervalName>CY2018</intervalName><sequenceName>Default</sequenceName><sequenceType>Cap Key</sequenceType><serviceProviderCode>PORTCHESTER</serviceProviderCode><auditModel><auditDate>2018-08-13T14:57:20-04:00</auditDate><auditID>SYSTEM@(*&amp;$@#</auditID><auditStatus>A</auditStatus></auditModel><lastSequenceNbr>154</lastSequenceNbr></sequenceInterval><sequenceInterval><intervalName>CY2019</intervalName><sequenceName>Default</sequenceName><sequenceType>Cap Key</sequenceType><serviceProviderCode>PORTCHESTER</serviceProviderCode><auditModel><auditDate>2019-08-16T11:47:53-04:00</auditDate><auditID>SYSTEM@(*&amp;$@#</auditID><auditStatus>A</auditStatus></auditModel><lastSequenceNbr>48</lastSequenceNbr></sequenceInterval></sequenceIntervalModels></sequence>
<sequence refId="1@SequenceModel"><name>EnvHealth///Application</name><serviceProviderCode>PORTCHESTER</serviceProviderCode><type>Cap ID</type><auditModel><auditDate>2016-01-12T19:28:46-05:00</auditDate><auditID>SYSTEM</auditID><auditStatus>A</auditStatus></auditModel><cacheSize>1</cacheSize><description> </description><increaseValue>1</increaseValue><intervalType>CY</intervalType><minValue>1</minValue><resetAction>E</resetAction><resetValue>99999</resetValue><sequenceIntervalModels><sequenceInterval><intervalName>CY2016</intervalName><sequenceName>EnvHealth///Application</sequenceName><sequenceType>Cap ID</sequenceType><serviceProviderCode>PORTCHESTER</serviceProviderCode><auditModel><auditDate>2016-12-22T23:16:25-05:00</auditDate><auditID>SYSTEM@(*&amp;$@#</auditID><auditStatus>A</auditStatus></auditModel><lastSequenceNbr>0</lastSequenceNbr></sequenceInterval><sequenceInterval><intervalName>CY2017</intervalName><sequenceName>EnvHealth///Application</sequenceName><sequenceType>Cap ID</sequenceType><serviceProviderCode>PORTCHESTER</serviceProviderCode><auditModel><auditDate>2017-01-26T15:40:47-05:00</auditDate><auditID>SYSTEM@(*&amp;$@#</auditID><auditStatus>A</auditStatus></auditModel><lastSequenceNbr>0</lastSequenceNbr></sequenceInterval><sequenceInterval><intervalName>CY2018</intervalName><sequenceName>EnvHealth///Application</sequenceName><sequenceType>Cap ID</sequenceType><serviceProviderCode>PORTCHESTER</serviceProviderCode><auditModel><auditDate>2018-01-17T07:24:42-05:00</auditDate><auditID>SYSTEM@(*&amp;$@#</auditID><auditStatus>A</auditStatus></auditModel><lastSequenceNbr>1</lastSequenceNbr></sequenceInterval></sequenceIntervalModels></sequence>
<sequence refId="1@SequenceModel"><name>Default</name><serviceProviderCode>PORTCHESTER</serviceProviderCode><type>Partial CAP ID</type><auditModel><auditDate>2008-03-11T08:29:47-04:00</auditDate><auditID>ADMIN</auditID><auditStatus>A</auditStatus></auditModel><cacheSize>1</cacheSize><description>Default sequence Definition for Partial CAP ID</description><increaseValue>1</increaseValue><intervalType>CY</intervalType><minValue>1</minValue><resetAction>E</resetAction><resetValue>999999</resetValue><sequenceIntervalModels><sequenceInterval><intervalName>CY</intervalName><sequenceName>Default</sequenceName><sequenceType>Partial CAP ID</sequenceType><serviceProviderCode>PORTCHESTER</serviceProviderCode><auditModel><auditDate>2008-03-11T07:29:47-04:00</auditDate><auditID>ADMIN</auditID><auditStatus>A</auditStatus></auditModel><lastSequenceNbr>0</lastSequenceNbr></sequenceInterval><sequenceInterval><intervalName>CY2011</intervalName><sequenceName>Default</sequenceName><sequenceType>Partial CAP ID</sequenceType><serviceProviderCode>PORTCHESTER</serviceProviderCode><auditModel><auditDate>2011-12-15T11:32:10-05:00</auditDate><auditID>SYSTEM@(*&amp;$@#</auditID><auditStatus>A</auditStatus></auditModel><lastSequenceNbr>0</lastSequenceNbr></sequenceInterval><sequenceInterval><intervalName>CY2012</intervalName><sequenceName>Default</sequenceName><sequenceType>Partial CAP ID</sequenceType><serviceProviderCode>PORTCHESTER</serviceProviderCode><auditModel><auditDate>2012-08-28T13:22:45-04:00</auditDate><auditID>SYSTEM@(*&amp;$@#</auditID><auditStatus>A</auditStatus></auditModel><lastSequenceNbr>0</lastSequenceNbr></sequenceInterval><sequenceInterval><intervalName>CY2013</intervalName><sequenceName>Default</sequenceName><sequenceType>Partial CAP ID</sequenceType><serviceProviderCode>PORTCHESTER</serviceProviderCode><auditModel><auditDate>2013-08-19T14:12:02-04:00</auditDate><auditID>SYSTEM@(*&amp;$@#</auditID><auditStatus>A</auditStatus></auditModel><lastSequenceNbr>0</lastSequenceNbr></sequenceInterval><sequenceInterval><intervalName>CY2015</intervalName><sequenceName>Default</sequenceName><sequenceType>Partial CAP ID</sequenceType><serviceProviderCode>PORTCHESTER</serviceProviderCode><auditModel><auditDate>2015-12-16T00:33:48-05:00</auditDate><auditID>SYSTEM@(*&amp;$@#</auditID><auditStatus>A</auditStatus></auditModel><lastSequenceNbr>0</lastSequenceNbr></sequenceInterval><sequenceInterval><intervalName>CY2016</intervalName><sequenceName>Default</sequenceName><sequenceType>Partial CAP ID</sequenceType><serviceProviderCode>PORTCHESTER</serviceProviderCode><auditModel><auditDate>2016-04-29T02:34:12-04:00</auditDate><auditID>SYSTEM@(*&amp;$@#</auditID><auditStatus>A</auditStatus></auditModel><lastSequenceNbr>0</lastSequenceNbr></sequenceInterval><sequenceInterval><intervalName>CY2018</intervalName><sequenceName>Default</sequenceName><sequenceType>Partial CAP ID</sequenceType><serviceProviderCode>PORTCHESTER</serviceProviderCode><auditModel><auditDate>2018-08-13T14:54:35-04:00</auditDate><auditID>SYSTEM@(*&amp;$@#</auditID><auditStatus>A</auditStatus></auditModel><lastSequenceNbr>14</lastSequenceNbr></sequenceInterval><sequenceInterval><intervalName>CY2019</intervalName><sequenceName>Default</sequenceName><sequenceType>Partial CAP ID</sequenceType><serviceProviderCode>PORTCHESTER</serviceProviderCode><auditModel><auditDate>2019-06-20T14:38:36-04:00</auditDate><auditID>SYSTEM@(*&amp;$@#</auditID><auditStatus>A</auditStatus></auditModel><lastSequenceNbr>1</lastSequenceNbr></sequenceInterval></sequenceIntervalModels></sequence>
<sequence refId="1@SequenceModel"><name>Agency-Receipt</name><serviceProviderCode>PORTCHESTER</serviceProviderCode><type>Receipt</type><auditModel><auditDate>2011-08-09T07:07:28-04:00</auditDate><auditID>SYSTEM</auditID><auditStatus>A</auditStatus></auditModel><cacheSize>1</cacheSize><description>Sequence Definition for Receipt Number</description><increaseValue>1</increaseValue><intervalType>N</intervalType><minValue>1</minValue><resetAction>E</resetAction><resetValue>999999999999</resetValue><sequenceIntervalModels><sequenceInterval><intervalName>N</intervalName><sequenceName>Agency-Receipt</sequenceName><sequenceType>Receipt</sequenceType><serviceProviderCode>PORTCHESTER</serviceProviderCode><auditModel><auditDate>2018-07-26T15:24:25-04:00</auditDate><auditID>TESTDRIVE</auditID><auditStatus>A</auditStatus></auditModel><lastSequenceNbr>61</lastSequenceNbr></sequenceInterval></sequenceIntervalModels></sequence>
<sequence refId="1@SequenceModel"><name>Default</name><serviceProviderCode>PORTCHESTER</serviceProviderCode><type>Temporary CAP ID</type><auditModel><auditDate>2008-03-11T08:29:47-04:00</auditDate><auditID>ADMIN</auditID><auditStatus>A</auditStatus></auditModel><cacheSize>1</cacheSize><description>Default sequence Definition for Temporary CAP ID</description><increaseValue>1</increaseValue><intervalType>CY</intervalType><minValue>1</minValue><resetAction>E</resetAction><resetValue>999999</resetValue><sequenceIntervalModels><sequenceInterval><intervalName>CY</intervalName><sequenceName>Default</sequenceName><sequenceType>Temporary CAP ID</sequenceType><serviceProviderCode>PORTCHESTER</serviceProviderCode><auditModel><auditDate>2008-03-11T07:29:47-04:00</auditDate><auditID>ADMIN</auditID><auditStatus>A</auditStatus></auditModel><lastSequenceNbr>0</lastSequenceNbr></sequenceInterval><sequenceInterval><intervalName>CY2011</intervalName><sequenceName>Default</sequenceName><sequenceType>Temporary CAP ID</sequenceType><serviceProviderCode>PORTCHESTER</serviceProviderCode><auditModel><auditDate>2011-12-15T11:24:20-05:00</auditDate><auditID>SYSTEM@(*&amp;$@#</auditID><auditStatus>A</auditStatus></auditModel><lastSequenceNbr>0</lastSequenceNbr></sequenceInterval><sequenceInterval><intervalName>CY2012</intervalName><sequenceName>Default</sequenceName><sequenceType>Temporary CAP ID</sequenceType><serviceProviderCode>PORTCHESTER</serviceProviderCode><auditModel><auditDate>2012-12-05T15:22:03-05:00</auditDate><auditID>SYSTEM@(*&amp;$@#</auditID><auditStatus>A</auditStatus></auditModel><lastSequenceNbr>0</lastSequenceNbr></sequenceInterval><sequenceInterval><intervalName>CY2013</intervalName><sequenceName>Default</sequenceName><sequenceType>Temporary CAP ID</sequenceType><serviceProviderCode>PORTCHESTER</serviceProviderCode><auditModel><auditDate>2013-11-05T13:49:13-05:00</auditDate><auditID>SYSTEM@(*&amp;$@#</auditID><auditStatus>A</auditStatus></auditModel><lastSequenceNbr>0</lastSequenceNbr></sequenceInterval><sequenceInterval><intervalName>CY2014</intervalName><sequenceName>Default</sequenceName><sequenceType>Temporary CAP ID</sequenceType><serviceProviderCode>PORTCHESTER</serviceProviderCode><auditModel><auditDate>2014-09-16T10:35:59-04:00</auditDate><auditID>SYSTEM@(*&amp;$@#</auditID><auditStatus>A</auditStatus></auditModel><lastSequenceNbr>0</lastSequenceNbr></sequenceInterval><sequenceInterval><intervalName>CY2015</intervalName><sequenceName>Default</sequenceName><sequenceType>Temporary CAP ID</sequenceType><serviceProviderCode>PORTCHESTER</serviceProviderCode><auditModel><auditDate>2015-12-17T15:57:55-05:00</auditDate><auditID>SYSTEM@(*&amp;$@#</auditID><auditStatus>A</auditStatus></auditModel><lastSequenceNbr>0</lastSequenceNbr></sequenceInterval><sequenceInterval><intervalName>CY2016</intervalName><sequenceName>Default</sequenceName><sequenceType>Temporary CAP ID</sequenceType><serviceProviderCode>PORTCHESTER</serviceProviderCode><auditModel><auditDate>2016-12-26T17:14:52-05:00</auditDate><auditID>SYSTEM@(*&amp;$@#</auditID><auditStatus>A</auditStatus></auditModel><lastSequenceNbr>0</lastSequenceNbr></sequenceInterval><sequenceInterval><intervalName>CY2017</intervalName><sequenceName>Default</sequenceName><sequenceType>Temporary CAP ID</sequenceType><serviceProviderCode>PORTCHESTER</serviceProviderCode><auditModel><auditDate>2017-01-26T11:35:37-05:00</auditDate><auditID>SYSTEM@(*&amp;$@#</auditID><auditStatus>A</auditStatus></auditModel><lastSequenceNbr>0</lastSequenceNbr></sequenceInterval><sequenceInterval><intervalName>CY2018</intervalName><sequenceName>Default</sequenceName><sequenceType>Temporary CAP ID</sequenceType><serviceProviderCode>PORTCHESTER</serviceProviderCode><auditModel><auditDate>2018-12-11T16:58:08-05:00</auditDate><auditID>SYSTEM@(*&amp;$@#</auditID><auditStatus>A</auditStatus></auditModel><lastSequenceNbr>123</lastSequenceNbr></sequenceInterval><sequenceInterval><intervalName>CY2019</intervalName><sequenceName>Default</sequenceName><sequenceType>Temporary CAP ID</sequenceType><serviceProviderCode>PORTCHESTER</serviceProviderCode><auditModel><auditDate>2019-08-13T17:05:08-04:00</auditDate><auditID>SYSTEM@(*&amp;$@#</auditID><auditStatus>A</auditStatus></auditModel><lastSequenceNbr>54</lastSequenceNbr></sequenceInterval></sequenceIntervalModels></sequence>
<sequence refId="1@SequenceModel"><name>EnvHealth///Permit</name><serviceProviderCode>PORTCHESTER</serviceProviderCode><type>Cap ID</type><auditModel><auditDate>2016-01-19T00:20:43-05:00</auditDate><auditID>SYSTEM</auditID><auditStatus>A</auditStatus></auditModel><cacheSize>1</cacheSize><description> </description><increaseValue>1</increaseValue><intervalType>CY</intervalType><minValue>1</minValue><resetAction>E</resetAction><resetValue>999999</resetValue><sequenceIntervalModels><sequenceInterval><intervalName>CY2016</intervalName><sequenceName>EnvHealth///Permit</sequenceName><sequenceType>Cap ID</sequenceType><serviceProviderCode>PORTCHESTER</serviceProviderCode><auditModel><auditDate>2016-12-23T14:00:49-05:00</auditDate><auditID>SYSTEM@(*&amp;$@#</auditID><auditStatus>A</auditStatus></auditModel><lastSequenceNbr>0</lastSequenceNbr></sequenceInterval><sequenceInterval><intervalName>CY2017</intervalName><sequenceName>EnvHealth///Permit</sequenceName><sequenceType>Cap ID</sequenceType><serviceProviderCode>PORTCHESTER</serviceProviderCode><auditModel><auditDate>2017-01-26T15:42:25-05:00</auditDate><auditID>SYSTEM@(*&amp;$@#</auditID><auditStatus>A</auditStatus></auditModel><lastSequenceNbr>0</lastSequenceNbr></sequenceInterval></sequenceIntervalModels></sequence>
<sequence refId="1@SequenceModel"><name>Building/New/*/*</name><serviceProviderCode>PORTCHESTER</serviceProviderCode><type>Cap ID</type><auditModel><auditDate>2019-06-04T11:30:53-04:00</auditDate><auditID>SYSTEM</auditID><auditStatus>A</auditStatus></auditModel><cacheSize>1</cacheSize><description> </description><increaseValue>1</increaseValue><intervalType>CY</intervalType><minValue>1</minValue><resetAction>E</resetAction><resetValue>99999</resetValue><sequenceIntervalModels><sequenceInterval><intervalName>CY2019</intervalName><sequenceName>Building/New/*/*</sequenceName><sequenceType>Cap ID</sequenceType><serviceProviderCode>PORTCHESTER</serviceProviderCode><auditModel><auditDate>2019-08-16T11:47:53-04:00</auditDate><auditID>SYSTEM@(*&amp;$@#</auditID><auditStatus>A</auditStatus></auditModel><lastSequenceNbr>43</lastSequenceNbr></sequenceInterval></sequenceIntervalModels></sequence>
<sequence refId="1@SequenceModel"><name>Building///</name><serviceProviderCode>PORTCHESTER</serviceProviderCode><type>Cap ID</type><auditModel><auditDate>2013-03-14T09:49:59-04:00</auditDate><auditID>SYSTEM</auditID><auditStatus>A</auditStatus></auditModel><cacheSize>1</cacheSize><description> </description><increaseValue>1</increaseValue><intervalType>CY</intervalType><minValue>1</minValue><resetAction>E</resetAction><resetValue>99999</resetValue><sequenceIntervalModels><sequenceInterval><intervalName>CY2013</intervalName><sequenceName>Building///</sequenceName><sequenceType>Cap ID</sequenceType><serviceProviderCode>PORTCHESTER</serviceProviderCode><auditModel><auditDate>2013-11-13T10:11:58-05:00</auditDate><auditID>SYSTEM@(*&amp;$@#</auditID><auditStatus>A</auditStatus></auditModel><lastSequenceNbr>0</lastSequenceNbr></sequenceInterval><sequenceInterval><intervalName>CY2014</intervalName><sequenceName>Building///</sequenceName><sequenceType>Cap ID</sequenceType><serviceProviderCode>PORTCHESTER</serviceProviderCode><auditModel><auditDate>2014-09-09T17:13:44-04:00</auditDate><auditID>SYSTEM@(*&amp;$@#</auditID><auditStatus>A</auditStatus></auditModel><lastSequenceNbr>0</lastSequenceNbr></sequenceInterval><sequenceInterval><intervalName>CY2015</intervalName><sequenceName>Building///</sequenceName><sequenceType>Cap ID</sequenceType><serviceProviderCode>PORTCHESTER</serviceProviderCode><auditModel><auditDate>2015-11-05T16:04:55-05:00</auditDate><auditID>SYSTEM@(*&amp;$@#</auditID><auditStatus>A</auditStatus></auditModel><lastSequenceNbr>0</lastSequenceNbr></sequenceInterval><sequenceInterval><intervalName>CY2016</intervalName><sequenceName>Building///</sequenceName><sequenceType>Cap ID</sequenceType><serviceProviderCode>PORTCHESTER</serviceProviderCode><auditModel><auditDate>2016-12-22T17:13:51-05:00</auditDate><auditID>SYSTEM@(*&amp;$@#</auditID><auditStatus>A</auditStatus></auditModel><lastSequenceNbr>0</lastSequenceNbr></sequenceInterval><sequenceInterval><intervalName>CY2017</intervalName><sequenceName>Building///</sequenceName><sequenceType>Cap ID</sequenceType><serviceProviderCode>PORTCHESTER</serviceProviderCode><auditModel><auditDate>2017-01-17T15:40:55-05:00</auditDate><auditID>SYSTEM@(*&amp;$@#</auditID><auditStatus>A</auditStatus></auditModel><lastSequenceNbr>0</lastSequenceNbr></sequenceInterval><sequenceInterval><intervalName>CY2018</intervalName><sequenceName>Building///</sequenceName><sequenceType>Cap ID</sequenceType><serviceProviderCode>PORTCHESTER</serviceProviderCode><auditModel><auditDate>2018-07-26T11:59:50-04:00</auditDate><auditID>SYSTEM@(*&amp;$@#</auditID><auditStatus>A</auditStatus></auditModel><lastSequenceNbr>56</lastSequenceNbr></sequenceInterval><sequenceInterval><intervalName>CY2019</intervalName><sequenceName>Building///</sequenceName><sequenceType>Cap ID</sequenceType><serviceProviderCode>PORTCHESTER</serviceProviderCode><auditModel><auditDate>2019-08-13T17:01:32-04:00</auditDate><auditID>SYSTEM@(*&amp;$@#</auditID><auditStatus>A</auditStatus></auditModel><lastSequenceNbr>1</lastSequenceNbr></sequenceInterval></sequenceIntervalModels></sequence>
<sequence refId="1@SequenceModel"><name>Licenses/Animal//Application</name><serviceProviderCode>PORTCHESTER</serviceProviderCode><type>Cap ID</type><auditModel><auditDate>2013-11-19T17:31:38-05:00</auditDate><auditID>SYSTEM</auditID><auditStatus>A</auditStatus></auditModel><cacheSize>1</cacheSize><description> </description><increaseValue>1</increaseValue><intervalType>CY</intervalType><minValue>1</minValue><resetAction>E</resetAction><resetValue>99999</resetValue><sequenceIntervalModels><sequenceInterval><intervalName>CY2013</intervalName><sequenceName>Licenses/Animal//Application</sequenceName><sequenceType>Cap ID</sequenceType><serviceProviderCode>PORTCHESTER</serviceProviderCode><auditModel><auditDate>2013-12-02T14:48:39-05:00</auditDate><auditID>SYSTEM@(*&amp;$@#</auditID><auditStatus>A</auditStatus></auditModel><lastSequenceNbr>0</lastSequenceNbr></sequenceInterval><sequenceInterval><intervalName>CY2014</intervalName><sequenceName>Licenses/Animal//Application</sequenceName><sequenceType>Cap ID</sequenceType><serviceProviderCode>PORTCHESTER</serviceProviderCode><auditModel><auditDate>2014-08-27T13:55:03-04:00</auditDate><auditID>SYSTEM@(*&amp;$@#</auditID><auditStatus>A</auditStatus></auditModel><lastSequenceNbr>0</lastSequenceNbr></sequenceInterval><sequenceInterval><intervalName>CY2015</intervalName><sequenceName>Licenses/Animal//Application</sequenceName><sequenceType>Cap ID</sequenceType><serviceProviderCode>PORTCHESTER</serviceProviderCode><auditModel><auditDate>2015-09-03T13:29:17-04:00</auditDate><auditID>SYSTEM@(*&amp;$@#</auditID><auditStatus>A</auditStatus></auditModel><lastSequenceNbr>0</lastSequenceNbr></sequenceInterval><sequenceInterval><intervalName>CY2016</intervalName><sequenceName>Licenses/Animal//Application</sequenceName><sequenceType>Cap ID</sequenceType><serviceProviderCode>PORTCHESTER</serviceProviderCode><auditModel><auditDate>2016-12-23T22:56:19-05:00</auditDate><auditID>SYSTEM@(*&amp;$@#</auditID><auditStatus>A</auditStatus></auditModel><lastSequenceNbr>0</lastSequenceNbr></sequenceInterval></sequenceIntervalModels></sequence>
<sequence refId="1@SequenceModel"><name>Licenses/Business//License</name><serviceProviderCode>PORTCHESTER</serviceProviderCode><type>Cap ID</type><auditModel><auditDate>2013-11-20T16:07:04-05:00</auditDate><auditID>SYSTEM</auditID><auditStatus>A</auditStatus></auditModel><cacheSize>1</cacheSize><description> </description><increaseValue>1</increaseValue><intervalType>N</intervalType><minValue>1</minValue><resetAction>E</resetAction><resetValue>99999</resetValue><sequenceIntervalModels><sequenceInterval><intervalName>N</intervalName><sequenceName>Licenses/Business//License</sequenceName><sequenceType>Cap ID</sequenceType><serviceProviderCode>PORTCHESTER</serviceProviderCode><auditModel><auditDate>2018-07-24T15:47:13-04:00</auditDate><auditID>SYSTEM@(*&amp;$@#</auditID><auditStatus>A</auditStatus></auditModel><lastSequenceNbr>11</lastSequenceNbr></sequenceInterval></sequenceIntervalModels></sequence>
<sequence refId="1@SequenceModel"><name>Licenses/Business//Application</name><serviceProviderCode>PORTCHESTER</serviceProviderCode><type>Cap ID</type><auditModel><auditDate>2013-11-20T17:04:50-05:00</auditDate><auditID>SYSTEM</auditID><auditStatus>A</auditStatus></auditModel><cacheSize>1</cacheSize><description> </description><increaseValue>1</increaseValue><intervalType>CY</intervalType><minValue>1</minValue><resetAction>E</resetAction><resetValue>99999</resetValue><sequenceIntervalModels><sequenceInterval><intervalName>CY2014</intervalName><sequenceName>Licenses/Business//Application</sequenceName><sequenceType>Cap ID</sequenceType><serviceProviderCode>PORTCHESTER</serviceProviderCode><auditModel><auditDate>2014-08-27T15:41:26-04:00</auditDate><auditID>SYSTEM@(*&amp;$@#</auditID><auditStatus>A</auditStatus></auditModel><lastSequenceNbr>0</lastSequenceNbr></sequenceInterval><sequenceInterval><intervalName>CY2015</intervalName><sequenceName>Licenses/Business//Application</sequenceName><sequenceType>Cap ID</sequenceType><serviceProviderCode>PORTCHESTER</serviceProviderCode><auditModel><auditDate>2015-12-17T15:40:20-05:00</auditDate><auditID>SYSTEM@(*&amp;$@#</auditID><auditStatus>A</auditStatus></auditModel><lastSequenceNbr>0</lastSequenceNbr></sequenceInterval><sequenceInterval><intervalName>CY2016</intervalName><sequenceName>Licenses/Business//Application</sequenceName><sequenceType>Cap ID</sequenceType><serviceProviderCode>PORTCHESTER</serviceProviderCode><auditModel><auditDate>2016-12-26T17:09:53-05:00</auditDate><auditID>SYSTEM@(*&amp;$@#</auditID><auditStatus>A</auditStatus></auditModel><lastSequenceNbr>0</lastSequenceNbr></sequenceInterval><sequenceInterval><intervalName>CY2017</intervalName><sequenceName>Licenses/Business//Application</sequenceName><sequenceType>Cap ID</sequenceType><serviceProviderCode>PORTCHESTER</serviceProviderCode><auditModel><auditDate>2017-01-26T15:51:45-05:00</auditDate><auditID>SYSTEM@(*&amp;$@#</auditID><auditStatus>A</auditStatus></auditModel><lastSequenceNbr>0</lastSequenceNbr></sequenceInterval><sequenceInterval><intervalName>CY2018</intervalName><sequenceName>Licenses/Business//Application</sequenceName><sequenceType>Cap ID</sequenceType><serviceProviderCode>PORTCHESTER</serviceProviderCode><auditModel><auditDate>2018-07-26T11:54:03-04:00</auditDate><auditID>SYSTEM@(*&amp;$@#</auditID><auditStatus>A</auditStatus></auditModel><lastSequenceNbr>15</lastSequenceNbr></sequenceInterval></sequenceIntervalModels></sequence>
<sequence refId="1@SequenceModel"><name>EnvHealth///Renewal</name><serviceProviderCode>PORTCHESTER</serviceProviderCode><type>Cap ID</type><auditModel><auditDate>2017-01-06T18:13:23-05:00</auditDate><auditID>SYSTEM</auditID><auditStatus>A</auditStatus></auditModel><cacheSize>1</cacheSize><description> </description><increaseValue>1</increaseValue><intervalType>CY</intervalType><minValue>1</minValue><resetAction>E</resetAction><resetValue>999999</resetValue><sequenceIntervalModels><sequenceInterval><intervalName>CY2016</intervalName><sequenceName>EnvHealth///Renewal</sequenceName><sequenceType>Cap ID</sequenceType><serviceProviderCode>PORTCHESTER</serviceProviderCode><auditModel><auditDate>2016-03-10T23:07:08-05:00</auditDate><auditID>SYSTEM@(*&amp;$@#</auditID><auditStatus>A</auditStatus></auditModel><lastSequenceNbr>0</lastSequenceNbr></sequenceInterval><sequenceInterval><intervalName>CY2017</intervalName><sequenceName>EnvHealth///Renewal</sequenceName><sequenceType>Cap ID</sequenceType><serviceProviderCode>PORTCHESTER</serviceProviderCode><auditModel><auditDate>2017-01-26T11:37:14-05:00</auditDate><auditID>SYSTEM@(*&amp;$@#</auditID><auditStatus>A</auditStatus></auditModel><lastSequenceNbr>0</lastSequenceNbr></sequenceInterval></sequenceIntervalModels></sequence>
<sequence refId="1@SequenceModel"><name>Licenses/Business//Renewal</name><serviceProviderCode>PORTCHESTER</serviceProviderCode><type>Cap ID</type><auditModel><auditDate>2013-11-20T17:06:39-05:00</auditDate><auditID>SYSTEM</auditID><auditStatus>A</auditStatus></auditModel><cacheSize>1</cacheSize><description> </description><increaseValue>1</increaseValue><intervalType>CY</intervalType><minValue>1</minValue><resetAction>E</resetAction><resetValue>99999</resetValue><sequenceIntervalModels><sequenceInterval><intervalName>CY2014</intervalName><sequenceName>Licenses/Business//Renewal</sequenceName><sequenceType>Cap ID</sequenceType><serviceProviderCode>PORTCHESTER</serviceProviderCode><auditModel><auditDate>2014-08-20T12:26:42-04:00</auditDate><auditID>SYSTEM@(*&amp;$@#</auditID><auditStatus>A</auditStatus></auditModel><lastSequenceNbr>0</lastSequenceNbr></sequenceInterval><sequenceInterval><intervalName>CY2015</intervalName><sequenceName>Licenses/Business//Renewal</sequenceName><sequenceType>Cap ID</sequenceType><serviceProviderCode>PORTCHESTER</serviceProviderCode><auditModel><auditDate>2015-12-17T15:58:44-05:00</auditDate><auditID>SYSTEM@(*&amp;$@#</auditID><auditStatus>A</auditStatus></auditModel><lastSequenceNbr>0</lastSequenceNbr></sequenceInterval><sequenceInterval><intervalName>CY2016</intervalName><sequenceName>Licenses/Business//Renewal</sequenceName><sequenceType>Cap ID</sequenceType><serviceProviderCode>PORTCHESTER</serviceProviderCode><auditModel><auditDate>2016-12-26T17:15:54-05:00</auditDate><auditID>SYSTEM@(*&amp;$@#</auditID><auditStatus>A</auditStatus></auditModel><lastSequenceNbr>0</lastSequenceNbr></sequenceInterval><sequenceInterval><intervalName>CY2017</intervalName><sequenceName>Licenses/Business//Renewal</sequenceName><sequenceType>Cap ID</sequenceType><serviceProviderCode>PORTCHESTER</serviceProviderCode><auditModel><auditDate>2017-01-05T11:44:44-05:00</auditDate><auditID>SYSTEM@(*&amp;$@#</auditID><auditStatus>A</auditStatus></auditModel><lastSequenceNbr>0</lastSequenceNbr></sequenceInterval><sequenceInterval><intervalName>CY2018</intervalName><sequenceName>Licenses/Business//Renewal</sequenceName><sequenceType>Cap ID</sequenceType><serviceProviderCode>PORTCHESTER</serviceProviderCode><auditModel><auditDate>2018-07-24T15:36:41-04:00</auditDate><auditID>SYSTEM@(*&amp;$@#</auditID><auditStatus>A</auditStatus></auditModel><lastSequenceNbr>7</lastSequenceNbr></sequenceInterval></sequenceIntervalModels></sequence>
</list>