<?xml version="1.0" encoding="UTF-8" standalone="yes"?>
<list  version="9.0.0" minorVersion="26" exportUser="ADMIN" exportDateTime="08/16/2019 11:56 AM" description="null"><standardChoice refId="1@StandardChoiceModel"><name>LICENSED PROFESSIONAL TYPE</name><serviceProviderCode>PORTCHESTER</serviceProviderCode><auditModel><auditDate>2018-07-04T12:57:37-04:00</auditDate><auditID>ADMIN</auditID><auditStatus>A</auditStatus></auditModel><description>Defines the value options for the drop-down list of the licensed professional type. Adds the ability to store Education Providers in the Licensed Professional list. #Licensing</description><standardChoiceValueModels><standardChoiceValue refId="2@StandardChoiceValueModel"><sequenceNBR>1467</sequenceNBR><serviceProviderCode>PORTCHESTER</serviceProviderCode><auditModel><auditDate>2018-07-04T12:57:37-04:00</auditDate><auditID>ADMIN</auditID><auditStatus>A</auditStatus></auditModel><resId>11725</resId><standardChoiceName>LICENSED PROFESSIONAL TYPE</standardChoiceName><standardChoiceValueI18NModels/><value>Architect</value></standardChoiceValue><standardChoiceValue refId="3@StandardChoiceValueModel"><sequenceNBR>1468</sequenceNBR><serviceProviderCode>PORTCHESTER</serviceProviderCode><auditModel><auditDate>2018-07-04T12:57:37-04:00</auditDate><auditID>ADMIN</auditID><auditStatus>A</auditStatus></auditModel><resId>11726</resId><standardChoiceName>LICENSED PROFESSIONAL TYPE</standardChoiceName><standardChoiceValueI18NModels/><value>Contractor</value></standardChoiceValue><standardChoiceValue refId="4@StandardChoiceValueModel"><sequenceNBR>1470</sequenceNBR><serviceProviderCode>PORTCHESTER</serviceProviderCode><auditModel><auditDate>2018-07-04T12:57:37-04:00</auditDate><auditID>ADMIN</auditID><auditStatus>A</auditStatus></auditModel><resId>11728</resId><standardChoiceName>LICENSED PROFESSIONAL TYPE</standardChoiceName><standardChoiceValueI18NModels/><value>Electrical</value></standardChoiceValue><standardChoiceValue refId="5@StandardChoiceValueModel"><sequenceNBR>1471</sequenceNBR><serviceProviderCode>PORTCHESTER</serviceProviderCode><auditModel><auditDate>2018-07-04T12:57:37-04:00</auditDate><auditID>ADMIN</auditID><auditStatus>A</auditStatus></auditModel><resId>11729</resId><standardChoiceName>LICENSED PROFESSIONAL TYPE</standardChoiceName><standardChoiceValueI18NModels/><value>Engineer</value></standardChoiceValue><standardChoiceValue refId="6@StandardChoiceValueModel"><sequenceNBR>1472</sequenceNBR><serviceProviderCode>PORTCHESTER</serviceProviderCode><auditModel><auditDate>2018-07-04T12:57:37-04:00</auditDate><auditID>ADMIN</auditID><auditStatus>A</auditStatus></auditModel><resId>11730</resId><standardChoiceName>LICENSED PROFESSIONAL TYPE</standardChoiceName><standardChoiceValueI18NModels/><value>Mechanical</value></standardChoiceValue><standardChoiceValue refId="7@StandardChoiceValueModel"><sequenceNBR>1473</sequenceNBR><serviceProviderCode>PORTCHESTER</serviceProviderCode><auditModel><auditDate>2018-07-04T12:57:37-04:00</auditDate><auditID>ADMIN</auditID><auditStatus>A</auditStatus></auditModel><resId>11731</resId><standardChoiceName>LICENSED PROFESSIONAL TYPE</standardChoiceName><standardChoiceValueI18NModels/><value>Plumbing</value></standardChoiceValue><standardChoiceValue refId="8@StandardChoiceValueModel"><sequenceNBR>105494790</sequenceNBR><serviceProviderCode>PORTCHESTER</serviceProviderCode><auditModel><auditDate>2018-07-04T12:57:37-04:00</auditDate><auditID>ADMIN</auditID><auditStatus>A</auditStatus></auditModel><standardChoiceName>LICENSED PROFESSIONAL TYPE</standardChoiceName><standardChoiceValueI18NModels/><value>Home Improvement Contractor</value></standardChoiceValue><standardChoiceValue refId="9@StandardChoiceValueModel"><sequenceNBR>105494791</sequenceNBR><serviceProviderCode>PORTCHESTER</serviceProviderCode><auditModel><auditDate>2018-07-04T13:05:33-04:00</auditDate><auditID>ADMIN</auditID><auditStatus>A</auditStatus></auditModel><standardChoiceName>LICENSED PROFESSIONAL TYPE</standardChoiceName><standardChoiceValueI18NModels/><value>Master Plumber</value></standardChoiceValue><standardChoiceValue refId="10@StandardChoiceValueModel"><sequenceNBR>105494792</sequenceNBR><serviceProviderCode>PORTCHESTER</serviceProviderCode><auditModel><auditDate>2018-07-04T13:05:40-04:00</auditDate><auditID>ADMIN</auditID><auditStatus>A</auditStatus></auditModel><standardChoiceName>LICENSED PROFESSIONAL TYPE</standardChoiceName><standardChoiceValueI18NModels/><value>Master Electrician</value></standardChoiceValue><standardChoiceValue refId="11@StandardChoiceValueModel"><sequenceNBR>105494793</sequenceNBR><serviceProviderCode>PORTCHESTER</serviceProviderCode><auditModel><auditDate>2018-07-04T13:05:46-04:00</auditDate><auditID>ADMIN</auditID><auditStatus>A</auditStatus></auditModel><standardChoiceName>LICENSED PROFESSIONAL TYPE</standardChoiceName><standardChoiceValueI18NModels/><value>Restricted Master Plumber</value></standardChoiceValue><standardChoiceValue refId="12@StandardChoiceValueModel"><sequenceNBR>105494804</sequenceNBR><serviceProviderCode>PORTCHESTER</serviceProviderCode><auditModel><auditDate>2018-07-04T13:05:53-04:00</auditDate><auditID>ADMIN</auditID><auditStatus>A</auditStatus></auditModel><standardChoiceName>LICENSED PROFESSIONAL TYPE</standardChoiceName><standardChoiceValueI18NModels/><value>Journey Level Certificate</value></standardChoiceValue></standardChoiceValueModels><type>SystemSwitch</type><valueSize>0</valueSize></standardChoice>
<standardChoice refId="1@StandardChoiceModel"><name>EXPIRATION_INTERVAL_UNITS</name><serviceProviderCode>PORTCHESTER</serviceProviderCode><auditModel><auditDate>2012-12-04T11:57:55-05:00</auditDate><auditID>ADMIN</auditID><auditStatus>A</auditStatus></auditModel><description>Defines the value options for the drop-down list of license expiration intervals #Licensing</description><standardChoiceValueModels><standardChoiceValue refId="2@StandardChoiceValueModel"><sequenceNBR>104591441</sequenceNBR><serviceProviderCode>PORTCHESTER</serviceProviderCode><auditModel><auditDate>2012-12-04T11:58:05-05:00</auditDate><auditID>ADMIN</auditID><auditStatus>A</auditStatus></auditModel><standardChoiceName>EXPIRATION_INTERVAL_UNITS</standardChoiceName><standardChoiceValueI18NModels/><value>YEARS</value></standardChoiceValue><standardChoiceValue refId="3@StandardChoiceValueModel"><sequenceNBR>1440</sequenceNBR><serviceProviderCode>PORTCHESTER</serviceProviderCode><auditModel><auditDate>2012-12-04T11:57:55-05:00</auditDate><auditID>ADMIN</auditID><auditStatus>A</auditStatus></auditModel><resId>11698</resId><standardChoiceName>EXPIRATION_INTERVAL_UNITS</standardChoiceName><standardChoiceValueI18NModels/><value>DAYS</value></standardChoiceValue><standardChoiceValue refId="4@StandardChoiceValueModel"><sequenceNBR>1441</sequenceNBR><serviceProviderCode>PORTCHESTER</serviceProviderCode><auditModel><auditDate>2012-12-04T11:57:55-05:00</auditDate><auditID>ADMIN</auditID><auditStatus>A</auditStatus></auditModel><resId>11699</resId><standardChoiceName>EXPIRATION_INTERVAL_UNITS</standardChoiceName><standardChoiceValueI18NModels/><value>MONTHS</value></standardChoiceValue></standardChoiceValueModels><type>SystemSwitch</type><valueSize>0</valueSize></standardChoice>
<standardChoice refId="1@StandardChoiceModel"><name>GRACE_PERIOD_INTERVAL_UNITS</name><serviceProviderCode>PORTCHESTER</serviceProviderCode><auditModel><auditDate>2005-06-23T13:24:44-04:00</auditDate><auditID>1</auditID><auditStatus>A</auditStatus></auditModel><description>Defines the value options for the time unit to be used for the Grace Period Interval #Licensing</description><standardChoiceValueModels><standardChoiceValue refId="2@StandardChoiceValueModel"><sequenceNBR>1455</sequenceNBR><serviceProviderCode>PORTCHESTER</serviceProviderCode><auditModel><auditDate>2005-06-23T13:24:56-04:00</auditDate><auditID>ADMIN</auditID><auditStatus>A</auditStatus></auditModel><resId>11713</resId><standardChoiceName>GRACE_PERIOD_INTERVAL_UNITS</standardChoiceName><standardChoiceValueI18NModels/><value>Days</value></standardChoiceValue><standardChoiceValue refId="3@StandardChoiceValueModel"><sequenceNBR>1456</sequenceNBR><serviceProviderCode>PORTCHESTER</serviceProviderCode><auditModel><auditDate>2005-06-23T13:25:05-04:00</auditDate><auditID>ADMIN</auditID><auditStatus>A</auditStatus></auditModel><resId>11714</resId><standardChoiceName>GRACE_PERIOD_INTERVAL_UNITS</standardChoiceName><standardChoiceValueI18NModels/><value>Months</value></standardChoiceValue></standardChoiceValueModels><valueSize>0</valueSize></standardChoice>
<standardChoice refId="1@StandardChoiceModel"><name>PENALTY_INTERVAL_UNITS</name><serviceProviderCode>PORTCHESTER</serviceProviderCode><auditModel><auditDate>2005-06-23T13:21:45-04:00</auditDate><auditID>1</auditID><auditStatus>A</auditStatus></auditModel><description>Populates the Penalty Fee Interval Units drop down list in the expiration code configuration screen.  #Licensing</description><standardChoiceValueModels><standardChoiceValue refId="2@StandardChoiceValueModel"><sequenceNBR>1485</sequenceNBR><serviceProviderCode>PORTCHESTER</serviceProviderCode><auditModel><auditDate>2005-06-23T13:21:52-04:00</auditDate><auditID>ADMIN</auditID><auditStatus>A</auditStatus></auditModel><resId>11743</resId><standardChoiceName>PENALTY_INTERVAL_UNITS</standardChoiceName><standardChoiceValueI18NModels/><value>Days</value></standardChoiceValue><standardChoiceValue refId="3@StandardChoiceValueModel"><sequenceNBR>1486</sequenceNBR><serviceProviderCode>PORTCHESTER</serviceProviderCode><auditModel><auditDate>2005-06-23T13:21:58-04:00</auditDate><auditID>ADMIN</auditID><auditStatus>A</auditStatus></auditModel><resId>11744</resId><standardChoiceName>PENALTY_INTERVAL_UNITS</standardChoiceName><standardChoiceValueI18NModels/><value>Months</value></standardChoiceValue></standardChoiceValueModels><valueSize>0</valueSize></standardChoice>
<standardChoice refId="1@StandardChoiceModel"><name>RENEWAL_FEE_FUNC</name><serviceProviderCode>PORTCHESTER</serviceProviderCode><auditModel><auditDate>2016-06-06T14:33:00-04:00</auditDate><auditID>AARON</auditID><auditStatus>A</auditStatus></auditModel><description>Populates the Renewal Fee Function drop down list in the expiration code configuration screen.&#xD;
#Licensing</description><standardChoiceValueModels><standardChoiceValue refId="2@StandardChoiceValueModel"><sequenceNBR>105214462</sequenceNBR><serviceProviderCode>PORTCHESTER</serviceProviderCode><auditModel><auditDate>2016-06-06T14:33:00-04:00</auditDate><auditID>AARON</auditID><auditStatus>A</auditStatus></auditModel><resId>104596505</resId><standardChoiceName>RENEWAL_FEE_FUNC</standardChoiceName><standardChoiceValueI18NModels/><value>SIMPLE_RENEWAL_FEE</value></standardChoiceValue></standardChoiceValueModels><type>SystemSwitch</type><valueSize>0</valueSize></standardChoice>
<standardChoice refId="1@StandardChoiceModel"><name>PENALTY_FEE_FUNC</name><serviceProviderCode>PORTCHESTER</serviceProviderCode><auditModel><auditDate>2005-06-23T13:20:40-04:00</auditDate><auditID>1</auditID><auditStatus>A</auditStatus></auditModel><description>Populates the Penalty Fee Function drop down list in the expiration code configuration screen.  #Licensing</description><standardChoiceValueModels><standardChoiceValue refId="2@StandardChoiceValueModel"><sequenceNBR>1483</sequenceNBR><serviceProviderCode>PORTCHESTER</serviceProviderCode><auditModel><auditDate>2005-06-23T13:20:57-04:00</auditDate><auditID>ADMIN</auditID><auditStatus>A</auditStatus></auditModel><description>PERCENTAGE_PENALTY_FEE</description><resId>11741</resId><standardChoiceName>PENALTY_FEE_FUNC</standardChoiceName><standardChoiceValueI18NModels/><value>PERCENTAGE_PENALTY_FEE</value></standardChoiceValue><standardChoiceValue refId="3@StandardChoiceValueModel"><sequenceNBR>1484</sequenceNBR><serviceProviderCode>PORTCHESTER</serviceProviderCode><auditModel><auditDate>2005-06-23T13:21:05-04:00</auditDate><auditID>ADMIN</auditID><auditStatus>A</auditStatus></auditModel><description>SIMPLE_PENALTY_FEE</description><resId>11742</resId><standardChoiceName>PENALTY_FEE_FUNC</standardChoiceName><standardChoiceValueI18NModels/><value>SIMPLE_PENALTY_FEE</value></standardChoiceValue></standardChoiceValueModels><valueSize>0</valueSize></standardChoice>
<standardChoice refId="1@StandardChoiceModel"><name>FEE_CALCULATION_BASED_ON_FEECALC</name><serviceProviderCode>PORTCHESTER</serviceProviderCode><auditModel><auditDate>2016-06-10T10:40:00-04:00</auditDate><auditID>AARON</auditID><auditStatus>I</auditStatus></auditModel><description>Enable this standard choice to calculate fees based on FeeCalc and Fee Calc Criteria. This enables the Calculated, Calculation Record fields.&#xD;
#FeesPayments</description><standardChoiceValueModels><standardChoiceValue refId="2@StandardChoiceValueModel"><sequenceNBR>105214660</sequenceNBR><serviceProviderCode>PORTCHESTER</serviceProviderCode><auditModel><auditDate>2016-06-10T10:40:00-04:00</auditDate><auditID>AARON</auditID><auditStatus>A</auditStatus></auditModel><resId>104596412</resId><standardChoiceName>FEE_CALCULATION_BASED_ON_FEECALC</standardChoiceName><standardChoiceValueI18NModels/><value>Yes</value></standardChoiceValue></standardChoiceValueModels><type>SystemSwitch</type><valueSize>0</valueSize></standardChoice>
<standardChoice refId="1@StandardChoiceModel"><name>INSPECTION_CATEGORY</name><serviceProviderCode>PORTCHESTER</serviceProviderCode><auditModel><auditDate>2016-06-07T06:15:33-04:00</auditDate><auditID>JPLAISTED</auditID><auditStatus>A</auditStatus></auditModel><description>7.1 adds the ability to configure inspection types to display in ACA according to their categories as an alternative to the current display of a complete list of all inspections applicable to a record #Inspections</description><standardChoiceValueModels><standardChoiceValue refId="2@StandardChoiceValueModel"><sequenceNBR>105214454</sequenceNBR><serviceProviderCode>PORTCHESTER</serviceProviderCode><auditModel><auditDate>2016-06-07T06:15:33-04:00</auditDate><auditID>JPLAISTED</auditID><auditStatus>A</auditStatus></auditModel><resId>104596419</resId><standardChoiceName>INSPECTION_CATEGORY</standardChoiceName><standardChoiceValueI18NModels/><value>Construction</value></standardChoiceValue><standardChoiceValue refId="3@StandardChoiceValueModel"><sequenceNBR>105214455</sequenceNBR><serviceProviderCode>PORTCHESTER</serviceProviderCode><auditModel><auditDate>2016-06-07T06:15:33-04:00</auditDate><auditID>JPLAISTED</auditID><auditStatus>A</auditStatus></auditModel><resId>104596420</resId><standardChoiceName>INSPECTION_CATEGORY</standardChoiceName><standardChoiceValueI18NModels/><value>Final</value></standardChoiceValue><standardChoiceValue refId="4@StandardChoiceValueModel"><sequenceNBR>105214456</sequenceNBR><serviceProviderCode>PORTCHESTER</serviceProviderCode><auditModel><auditDate>2016-06-07T06:15:33-04:00</auditDate><auditID>JPLAISTED</auditID><auditStatus>A</auditStatus></auditModel><resId>104596421</resId><standardChoiceName>INSPECTION_CATEGORY</standardChoiceName><standardChoiceValueI18NModels/><value>Preliminary</value></standardChoiceValue></standardChoiceValueModels><type>SystemSwitch</type><valueSize>0</valueSize></standardChoice>
<standardChoice refId="1@StandardChoiceModel"><name>INSPECTION_SETTING</name><serviceProviderCode>PORTCHESTER</serviceProviderCode><auditModel><auditDate>2009-10-20T15:51:11-04:00</auditDate><auditID>ADOTTAVIO</auditID><auditStatus>A</auditStatus></auditModel><description>Common settings for inspections. #Inspections</description><standardChoiceValueModels><standardChoiceValue refId="2@StandardChoiceValueModel"><sequenceNBR>104592441</sequenceNBR><serviceProviderCode>PORTCHESTER</serviceProviderCode><auditModel><auditDate>2009-10-20T15:51:11-04:00</auditDate><auditID>ADOTTAVIO</auditID><auditStatus>A</auditStatus></auditModel><description>YES</description><standardChoiceName>INSPECTION_SETTING</standardChoiceName><standardChoiceValueI18NModels/><value>UNLIMITED_COMMENT_LENGTH</value></standardChoiceValue></standardChoiceValueModels><type>SystemSwitch</type><valueSize>0</valueSize></standardChoice>
<standardChoice refId="1@StandardChoiceModel"><name>INSPECTIONS_BY_UNIT</name><serviceProviderCode>PORTCHESTER</serviceProviderCode><auditModel><auditDate>2016-06-07T06:59:18-04:00</auditDate><auditID>JPLAISTED</auditID><auditStatus>I</auditStatus></auditModel><description>Defines the IUN field type. Choices are either free text entry (TEXTBOX) or a list of options (SELECTLIST). #Inspections</description><standardChoiceValueModels><standardChoiceValue refId="2@StandardChoiceValueModel"><sequenceNBR>105214726</sequenceNBR><serviceProviderCode>PORTCHESTER</serviceProviderCode><auditModel><auditDate>2016-06-07T06:59:18-04:00</auditDate><auditID>JPLAISTED</auditID><auditStatus>I</auditStatus></auditModel><standardChoiceName>INSPECTIONS_BY_UNIT</standardChoiceName><standardChoiceValueI18NModels/><value>TEXTBOX</value></standardChoiceValue><standardChoiceValue refId="3@StandardChoiceValueModel"><sequenceNBR>105214727</sequenceNBR><serviceProviderCode>PORTCHESTER</serviceProviderCode><auditModel><auditDate>2016-06-07T06:59:18-04:00</auditDate><auditID>JPLAISTED</auditID><auditStatus>I</auditStatus></auditModel><standardChoiceName>INSPECTIONS_BY_UNIT</standardChoiceName><standardChoiceValueI18NModels/><value>SELECTLIST</value></standardChoiceValue></standardChoiceValueModels><type>SystemSwitch</type><valueSize>0</valueSize></standardChoice>
<standardChoice refId="1@StandardChoiceModel"><name>INSPECTION_UNIT_NUMBER_VALUES</name><serviceProviderCode>PORTCHESTER</serviceProviderCode><auditModel><auditDate>2009-08-05T13:49:11-04:00</auditDate><auditID>ADOTTAVIO</auditID><auditStatus>A</auditStatus></auditModel><description>Together with INSPECTIONS_BY_UNIT, allows users to specify inspection unit number (IUN) for scheduling inspections and displaying inspection results of the same type multiple times for the same record. #Inspections</description><standardChoiceValueModels><standardChoiceValue refId="2@StandardChoiceValueModel"><sequenceNBR>104592442</sequenceNBR><serviceProviderCode>PORTCHESTER</serviceProviderCode><auditModel><auditDate>2009-08-05T13:52:10-04:00</auditDate><auditID>ADOTTAVIO</auditID><auditStatus>A</auditStatus></auditModel><description>101</description><standardChoiceName>INSPECTION_UNIT_NUMBER_VALUES</standardChoiceName><standardChoiceValueI18NModels/><value>101</value></standardChoiceValue><standardChoiceValue refId="3@StandardChoiceValueModel"><sequenceNBR>104592443</sequenceNBR><serviceProviderCode>PORTCHESTER</serviceProviderCode><auditModel><auditDate>2009-08-05T13:52:26-04:00</auditDate><auditID>ADOTTAVIO</auditID><auditStatus>A</auditStatus></auditModel><description>A</description><standardChoiceName>INSPECTION_UNIT_NUMBER_VALUES</standardChoiceName><standardChoiceValueI18NModels/><value>A</value></standardChoiceValue><standardChoiceValue refId="4@StandardChoiceValueModel"><sequenceNBR>104592444</sequenceNBR><serviceProviderCode>PORTCHESTER</serviceProviderCode><auditModel><auditDate>2009-08-05T15:33:41-04:00</auditDate><auditID>ADOTTAVIO</auditID><auditStatus>A</auditStatus></auditModel><description>B</description><standardChoiceName>INSPECTION_UNIT_NUMBER_VALUES</standardChoiceName><standardChoiceValueI18NModels/><value>B</value></standardChoiceValue></standardChoiceValueModels><type>ShareDropDown</type><valueSize>0</valueSize></standardChoice>
<standardChoice refId="1@StandardChoiceModel"><name>USER_DISCIPLINES</name><serviceProviderCode>PORTCHESTER</serviceProviderCode><auditModel><auditDate>2016-06-03T16:31:09-04:00</auditDate><auditID>AARON</auditID><auditStatus>A</auditStatus></auditModel><description>The Standard Choice values determine the disciplines available when assigning user disciplines to a users inspector profile.&#xD;
#Inspections</description><standardChoiceValueModels><standardChoiceValue refId="2@StandardChoiceValueModel"><sequenceNBR>105214465</sequenceNBR><serviceProviderCode>PORTCHESTER</serviceProviderCode><auditModel><auditDate>2016-06-03T16:31:09-04:00</auditDate><auditID>AARON</auditID><auditStatus>A</auditStatus></auditModel><resId>104596476</resId><standardChoiceName>USER_DISCIPLINES</standardChoiceName><standardChoiceValueI18NModels/><value>Abatement Code Enforcement</value></standardChoiceValue><standardChoiceValue refId="3@StandardChoiceValueModel"><sequenceNBR>105214466</sequenceNBR><serviceProviderCode>PORTCHESTER</serviceProviderCode><auditModel><auditDate>2016-06-03T16:31:09-04:00</auditDate><auditID>AARON</auditID><auditStatus>A</auditStatus></auditModel><resId>104596477</resId><standardChoiceName>USER_DISCIPLINES</standardChoiceName><standardChoiceValueI18NModels/><value>Alcohol Licensing</value></standardChoiceValue><standardChoiceValue refId="4@StandardChoiceValueModel"><sequenceNBR>105214467</sequenceNBR><serviceProviderCode>PORTCHESTER</serviceProviderCode><auditModel><auditDate>2016-06-03T16:31:09-04:00</auditDate><auditID>AARON</auditID><auditStatus>A</auditStatus></auditModel><resId>104596479</resId><standardChoiceName>USER_DISCIPLINES</standardChoiceName><standardChoiceValueI18NModels/><value>Boiler</value></standardChoiceValue><standardChoiceValue refId="5@StandardChoiceValueModel"><sequenceNBR>105214468</sequenceNBR><serviceProviderCode>PORTCHESTER</serviceProviderCode><auditModel><auditDate>2016-06-03T16:31:09-04:00</auditDate><auditID>AARON</auditID><auditStatus>A</auditStatus></auditModel><resId>104596480</resId><standardChoiceName>USER_DISCIPLINES</standardChoiceName><standardChoiceValueI18NModels/><value>Building Code Enforcement</value></standardChoiceValue><standardChoiceValue refId="6@StandardChoiceValueModel"><sequenceNBR>105214469</sequenceNBR><serviceProviderCode>PORTCHESTER</serviceProviderCode><auditModel><auditDate>2016-06-03T16:31:09-04:00</auditDate><auditID>AARON</auditID><auditStatus>A</auditStatus></auditModel><description>emergency repsonse team including sewage and haz waste spills</description><resId>104596481</resId><standardChoiceName>USER_DISCIPLINES</standardChoiceName><standardChoiceValueI18NModels/><value>Emergency Response</value></standardChoiceValue><standardChoiceValue refId="7@StandardChoiceValueModel"><sequenceNBR>105214470</sequenceNBR><serviceProviderCode>PORTCHESTER</serviceProviderCode><auditModel><auditDate>2016-06-03T16:31:09-04:00</auditDate><auditID>AARON</auditID><auditStatus>A</auditStatus></auditModel><resId>104596482</resId><standardChoiceName>USER_DISCIPLINES</standardChoiceName><standardChoiceValueI18NModels/><value>Facility</value></standardChoiceValue><standardChoiceValue refId="8@StandardChoiceValueModel"><sequenceNBR>105214471</sequenceNBR><serviceProviderCode>PORTCHESTER</serviceProviderCode><auditModel><auditDate>2016-06-03T16:31:09-04:00</auditDate><auditID>AARON</auditID><auditStatus>A</auditStatus></auditModel><description>Fire Prevention, Fire Safety, Fire Marshals Office</description><resId>104596483</resId><standardChoiceName>USER_DISCIPLINES</standardChoiceName><standardChoiceValueI18NModels/><value>Fire</value></standardChoiceValue><standardChoiceValue refId="9@StandardChoiceValueModel"><sequenceNBR>105214472</sequenceNBR><serviceProviderCode>PORTCHESTER</serviceProviderCode><auditModel><auditDate>2016-06-03T16:31:09-04:00</auditDate><auditID>AARON</auditID><auditStatus>A</auditStatus></auditModel><resId>104596484</resId><standardChoiceName>USER_DISCIPLINES</standardChoiceName><standardChoiceValueI18NModels/><value>Food Service</value></standardChoiceValue><standardChoiceValue refId="10@StandardChoiceValueModel"><sequenceNBR>105214473</sequenceNBR><serviceProviderCode>PORTCHESTER</serviceProviderCode><auditModel><auditDate>2016-06-03T16:31:09-04:00</auditDate><auditID>AARON</auditID><auditStatus>A</auditStatus></auditModel><resId>104596485</resId><standardChoiceName>USER_DISCIPLINES</standardChoiceName><standardChoiceValueI18NModels/><value>Gas</value></standardChoiceValue><standardChoiceValue refId="11@StandardChoiceValueModel"><sequenceNBR>105214474</sequenceNBR><serviceProviderCode>PORTCHESTER</serviceProviderCode><auditModel><auditDate>2016-06-03T16:31:09-04:00</auditDate><auditID>AARON</auditID><auditStatus>A</auditStatus></auditModel><resId>104596486</resId><standardChoiceName>USER_DISCIPLINES</standardChoiceName><standardChoiceValueI18NModels/><value>General</value></standardChoiceValue><standardChoiceValue refId="12@StandardChoiceValueModel"><sequenceNBR>105214475</sequenceNBR><serviceProviderCode>PORTCHESTER</serviceProviderCode><auditModel><auditDate>2016-06-03T16:31:09-04:00</auditDate><auditID>AARON</auditID><auditStatus>A</auditStatus></auditModel><resId>104596487</resId><standardChoiceName>USER_DISCIPLINES</standardChoiceName><standardChoiceValueI18NModels/><value>License Enforcement</value></standardChoiceValue><standardChoiceValue refId="13@StandardChoiceValueModel"><sequenceNBR>105214476</sequenceNBR><serviceProviderCode>PORTCHESTER</serviceProviderCode><auditModel><auditDate>2016-06-03T16:31:09-04:00</auditDate><auditID>AARON</auditID><auditStatus>A</auditStatus></auditModel><resId>104596488</resId><standardChoiceName>USER_DISCIPLINES</standardChoiceName><standardChoiceValueI18NModels/><value>Mobile Homes</value></standardChoiceValue><standardChoiceValue refId="14@StandardChoiceValueModel"><sequenceNBR>105214477</sequenceNBR><serviceProviderCode>PORTCHESTER</serviceProviderCode><auditModel><auditDate>2016-06-03T16:31:09-04:00</auditDate><auditID>AARON</auditID><auditStatus>A</auditStatus></auditModel><resId>104596489</resId><standardChoiceName>USER_DISCIPLINES</standardChoiceName><standardChoiceValueI18NModels/><value>Parks Maintenance</value></standardChoiceValue><standardChoiceValue refId="15@StandardChoiceValueModel"><sequenceNBR>105214478</sequenceNBR><serviceProviderCode>PORTCHESTER</serviceProviderCode><auditModel><auditDate>2016-06-03T16:31:09-04:00</auditDate><auditID>AARON</auditID><auditStatus>A</auditStatus></auditModel><resId>104596490</resId><standardChoiceName>USER_DISCIPLINES</standardChoiceName><standardChoiceValueI18NModels/><value>PlanComm Regular Attendees</value></standardChoiceValue><standardChoiceValue refId="16@StandardChoiceValueModel"><sequenceNBR>105214479</sequenceNBR><serviceProviderCode>PORTCHESTER</serviceProviderCode><auditModel><auditDate>2016-06-03T16:31:09-04:00</auditDate><auditID>AARON</auditID><auditStatus>A</auditStatus></auditModel><resId>104596491</resId><standardChoiceName>USER_DISCIPLINES</standardChoiceName><standardChoiceValueI18NModels/><value>Plumbing</value></standardChoiceValue><standardChoiceValue refId="17@StandardChoiceValueModel"><sequenceNBR>105214480</sequenceNBR><serviceProviderCode>PORTCHESTER</serviceProviderCode><auditModel><auditDate>2016-06-03T16:31:09-04:00</auditDate><auditID>AARON</auditID><auditStatus>A</auditStatus></auditModel><description>pools and spas</description><resId>104596492</resId><standardChoiceName>USER_DISCIPLINES</standardChoiceName><standardChoiceValueI18NModels/><value>Pool and Spa</value></standardChoiceValue><standardChoiceValue refId="18@StandardChoiceValueModel"><sequenceNBR>105214481</sequenceNBR><serviceProviderCode>PORTCHESTER</serviceProviderCode><auditModel><auditDate>2016-06-03T16:31:09-04:00</auditDate><auditID>AARON</auditID><auditStatus>A</auditStatus></auditModel><resId>104596493</resId><standardChoiceName>USER_DISCIPLINES</standardChoiceName><standardChoiceValueI18NModels/><value>Public Works</value></standardChoiceValue><standardChoiceValue refId="19@StandardChoiceValueModel"><sequenceNBR>105214482</sequenceNBR><serviceProviderCode>PORTCHESTER</serviceProviderCode><auditModel><auditDate>2016-06-03T16:31:09-04:00</auditDate><auditID>AARON</auditID><auditStatus>A</auditStatus></auditModel><resId>104596553</resId><standardChoiceName>USER_DISCIPLINES</standardChoiceName><standardChoiceValueI18NModels/><value>Animal Control</value></standardChoiceValue><standardChoiceValue refId="20@StandardChoiceValueModel"><sequenceNBR>105214483</sequenceNBR><serviceProviderCode>PORTCHESTER</serviceProviderCode><auditModel><auditDate>2016-06-03T16:31:09-04:00</auditDate><auditID>AARON</auditID><auditStatus>A</auditStatus></auditModel><description>Hazardous Materials including storage tanks</description><resId>104596555</resId><standardChoiceName>USER_DISCIPLINES</standardChoiceName><standardChoiceValueI18NModels/><value>Hazardous Materials</value></standardChoiceValue><standardChoiceValue refId="21@StandardChoiceValueModel"><sequenceNBR>105214484</sequenceNBR><serviceProviderCode>PORTCHESTER</serviceProviderCode><auditModel><auditDate>2016-06-03T16:31:09-04:00</auditDate><auditID>AARON</auditID><auditStatus>A</auditStatus></auditModel><resId>104596556</resId><standardChoiceName>USER_DISCIPLINES</standardChoiceName><standardChoiceValueI18NModels/><value>School Site Evaluations</value></standardChoiceValue><standardChoiceValue refId="22@StandardChoiceValueModel"><sequenceNBR>105214463</sequenceNBR><serviceProviderCode>PORTCHESTER</serviceProviderCode><auditModel><auditDate>2016-06-03T16:31:09-04:00</auditDate><auditID>AARON</auditID><auditStatus>A</auditStatus></auditModel><standardChoiceName>USER_DISCIPLINES</standardChoiceName><standardChoiceValueI18NModels/><value>Electrical</value></standardChoiceValue><standardChoiceValue refId="23@StandardChoiceValueModel"><sequenceNBR>105214464</sequenceNBR><serviceProviderCode>PORTCHESTER</serviceProviderCode><auditModel><auditDate>2016-06-03T16:31:09-04:00</auditDate><auditID>AARON</auditID><auditStatus>A</auditStatus></auditModel><standardChoiceName>USER_DISCIPLINES</standardChoiceName><standardChoiceValueI18NModels/><value>Mechanical</value></standardChoiceValue></standardChoiceValueModels><type>SystemSwitch</type><valueSize>0</valueSize></standardChoice>
<standardChoice refId="1@StandardChoiceModel"><name>EDMS</name><serviceProviderCode>PORTCHESTER</serviceProviderCode><auditModel><auditDate>2011-07-14T18:18:41-04:00</auditDate><auditID>ADMIN</auditID><auditStatus>A</auditStatus></auditModel><description>Defines the EDMS server configuration information. The value specifies the EDMS system name. The Value Description contains all configuration parameters for the EDMS system #EDMS</description><standardChoiceValueModels><standardChoiceValue refId="2@StandardChoiceValueModel"><sequenceNBR>1436</sequenceNBR><serviceProviderCode>PORTCHESTER</serviceProviderCode><auditModel><auditDate>2019-08-16T02:47:29-04:00</auditDate><auditID>ADMIN</auditID><auditStatus>A</auditStatus></auditModel><description>EDMS_VENDOR=ADS;EDMS_DOCUMENT_SIZE_MAX=100MB;ADS_SERVER_URL=http://ads3.accela.com/documentservice/index.cfm;ADS_SERVER_SECURITY_KEY=DEV0572399;ADS_SERV_PROV_CODE=PORTCHESTER_SUP;ADS_CLEARANCE_KEY=FMZ19CUDZG1VYTL8NY6MSC10SAKGKQ;ADS_SECURITY_KEY=FFY1RT708JEVPYKRAE3LO107TEKIW7;DEFAULT=NO</description><parentSequenceNBR>0</parentSequenceNBR><resId>11694</resId><sortOrder>0</sortOrder><standardChoiceName>EDMS</standardChoiceName><standardChoiceValueI18NModels/><value>ADS</value></standardChoiceValue><standardChoiceValue refId="3@StandardChoiceValueModel"><sequenceNBR>105215135</sequenceNBR><serviceProviderCode>PORTCHESTER</serviceProviderCode><auditModel><auditDate>2019-08-16T02:47:29-04:00</auditDate><auditID>ADMIN</auditID><auditStatus>A</auditStatus></auditModel><description>EDMS_VENDOR=ACCELA;EDMS_DOCUMENT_SIZE_MAX=5M</description><parentSequenceNBR>0</parentSequenceNBR><sortOrder>0</sortOrder><standardChoiceName>EDMS</standardChoiceName><standardChoiceValueI18NModels/><value>ACCELA</value></standardChoiceValue></standardChoiceValueModels><type>SystemSwitch</type></standardChoice>
<standardChoice refId="1@StandardChoiceModel"><name>CONTACT TYPE</name><serviceProviderCode>PORTCHESTER</serviceProviderCode><auditModel><auditDate>2019-06-11T09:11:22-04:00</auditDate><auditID>ADMIN</auditID><auditStatus>A</auditStatus></auditModel><description>Contact types for reference, which are generic contact types such as Individual and organization used in reference #Contacts</description><standardChoiceValueModels><standardChoiceValue refId="2@StandardChoiceValueModel"><sequenceNBR>104581673</sequenceNBR><serviceProviderCode>PORTCHESTER</serviceProviderCode><auditModel><auditDate>2019-06-11T09:11:22-04:00</auditDate><auditID>ADMIN</auditID><auditStatus>A</auditStatus></auditModel><description>Both</description><resId>51430</resId><sortOrder>0</sortOrder><standardChoiceName>CONTACT TYPE</standardChoiceName><standardChoiceValueI18NModels/><value>Agent</value></standardChoiceValue><standardChoiceValue refId="3@StandardChoiceValueModel"><sequenceNBR>105622992</sequenceNBR><serviceProviderCode>PORTCHESTER</serviceProviderCode><auditModel><auditDate>2019-06-11T09:11:22-04:00</auditDate><auditID>ADMIN</auditID><auditStatus>A</auditStatus></auditModel><description>Both</description><standardChoiceName>CONTACT TYPE</standardChoiceName><standardChoiceValueI18NModels/><value>Owner</value></standardChoiceValue><standardChoiceValue refId="4@StandardChoiceValueModel"><sequenceNBR>104581705</sequenceNBR><serviceProviderCode>PORTCHESTER</serviceProviderCode><auditModel><auditDate>2019-06-11T09:11:22-04:00</auditDate><auditID>ADMIN</auditID><auditStatus>I</auditStatus></auditModel><description>Reference</description><sortOrder>0</sortOrder><standardChoiceName>CONTACT TYPE</standardChoiceName><standardChoiceValueI18NModels/><value>Organization</value></standardChoiceValue><standardChoiceValue refId="5@StandardChoiceValueModel"><sequenceNBR>1239</sequenceNBR><serviceProviderCode>PORTCHESTER</serviceProviderCode><auditModel><auditDate>2019-06-11T09:11:22-04:00</auditDate><auditID>ADMIN</auditID><auditStatus>I</auditStatus></auditModel><description>Transaction</description><resId>51428</resId><sortOrder>0</sortOrder><standardChoiceName>CONTACT TYPE</standardChoiceName><standardChoiceValueI18NModels/><value>Applicant</value></standardChoiceValue><standardChoiceValue refId="6@StandardChoiceValueModel"><sequenceNBR>104581674</sequenceNBR><serviceProviderCode>PORTCHESTER</serviceProviderCode><auditModel><auditDate>2019-06-11T09:11:22-04:00</auditDate><auditID>ADMIN</auditID><auditStatus>I</auditStatus></auditModel><description>Transaction</description><resId>51431</resId><sortOrder>0</sortOrder><standardChoiceName>CONTACT TYPE</standardChoiceName><standardChoiceValueI18NModels/><value>Billing Contact</value></standardChoiceValue><standardChoiceValue refId="7@StandardChoiceValueModel"><sequenceNBR>4605</sequenceNBR><serviceProviderCode>PORTCHESTER</serviceProviderCode><auditModel><auditDate>2019-06-11T09:11:22-04:00</auditDate><auditID>ADMIN</auditID><auditStatus>I</auditStatus></auditModel><description>Transaction</description><resId>51433</resId><sortOrder>0</sortOrder><standardChoiceName>CONTACT TYPE</standardChoiceName><standardChoiceValueI18NModels/><value>Business Owner</value></standardChoiceValue><standardChoiceValue refId="8@StandardChoiceValueModel"><sequenceNBR>104581676</sequenceNBR><serviceProviderCode>PORTCHESTER</serviceProviderCode><auditModel><auditDate>2019-06-11T09:11:22-04:00</auditDate><auditID>ADMIN</auditID><auditStatus>I</auditStatus></auditModel><description>Transaction</description><resId>51434</resId><sortOrder>0</sortOrder><standardChoiceName>CONTACT TYPE</standardChoiceName><standardChoiceValueI18NModels/><value>Contact</value></standardChoiceValue><standardChoiceValue refId="9@StandardChoiceValueModel"><sequenceNBR>104581677</sequenceNBR><serviceProviderCode>PORTCHESTER</serviceProviderCode><auditModel><auditDate>2019-06-11T09:11:22-04:00</auditDate><auditID>ADMIN</auditID><auditStatus>I</auditStatus></auditModel><description>Transaction</description><resId>51435</resId><sortOrder>0</sortOrder><standardChoiceName>CONTACT TYPE</standardChoiceName><standardChoiceValueI18NModels/><value>Developer</value></standardChoiceValue><standardChoiceValue refId="10@StandardChoiceValueModel"><sequenceNBR>7379</sequenceNBR><serviceProviderCode>PORTCHESTER</serviceProviderCode><auditModel><auditDate>2019-06-11T09:11:22-04:00</auditDate><auditID>ADMIN</auditID><auditStatus>I</auditStatus></auditModel><description>Transaction</description><resId>51436</resId><sortOrder>0</sortOrder><standardChoiceName>CONTACT TYPE</standardChoiceName><standardChoiceValueI18NModels/><value>Director</value></standardChoiceValue><standardChoiceValue refId="11@StandardChoiceValueModel"><sequenceNBR>7380</sequenceNBR><serviceProviderCode>PORTCHESTER</serviceProviderCode><auditModel><auditDate>2019-06-11T09:11:22-04:00</auditDate><auditID>ADMIN</auditID><auditStatus>I</auditStatus></auditModel><description>Reference</description><resId>51438</resId><sortOrder>0</sortOrder><standardChoiceName>CONTACT TYPE</standardChoiceName><standardChoiceValueI18NModels/><value>Individual</value></standardChoiceValue><standardChoiceValue refId="12@StandardChoiceValueModel"><sequenceNBR>104581707</sequenceNBR><serviceProviderCode>PORTCHESTER</serviceProviderCode><auditModel><auditDate>2019-06-11T09:11:22-04:00</auditDate><auditID>ADMIN</auditID><auditStatus>I</auditStatus></auditModel><description>Transaction</description><sortOrder>0</sortOrder><standardChoiceName>CONTACT TYPE</standardChoiceName><standardChoiceValueI18NModels/><value>Tenant</value></standardChoiceValue><standardChoiceValue refId="13@StandardChoiceValueModel"><sequenceNBR>104581764</sequenceNBR><serviceProviderCode>PORTCHESTER</serviceProviderCode><auditModel><auditDate>2019-06-11T09:11:22-04:00</auditDate><auditID>ADMIN</auditID><auditStatus>I</auditStatus></auditModel><description>Transaction</description><sortOrder>0</sortOrder><standardChoiceName>CONTACT TYPE</standardChoiceName><standardChoiceValueI18NModels/><value>Attorney</value></standardChoiceValue><standardChoiceValue refId="14@StandardChoiceValueModel"><sequenceNBR>104581765</sequenceNBR><serviceProviderCode>PORTCHESTER</serviceProviderCode><auditModel><auditDate>2019-06-11T09:11:22-04:00</auditDate><auditID>ADMIN</auditID><auditStatus>I</auditStatus></auditModel><description>Transaction</description><sortOrder>0</sortOrder><standardChoiceName>CONTACT TYPE</standardChoiceName><standardChoiceValueI18NModels/><value>Shareholder</value></standardChoiceValue><standardChoiceValue refId="15@StandardChoiceValueModel"><sequenceNBR>104581766</sequenceNBR><serviceProviderCode>PORTCHESTER</serviceProviderCode><auditModel><auditDate>2019-06-11T09:11:22-04:00</auditDate><auditID>ADMIN</auditID><auditStatus>I</auditStatus></auditModel><description>Transaction</description><sortOrder>0</sortOrder><standardChoiceName>CONTACT TYPE</standardChoiceName><standardChoiceValueI18NModels/><value>Officer</value></standardChoiceValue><standardChoiceValue refId="16@StandardChoiceValueModel"><sequenceNBR>104581704</sequenceNBR><serviceProviderCode>PORTCHESTER</serviceProviderCode><auditModel><auditDate>2019-06-11T09:11:22-04:00</auditDate><auditID>ADMIN</auditID><auditStatus>I</auditStatus></auditModel><description>Transaction</description><sortOrder>0</sortOrder><standardChoiceName>CONTACT TYPE</standardChoiceName><standardChoiceValueI18NModels/><value>License Holder</value></standardChoiceValue><standardChoiceValue refId="17@StandardChoiceValueModel"><sequenceNBR>104593109</sequenceNBR><serviceProviderCode>PORTCHESTER</serviceProviderCode><auditModel><auditDate>2019-06-11T09:11:22-04:00</auditDate><auditID>ADMIN</auditID><auditStatus>I</auditStatus></auditModel><description>Transaction</description><sortOrder>0</sortOrder><standardChoiceName>CONTACT TYPE</standardChoiceName><standardChoiceValueI18NModels/><value>Pet Owner</value></standardChoiceValue><standardChoiceValue refId="18@StandardChoiceValueModel"><sequenceNBR>104593110</sequenceNBR><serviceProviderCode>PORTCHESTER</serviceProviderCode><auditModel><auditDate>2019-06-11T09:11:22-04:00</auditDate><auditID>ADMIN</auditID><auditStatus>I</auditStatus></auditModel><description>Transaction</description><sortOrder>0</sortOrder><standardChoiceName>CONTACT TYPE</standardChoiceName><standardChoiceValueI18NModels/><value>Veterinarian</value></standardChoiceValue><standardChoiceValue refId="19@StandardChoiceValueModel"><sequenceNBR>104594243</sequenceNBR><serviceProviderCode>PORTCHESTER</serviceProviderCode><auditModel><auditDate>2019-06-11T09:11:22-04:00</auditDate><auditID>ADMIN</auditID><auditStatus>I</auditStatus></auditModel><description>Transaction</description><sortOrder>0</sortOrder><standardChoiceName>CONTACT TYPE</standardChoiceName><standardChoiceValueI18NModels/><value>Sponsoring Organization</value></standardChoiceValue><standardChoiceValue refId="20@StandardChoiceValueModel"><sequenceNBR>104581706</sequenceNBR><serviceProviderCode>PORTCHESTER</serviceProviderCode><auditModel><auditDate>2019-06-11T09:11:22-04:00</auditDate><auditID>ADMIN</auditID><auditStatus>I</auditStatus></auditModel><description>Transaction</description><sortOrder>0</sortOrder><standardChoiceName>CONTACT TYPE</standardChoiceName><standardChoiceValueI18NModels/><value>Hearing Body Member</value></standardChoiceValue><standardChoiceValue refId="21@StandardChoiceValueModel"><sequenceNBR>104594264</sequenceNBR><serviceProviderCode>PORTCHESTER</serviceProviderCode><auditModel><auditDate>2019-06-11T09:11:22-04:00</auditDate><auditID>ADMIN</auditID><auditStatus>I</auditStatus></auditModel><description>Transaction</description><sortOrder>0</sortOrder><standardChoiceName>CONTACT TYPE</standardChoiceName><standardChoiceValueI18NModels/><value>Insurance Agency</value></standardChoiceValue><standardChoiceValue refId="22@StandardChoiceValueModel"><sequenceNBR>105213325</sequenceNBR><serviceProviderCode>PORTCHESTER</serviceProviderCode><auditModel><auditDate>2019-06-11T09:11:22-04:00</auditDate><auditID>ADMIN</auditID><auditStatus>I</auditStatus></auditModel><description>Transaction</description><standardChoiceName>CONTACT TYPE</standardChoiceName><standardChoiceValueI18NModels/><value>Facility Contact</value></standardChoiceValue><standardChoiceValue refId="23@StandardChoiceValueModel"><sequenceNBR>105213326</sequenceNBR><serviceProviderCode>PORTCHESTER</serviceProviderCode><auditModel><auditDate>2019-06-11T09:11:22-04:00</auditDate><auditID>ADMIN</auditID><auditStatus>I</auditStatus></auditModel><description>Transaction</description><standardChoiceName>CONTACT TYPE</standardChoiceName><standardChoiceValueI18NModels/><value>Manager</value></standardChoiceValue><standardChoiceValue refId="24@StandardChoiceValueModel"><sequenceNBR>105213327</sequenceNBR><serviceProviderCode>PORTCHESTER</serviceProviderCode><auditModel><auditDate>2019-06-11T09:11:22-04:00</auditDate><auditID>ADMIN</auditID><auditStatus>I</auditStatus></auditModel><description>Transaction</description><standardChoiceName>CONTACT TYPE</standardChoiceName><standardChoiceValueI18NModels/><value>Facility Owner</value></standardChoiceValue><standardChoiceValue refId="25@StandardChoiceValueModel"><sequenceNBR>105213328</sequenceNBR><serviceProviderCode>PORTCHESTER</serviceProviderCode><auditModel><auditDate>2019-06-11T09:11:22-04:00</auditDate><auditID>ADMIN</auditID><auditStatus>I</auditStatus></auditModel><description>Transaction</description><standardChoiceName>CONTACT TYPE</standardChoiceName><standardChoiceValueI18NModels/><value>Accounts Receivable</value></standardChoiceValue><standardChoiceValue refId="26@StandardChoiceValueModel"><sequenceNBR>105213329</sequenceNBR><serviceProviderCode>PORTCHESTER</serviceProviderCode><auditModel><auditDate>2019-06-11T09:11:22-04:00</auditDate><auditID>ADMIN</auditID><auditStatus>I</auditStatus></auditModel><description>Transaction</description><standardChoiceName>CONTACT TYPE</standardChoiceName><standardChoiceValueI18NModels/><value>Certified Food Handler</value></standardChoiceValue><standardChoiceValue refId="27@StandardChoiceValueModel"><sequenceNBR>105213330</sequenceNBR><serviceProviderCode>PORTCHESTER</serviceProviderCode><auditModel><auditDate>2019-06-11T09:11:22-04:00</auditDate><auditID>ADMIN</auditID><auditStatus>I</auditStatus></auditModel><description>Transaction</description><standardChoiceName>CONTACT TYPE</standardChoiceName><standardChoiceValueI18NModels/><value>Commissary</value></standardChoiceValue><standardChoiceValue refId="28@StandardChoiceValueModel"><sequenceNBR>105213331</sequenceNBR><serviceProviderCode>PORTCHESTER</serviceProviderCode><auditModel><auditDate>2019-06-11T09:11:22-04:00</auditDate><auditID>ADMIN</auditID><auditStatus>I</auditStatus></auditModel><description>Transaction</description><standardChoiceName>CONTACT TYPE</standardChoiceName><standardChoiceValueI18NModels/><value>Designer / Contractor</value></standardChoiceValue><standardChoiceValue refId="29@StandardChoiceValueModel"><sequenceNBR>105213332</sequenceNBR><serviceProviderCode>PORTCHESTER</serviceProviderCode><auditModel><auditDate>2019-06-11T09:11:22-04:00</auditDate><auditID>ADMIN</auditID><auditStatus>I</auditStatus></auditModel><description>Transaction</description><standardChoiceName>CONTACT TYPE</standardChoiceName><standardChoiceValueI18NModels/><value>Designer</value></standardChoiceValue><standardChoiceValue refId="30@StandardChoiceValueModel"><sequenceNBR>105213333</sequenceNBR><serviceProviderCode>PORTCHESTER</serviceProviderCode><auditModel><auditDate>2019-06-11T09:11:22-04:00</auditDate><auditID>ADMIN</auditID><auditStatus>I</auditStatus></auditModel><description>Transaction</description><standardChoiceName>CONTACT TYPE</standardChoiceName><standardChoiceValueI18NModels/><value>Permit Holder</value></standardChoiceValue><standardChoiceValue refId="31@StandardChoiceValueModel"><sequenceNBR>104581708</sequenceNBR><serviceProviderCode>PORTCHESTER</serviceProviderCode><auditModel><auditDate>2019-06-11T09:11:22-04:00</auditDate><auditID>ADMIN</auditID><auditStatus>I</auditStatus></auditModel><description>Transaction</description><sortOrder>0</sortOrder><standardChoiceName>CONTACT TYPE</standardChoiceName><standardChoiceValueI18NModels/><value>Complainant</value></standardChoiceValue><standardChoiceValue refId="32@StandardChoiceValueModel"><sequenceNBR>104581709</sequenceNBR><serviceProviderCode>PORTCHESTER</serviceProviderCode><auditModel><auditDate>2019-06-11T09:11:22-04:00</auditDate><auditID>ADMIN</auditID><auditStatus>I</auditStatus></auditModel><description>Transaction</description><sortOrder>0</sortOrder><standardChoiceName>CONTACT TYPE</standardChoiceName><standardChoiceValueI18NModels/><value>Respondent</value></standardChoiceValue></standardChoiceValueModels><type>SystemSwitch</type><valueSize>0</valueSize></standardChoice>
<standardChoice refId="1@StandardChoiceModel"><name>DOCUMENT STATUS</name><serviceProviderCode>PORTCHESTER</serviceProviderCode><auditModel><auditDate>2013-04-09T15:18:56-04:00</auditDate><auditID>ADMIN</auditID><auditStatus>A</auditStatus></auditModel><description>This Standard Choice defines a document status  group. Each document status group can have several values, each value representing a document status. #EDR</description><standardChoiceValueModels><standardChoiceValue refId="2@StandardChoiceValueModel"><sequenceNBR>104592486</sequenceNBR><serviceProviderCode>PORTCHESTER</serviceProviderCode><auditModel><auditDate>2013-04-09T15:18:56-04:00</auditDate><auditID>ADMIN</auditID><auditStatus>A</auditStatus></auditModel><standardChoiceName>DOCUMENT STATUS</standardChoiceName><standardChoiceValueI18NModels/><value>Review Complete</value></standardChoiceValue><standardChoiceValue refId="3@StandardChoiceValueModel"><sequenceNBR>104592482</sequenceNBR><serviceProviderCode>PORTCHESTER</serviceProviderCode><auditModel><auditDate>2013-04-09T15:18:56-04:00</auditDate><auditID>ADMIN</auditID><auditStatus>A</auditStatus></auditModel><standardChoiceName>DOCUMENT STATUS</standardChoiceName><standardChoiceValueI18NModels/><value>Uploaded</value></standardChoiceValue><standardChoiceValue refId="4@StandardChoiceValueModel"><sequenceNBR>104592483</sequenceNBR><serviceProviderCode>PORTCHESTER</serviceProviderCode><auditModel><auditDate>2013-04-09T15:18:56-04:00</auditDate><auditID>ADMIN</auditID><auditStatus>A</auditStatus></auditModel><standardChoiceName>DOCUMENT STATUS</standardChoiceName><standardChoiceValueI18NModels/><value>In Review</value></standardChoiceValue><standardChoiceValue refId="5@StandardChoiceValueModel"><sequenceNBR>104592484</sequenceNBR><serviceProviderCode>PORTCHESTER</serviceProviderCode><auditModel><auditDate>2013-04-09T15:18:56-04:00</auditDate><auditID>ADMIN</auditID><auditStatus>A</auditStatus></auditModel><standardChoiceName>DOCUMENT STATUS</standardChoiceName><standardChoiceValueI18NModels/><value>Returned for Revision</value></standardChoiceValue><standardChoiceValue refId="6@StandardChoiceValueModel"><sequenceNBR>104592485</sequenceNBR><serviceProviderCode>PORTCHESTER</serviceProviderCode><auditModel><auditDate>2013-04-09T15:18:56-04:00</auditDate><auditID>ADMIN</auditID><auditStatus>A</auditStatus></auditModel><standardChoiceName>DOCUMENT STATUS</standardChoiceName><standardChoiceValueI18NModels/><value>Resubmitted</value></standardChoiceValue></standardChoiceValueModels><type>DocStatus</type><valueSize>0</valueSize></standardChoice>
<standardChoice refId="1@StandardChoiceModel"><name>DOCUMENT REVIEW STATUS</name><serviceProviderCode>PORTCHESTER</serviceProviderCode><auditModel><auditDate>2013-04-09T15:21:50-04:00</auditDate><auditID>ADMIN</auditID><auditStatus>A</auditStatus></auditModel><description>This Standard Choice defines a document  review status group. Each document review  status group can have several values, each  value representing a document review status.  A document type can be associated with a  document review status group. #EDR</description><standardChoiceValueModels><standardChoiceValue refId="2@StandardChoiceValueModel"><sequenceNBR>104592481</sequenceNBR><serviceProviderCode>PORTCHESTER</serviceProviderCode><auditModel><auditDate>2013-04-09T15:21:50-04:00</auditDate><auditID>ADMIN</auditID><auditStatus>A</auditStatus></auditModel><standardChoiceName>DOCUMENT REVIEW STATUS</standardChoiceName><standardChoiceValueI18NModels/><value>Approved</value></standardChoiceValue><standardChoiceValue refId="3@StandardChoiceValueModel"><sequenceNBR>104592479</sequenceNBR><serviceProviderCode>PORTCHESTER</serviceProviderCode><auditModel><auditDate>2013-04-09T15:21:50-04:00</auditDate><auditID>ADMIN</auditID><auditStatus>A</auditStatus></auditModel><standardChoiceName>DOCUMENT REVIEW STATUS</standardChoiceName><standardChoiceValueI18NModels/><value>Approved with Comments</value></standardChoiceValue><standardChoiceValue refId="4@StandardChoiceValueModel"><sequenceNBR>104592480</sequenceNBR><serviceProviderCode>PORTCHESTER</serviceProviderCode><auditModel><auditDate>2013-04-09T15:21:50-04:00</auditDate><auditID>ADMIN</auditID><auditStatus>A</auditStatus></auditModel><standardChoiceName>DOCUMENT REVIEW STATUS</standardChoiceName><standardChoiceValueI18NModels/><value>Revisions Required</value></standardChoiceValue></standardChoiceValueModels><type>DocReviewStatus</type><valueSize>0</valueSize></standardChoice>
<standardChoice refId="1@StandardChoiceModel"><name>FILE_REVIEW_STATUS</name><serviceProviderCode>PORTCHESTER</serviceProviderCode><auditModel><auditDate>2016-06-06T19:48:40-04:00</auditDate><auditID>JPLAISTED</auditID><auditStatus>A</auditStatus></auditModel><description>Document Review Status type, each with a unique Standard Choice name. The Standard Choice names are the document review status group names. #EDR</description><standardChoiceValueModels><standardChoiceValue refId="2@StandardChoiceValueModel"><sequenceNBR>105214451</sequenceNBR><serviceProviderCode>PORTCHESTER</serviceProviderCode><auditModel><auditDate>2016-06-06T19:48:40-04:00</auditDate><auditID>JPLAISTED</auditID><auditStatus>A</auditStatus></auditModel><resId>104596414</resId><standardChoiceName>FILE_REVIEW_STATUS</standardChoiceName><standardChoiceValueI18NModels/><value>Approved</value></standardChoiceValue><standardChoiceValue refId="3@StandardChoiceValueModel"><sequenceNBR>105214452</sequenceNBR><serviceProviderCode>PORTCHESTER</serviceProviderCode><auditModel><auditDate>2016-06-06T19:48:40-04:00</auditDate><auditID>JPLAISTED</auditID><auditStatus>A</auditStatus></auditModel><resId>104596415</resId><standardChoiceName>FILE_REVIEW_STATUS</standardChoiceName><standardChoiceValueI18NModels/><value>Approved with Comments</value></standardChoiceValue><standardChoiceValue refId="4@StandardChoiceValueModel"><sequenceNBR>105214453</sequenceNBR><serviceProviderCode>PORTCHESTER</serviceProviderCode><auditModel><auditDate>2016-06-06T19:48:40-04:00</auditDate><auditID>JPLAISTED</auditID><auditStatus>A</auditStatus></auditModel><resId>104596416</resId><standardChoiceName>FILE_REVIEW_STATUS</standardChoiceName><standardChoiceValueI18NModels/><value>Pending</value></standardChoiceValue></standardChoiceValueModels><type>DocReviewStatus</type><valueSize>0</valueSize></standardChoice>
</list>